X,Y,NAME
449446.2428,1203347.941,Burn of Riggadale
447661.749,1202580.734,Burn of Wirwick Glen
448852.3677,1205352.581,Burn of Grudale
449826.6112,1201554.428,Burn of Amframires
447938.973,1202674.135,Burn of Blackies Glen
448183.8509,1202903.908,Burn of Midge Glen
448814.1541,1200817.066,Burn of Rimminamartha
449367.6786,1204868.313,North Neaps
447664.5107,1205055.793,Grey Stack
448372.6602,1205506.447,Ham of Grudale
448074.5845,1205244.633,Robis Stack
447750.3237,1203355.876,Burgi Geos
447711.9821,1204784.483,Aastack Geo
448489.7986,1206074.116,Gloup Holm
449944.1378,1203419.648,Hill of Bakkanalee
447884.9254,1205148.101,Bagi Stack
447713.6961,1204426.579,Aastack
448131.878,1204215.048,Geo of Vigon
447457.8529,1201657.718,Markamouth
447541.6579,1204944.81,Sula Stack
448240.0135,1205393.742,The Quidin
448768.3254,1206011.107,Eagle Stack
447569.8119,1201542.66,Geo of Markamouth
448285.0361,1202304.589,Hill of Markamouth
447890.9965,1204313.7,Croga Stack
448264.9223,1206073.956,Whilkie Stack
449206.9349,1202635.3,Knowe of Houllanginga
448994.8846,1202958.102,Hill of Vigon
448503.5919,1201396.891,Grud Waters
449121.539,1201307.89,Fugla Water
456944.1953,1205256.024,Westing
459835.2149,1201207.693,Uyeasound
454153.3685,1202538.982,Cullivoe
450677.6554,1204751.076,Gloup
453845.1545,1204042.424,Greenbank
452960.6432,1204478.298,Midbrake
456468.1711,1200839.957,Belmont
458734.4361,1203515.898,Gritquoy
453582.342,1203589.712,Mid Mursetter
454265.3389,1204112.95,Papil
457729.2503,1204090.062,North House
457792.2787,1204502.942,Schoolhouse
458305.4477,1203853.466,Crosbister
457675.0686,1205727.552,The Mill
460148.6048,1208972.371,Berrybrake
458655.8904,1205359.401,Little Burn
450887.1844,1202563.81,Burn of Thistledale
452282.9972,1203883.181,Burn of Sandwater
452102.5714,1201998.568,Burn of North Swartatous
450469.9518,1200312.103,Riven Burn
459181.295,1209335.238,Burn of Serovnagill
457927.4746,1206532.125,Burn of Southerhouse
459822.462,1202642.949,Burn of Breimires
453978.0705,1201308.094,Burn of Garth
451196.2888,1200989.841,Burn of Kedillsmires
452617.4469,1202326.647,Muskra Burn
450214.7922,1204075.375,Burn of Laekadale
453789.205,1202758.89,Burn of Cullivoe
453855.5627,1202271.446,Burn of Whitradale
453109.508,1202507.147,Burn of Sinnidale
459740.1023,1207231.593,Burn of Caldback
457211.7269,1203978.265,Burn of Vinstrick
456799.181,1205578.042,Dale of Houllnan
450110.0262,1203986.017,Laeka Dale
459507.3341,1208563.35,Burn of Houllastoura
451101.8515,1202966.548,Burn of Hildigill
451018.2465,1204983.951,Burn of Whallerie
451972.8737,1203977.881,Clodi Burn
452555.8716,1203089.261,Burn of Lyusdamires
450487.3006,1201890.157,Burn of Omand's Dale
451609.9365,1204266.515,Burn of Skeldigill
453426.03,1201993.566,Burn of Virdadale
450558.7748,1202748.484,Burn of Firth
451430.3651,1201384.631,Burn of Kilanaleog
459376.3,1203542.611,Burn of Brecksie
458720.0233,1206198.347,Burn of Seagill
459194.0683,1202902.336,Burn of Small Waters
458766.676,1201035.324,Burn of Gardie
450836.1798,1203726.707,Burn of Rett
458884.871,1205844.24,Burn of Scrovnagill
458854.233,1205746.191,Burn of Gerdigill
458405.8332,1204243.256,Unst
453339.7117,1204822.655,Kirk Loch
454038.9267,1204990.439,Bay of Brough
456512.5169,1203819.797,Loch of Vigga
459781.8669,1201317.301,Easter Loch
459566.7836,1201842.076,Dam Loch
459823.8843,1206254.543,Black Loch
450397.1431,1204403.431,Gloup Voe
459410.3412,1205565.141,Loch of Watlee
454450.6003,1200582.829,Loch of Garth
456261.2206,1201039.75,Loch of Belmont
454342.0371,1203404.387,Papil Bay
457082.5693,1201739.785,Loch of Snarravoe
457822.9155,1202726.549,Loch of Stourhoull
456310.9746,1200334.93,Wick of Belmont
459900.4627,1200107.143,Cliva Skerries
451964.1127,1205484.534,Wick of Breckon
456457.4031,1204515.122,Lunda Wick
455046.9607,1202447.812,Ness of Cullivoe
450717.5983,1205334.348,Gloup Ness
451873.3197,1204552.39,Engni Field
451094.4313,1204811.559,Garths
450824.7002,1205006.868,Whallerie
452536.8251,1204984.847,Cruness
450398.3618,1205257.777,Eyegittle Stack
451532.5942,1205052.278,Hill of Brimness
452147.4275,1204717.73,Hill of Breckon
452847.4482,1205517.394,Birrier Head
452768.8193,1203799.663,Houlland Hill
450413.007,1205845.926,Point of Whack
453727.6751,1204917.022,Williams Knowe
456219.7664,1205955.225,Round Holm
456175.6809,1206400.178,Lang Holm
452146.0847,1206143.174,Rug
452160.7661,1200100.539,Tittynans Hill
450886.2338,1202312.038,Knowe of Thistledale
450370.6989,1205565.716,The Lee Stack
454414.8079,1204190.346,Papil Ness
459350.0249,1200544.455,Uyea Sound
455074.8709,1203540.971,Bluemull Sound
451540.5858,1203338.728,Sandwater Hill
453278.2846,1205834.418,North Sea
459774.3108,1210382.546,Houlland
459650.2492,1210797.691,Laggans
459718.4723,1213076.555,Smirlees Dale
458378.4306,1213311.021,North Water
459629.3021,1214334.56,Milldale Burn
459192.9704,1210266.355,Hargal Burn
459624.6102,1211957.517,Lee of Petester
458380.078,1211321.877,Mid Field
459583.2307,1216756.705,Stackins-hocka
457348.3719,1210159.535,South Holms
456952.88,1211414.834,North Holms
457776.7991,1213753.194,Stacks of Poindie
457863.2395,1214966.243,Tonga Stack
459874.8486,1217587.67,Urda Stack
459992.102,1217471.873,Flodda Stack
459958.3365,1218044.839,The Greing
457067.4663,1212713.899,South Croga Skerry
457189.0362,1212868.307,North Croga Skerry
459528.929,1216503.936,Tooa Stack
459435.6711,1216069.159,Neapna Stack
458100.1541,1210521.406,Gamli Stack
460032.0262,1217664.35,Clingra Stack
459828.6406,1216928.12,Stackingro
458018.778,1210117.072,Sinna Stack
457829.0351,1211707.869,Skate Stack
457198.3704,1212098.179,Vadament Stack
458793.3049,1210089.941,Knowe of Tronamires
457887.1383,1211069.093,Hevda Skerry
458800.8256,1214442.622,Goturm's Hole
458623.2317,1213720.165,Libbers Hill
458329.4195,1210915.696,Hevda Hill
458774.2378,1212042.961,The Hamars
458309.2069,1211666.465,Woodwick
460277.3063,1200995.995,Clivocast
460577.3414,1209084.226,Baltasound
460436.8047,1209599.38,Baliasta
463248.5257,1208092.615,Ordale
463214.8252,1200931.546,Muness
462288.7178,1207742.597,Baltasound Airfield
465833.2836,1207905.206,North Links
462844.5584,1209067.268,Buness Park
460778.0679,1201304.424,Murrister
461004.7661,1201605.251,Greenbreck
461011.4433,1202392.34,Lochside
461409.4262,1202692.817,Houlligarth
460894.0045,1205167.027,Dam Of Helliers Water
460081.629,1206217.786,Gudon
460343.6809,1207005.264,Gamligrind
460581.7586,1208316.723,Mailland
461924.3687,1200105.317,Littlegarth
462468.6016,1200155.665,Ramnageo
461849.4768,1201605.994,Hannigarth
460199.366,1209171.723,Burn of Baliasta
460040.9462,1204958.665,Burn of Watlee
460035.9992,1207750.986,Burn of Mailand
463614.1878,1207037.754,Burn of Ordale
462092.1529,1207416.535,Burn of Gerdie
461861.2512,1208242.828,Burn of Voesgarth
462332.9688,1205061.374,Colvadale
463990.8926,1208080.972,Ordale
462798.9181,1205118.538,Burn of Welbigarth
461053.5229,1204925.589,Helliers Water
463449.8932,1205849.233,Burn of Heuken
460453.217,1201468.928,Too Burn
462121.1382,1201855.852,Vall Burn
462500.4904,1206643.779,Unst
463171.951,1201806.505,Ham of Muness
462391.8753,1202189.61,Sand Wick
462860.7865,1204705.738,Scarf Skerry
464557.023,1206153.521,East Poola Stack
464912.1373,1206369.022,Huney
463555.6457,1204972.517,Stacks of Rumblie Geo
464748.981,1205811.857,Lanca Skerry
460590.4438,1200237.971,Tooa Stack
465023.4562,1209048.64,Swinna Ness
465285.3563,1207996.359,Balta Sound
461581.6664,1202371.297,Sandwick
466010.6602,1207520.985,Balta
466634.729,1204251.16,North Sea
462316.046,1212931.04,Stove
462948.4401,1211992.681,Gardie
461751.3751,1212614.774,Quoys
465929.2265,1216342.774,Skaw
464990.8035,1214159.073,Norwick
464249.2041,1213993.26,Northdale
464930.514,1212317.228,Clibberswick
463393.7516,1212629.259,Haroldswick
461501.106,1213566.822,Burrafirth
462781.4369,1212254.597,The Farm
463256.2765,1213479.685,Feall
461794.4718,1214216.478,Budabrake
464256.0339,1213848.257,North House
464556.5257,1214480.403,Houlanbrindy
460829.1991,1214241.62,Stackhoull
461406.9668,1214778.943,Shorehaven
460009.7493,1216661.271,Setter-House
463989.2013,1210479.709,Hagdale
463776.6073,1211042.212,Setters Quarry
462227.6314,1211867.218,Springpark
462229.5291,1212704.559,Stovepund
462765.495,1212969.334,Ungirsta
461286.5595,1212135.696,Mill Burn
462531.1419,1214140.921,Burn of Sulerdale
464440.9889,1213819.535,Burn of Norwick
464667.0572,1216140.874,Burn of Skaw
460009.6738,1215060.708,Hove Burn
466061.4794,1213247.006,Girr Dale
461804.0136,1210185.134,Gossa Dale
464502.2935,1216469.671,Twere Burn
461322.6208,1216951.944,Burn of Scournasdale
462676.639,1213482.81,Unst
460639.7306,1213509.664,Loch of Cliff
465954.3551,1214416.929,Nor Wick
466292.9644,1212610.821,Sula
460391.5168,1212459.744,Northsetter
462318.305,1214484.264,Buel Houll
464489.6533,1211705.033,Harold's Wick
460223.4676,1219345.205,Rumblings
460048.7473,1219026.26,Vesta Skerry
460573.8285,1219684.013,Muckle Flugga
466905.8656,1217250.256,Inner Flaess
466806.1291,1217052.934,Holm of Skaw
462926.6931,1212895.839,Ungirsta
462950.7176,1213797.652,Housi Fiel
462101.1575,1217828.704,Burra Firth
460297.8665,1216916.419,Hermaness Nature Reserve
468044.6276,1213850.768,North Sea
465359.4402,1225048.996,North Sea
