X,Y,NAME
409236.7236,609702.3789,Thrunton
405359.6057,609444.3701,Callaly
402195.214,609888.3637,Yetlington
403372.6866,606590.0722,Lorbottle
403873.023,604530.5147,Cartington
400821.7024,605457.9424,High Trewhitt
402915.099,600598.284,Great Tosson
400681.7402,602912.9898,Warton
403525.6664,601009.4808,Newtown
403854.6148,609632.3553,High Houses
405753.0954,601043.97,Whitton
402811.4985,602184.9853,Thropton
402411.7819,603381.7483,Snitter
405157.0964,600499.316,Whitton Glebe Farm
404337.4332,601280.4417,Lady's Bridge
405065.9679,600905.3389,Carterside Cottage
401217.9244,603260.3341,Westfield
401144.1377,604208.3343,Snitter Windyside
402880.1271,603515.6548,West Chirnells Cottages
403016.7823,604095.8849,Sandylands
404470.3958,602524.2766,Brae Head
404030.5316,603063.4304,Glitteringstone
404066.5374,603996.4476,Blue Mill Cottages
408414.2667,600454.1191,Craghead
406989.5072,600822.909,Wagtail Farm
407514.1773,601113.0871,Dunkirk Lodge
406965.6537,601193.9186,Reiver's Well Cottages
407230.2712,601445.4099,Reiver's Lodge
408116.8232,601071.0401,Cragend Quarry
408816.7521,600891.1405,Cragend Farm Cottages
409842.0067,600610.3905,Healey Farm Cottage
409812.9651,601631.8032,Hope
406806.967,602334.2611,Pethfoot Lodge
406751.3544,602855.2563,Lake Cottage
407161.0745,602760.3826,Home Farm
406965.9715,603025.0852,Tumbleton Cottage
407525.1215,602174.8554,Cragside
405843.5472,603287.216,Primrose Cottage
407473.526,604249.145,Debdon Pit Cottage
409477.431,602287.501,High Linn
408768.0829,604334.3175,Debdon Whitefield
401601.5255,605066.239,Silverside Cottages
402803.7863,604805.227,Whittle Farm Cottages
403440.4735,604396.8605,Cartington Quarry
403346.0036,605615.7368,Cartington Bank Head Cottages
404575.3537,606350.3898,Sunbrough
401036.8582,607955.416,Follions Cottages
402283.3738,607079.3305,Lorbottle Steads Cottages
401323.1313,608793.7591,Greenlaw Quarry
400194.7675,604150.8328,Kennels Cottage
402966.2551,608221.8115,Tod-Le-Moor
404227.2704,607864.5036,Lorbottle Hall
403711.2994,609296.7182,Crosshill
404433.7851,608745.5404,Dancing Hall Cottages
405303.3264,608560.59,Hob's Mill
405996.2501,604475.9014,Debdon
409391.9645,606537.4504,Wandy Bridge
409827.1692,606287.6969,New Moor House
408908.8175,607291.573,Rough Castles
408809.739,608850.0527,Coeburn
408841.2796,609597.4031,Thrunton Red House
402039.3496,608847.4567,Thistleton
402026.3198,603148.1275,California Bridge
400169.6843,604677.7624,Gardeners Cottage
400720.901,606399.1047,Trewhitt Steads Cottages
401000.884,600816.6232,The White Cottage
402568.3477,601034.9779,Tosson Quarry
402179.1405,601506.5237,Ryehill Cottages
405917.0538,605034.457,Forster's Shaw Sike
405534.8056,602196.3847,Coplish Burn
402200.7764,605666.3443,Trewitt Burn
400986.0438,609257.9158,Union Burn
407008.2728,600178.9761,Pike Sike
404425.5378,601706.8305,Anton's Letch
408761.4271,602906.0095,Wolfhole Letch
400126.1779,600879.6342,Bickerton Burn
406748.2334,603193.1767,Debdon Drift
404134.8369,601013.2712,Seal Burn
400335.3118,604964.0703,Wreigh Burn
401746.6648,606723.8198,Trewhitt Burn
409258.9884,609288.8384,Coe Burn
400163.3745,607313.369,Small Burn
402815.3655,604003.6217,Back Burn
407315.9871,601269.9753,The Thrum
406536.9473,603178.6075,Black Burn
403746.5419,606455.7053,Lorbottle Burn
403285.7938,600415.7873,Routing Burn
409232.6757,606207.7268,Wandy Burn
406139.2418,600328.8432,Whitton Burn
401701.6731,600800.2124,Chesterhope Burn
403671.9103,603795.3818,Spout Burn
406082.3197,603718.0174,Debdon Burn
407224.1527,603249.4643,Black Burn
401596.5179,603596.2637,Wreigh Burn
407076.1113,601886.8666,Debdon Burn
404832.4379,601150.8958,River Coquet
408525.4807,600520.7429,River Coquet
405105.9806,606036.5249,Hard Heugh
403918.4792,601366.637,Wolves Haugh
406378.5349,602852.9152,Debdon Lake
400340.1337,601802.6515,Haugh Covert
405192.2182,601515.7522,The Crow Trees
405136.5993,609253.2868,Tinker's Plantation
404732.5697,609373.8681,Cow Close Plantation
404191.5526,602289.2284,Bracken Wood
405206.5251,609614.4406,Calf Close Plantation
406538.7905,603851.7716,Debdon Plantation
409141.8059,602168.169,Linn Wood
400426.7622,607315.1592,Smallburn Plantation
403694.9291,603338.0161,Hadwen Wood
403984.8369,602291.1525,High Wood
407946.7538,606682.5164,Coe Crags Wood
409239.0127,601230.3638,Hope Wood
404160.9384,609270.1758,Mare Meadows Plantation
400356.5774,600361.7914,Bickerton Wood
404440.1003,601820.2208,Quarry Wood
409193.0224,608796.473,Roughley Wood
404079.6186,607999.7131,Howdean Plantation
407569.7613,603464.2142,Soulby Shiel
408412.8749,601359.0624,Hollin Shade
407444.44,607913.4996,Black Walter
407209.0765,606193.0927,Snitter Moss
404676.3133,600944.0937,Storey's Hole
405028.5936,608953.2195,Tinkler's Dene
399877.5575,601086.43,Caistron Nature Reserve
404041.8265,602060.4644,West Hills
407292.5336,607198.0616,Coe Crags
406115.9167,606863.182,Long Crag
409100.035,604687.5651,Gowk Hill
407111.6167,604715.2787,Bieldy Pike
409935.4826,600771.4087,Thorny Hill
400021.8113,608451.6625,Netherton Pike
407412.0396,609601.8459,Thrunton Crag
406196.302,609121.0351,Callaly Crag
404824.4855,601568.4229,Beggars Rigg
401442.7478,608922.8573,Green Law
408105.8479,603269.2361,Whitefield Edge
407689.1065,601991.646,Cragend Hill
407188.4384,605536.2584,Swallow Knowe
409781.9556,605436.8985,Wellhope Knowe
409938.8295,607245.0845,Serjeant Law
407525.3665,601699.507,Sea Crag
404935.2662,605247.1946,Cartington Hill
402288.671,600222.1191,Windy Crag
402565.5663,600224.8559,Simonside Hills
409419.5973,603256.914,Wolf Hole
404941.0397,602313.2123,Ship Crag
404330.1767,603757.0922,Chapel Hill
406017.7285,609791.1879,Castle Hill
405581.4318,608655.496,Hard Nab
406782.5143,603791.2791,Cragpit Hill
404236.8525,604486.3427,Spout Hill
409748.8373,602320.7474,Trough Hill
404029.6475,601756.2026,Potts' Chair
402362.9827,600482.8861,Burgh Hill
406497.465,604110.2795,Stell Crags
405598.2199,601791.8877,ROTHBURY
410079.4642,615059.7404,Titlington
406047.8867,616932.6402,Powburn
407062.8922,614526.3224,Glanton
405968.7265,617710.7874,Hedgeley
404292.4891,617084.7613,Brandon
404750.119,616231.7741,Branton
402016.4841,612700.3268,Great Ryle
401907.3887,611164.5086,Little Ryle
400405.0555,612232.0817,Prendwick
408735.6218,610850.4475,Thrunton
405638.3374,614342.2516,Glanton Pyke
408256.0409,618284.7617,Beanley
406786.7974,612019.4749,Whittingham
401610.9476,616276.8212,Ingram
408957.9431,614575.4729,Shawdon Hall Farm
408754.9432,616658.6286,Shepherds Law
410037.5648,616069.0316,Titlington Mount
407137.919,617211.8861,Hedgely Hall
407444.5274,618222.6306,Tilesheds
409349.3451,617480.978,Beanley Wood Cottage
401252.8624,619695.2452,Calder
404726.0084,619866.6386,Station Cottages
409716.4213,619845.3911,Glebe Cottage
405435.7099,613795.9396,Mile End Farm
400556.7197,610327.296,Blackchester
400512.3022,617889.7274,Reaveleyhill
401224.1243,611204.1286,Unthank
402371.1116,610760.5547,Little Ryle Quarry
406269.1195,615797.0148,Breamish Parks
402899.3558,611576.5628,Ryle Mill Cottage
404802.001,610958.773,Callaly Mains
405467.7714,610996.2721,Callaly Mill
404540.2041,611578.3036,Eslington Lowhill
402800.7317,612555.1869,Ryle Lodge
403900.2836,612028.4835,Eslington Park Cottages
404795.3418,611967.5376,East Lodge
405960.8449,612910.4563,Grange Cottages
404439.7274,613316.5396,Mile Moor
405057.4827,617664.0751,Brandon Hillhead
406521.8631,610899.7081,Whittonlea Quarry
407700.7149,611512.5368,Anvil Cottage
409750.3156,610443.2482,Learchild Farm Cottage
408579.2035,611464.161,Thrunton Mill
409532.6798,611786.2782,Thrunton Lowfield
407235.0798,612569.1656,Rothill Farm Cottages
408228.2466,611994.1016,Mount Hooley Farmhouse
408140.6951,612864.8593,Middle Barton
406732.0887,613320.2512,St Mary's Roman Catholic Church
408549.7725,613447.2754,Shawdonhill Cottage
408970.6484,612127.9261,Bridge Of Aln Hotel
408495.5703,612400.165,Barton House
409067.6986,612778.6699,South View
410036.401,612160.3221,Jockysdike Bridge
409561.8091,613954.2625,East Lodge
401264.0582,615552.3105,Ingram Hill
402241.6572,617007.4837,Reaveley
403633.5812,614910.87,Clinch
404043.5893,614509.8428,Plantation House
403520.0152,615456.9269,Fawdon Farm Cottages
404264.8256,615667.5786,Branton Buildings
404800.5419,614674.9131,Branton Middle Steads
402308.9703,617201.6549,Reaveley Cottage
401825.1927,618333.027,Reaveley Greens
401928.2211,618828.0275,Roddam Quarry
403076.1311,619017.6631,Roddam Rigg
403491.5577,617376.9258,Heddon
405490.7097,619170.14,Percy Cross
406279.7204,614709.7637,Glanton Pyke
406464.5169,615452.92,Hemmel House
407175.102,615461.1269,Glanton North Field
408240.9115,614766.7416,Glanton Station
407752.3255,615202.4995,Dean House
408254.4612,615545.4082,Shawdonwood House
403019.1925,610465.5739,Yetlington Lane
406706.197,616631.9403,Crawley Farmhouse
401704.675,610924.0736,Fanny's Burn
400813.2348,612981.1375,Rocky Burn
409316.1527,614524.7274,Shawdon Burn
402673.5718,617251.0739,Reaveley Burn
404673.0276,614443.5058,Whaupmoor Burn
405819.2903,615664.2387,Pow Burn
402141.7001,615501.2716,Fawdon Burn
403229.7475,611658.1302,River Aln
405322.9091,611158.6101,Callaly Burn
400887.6416,612038.9398,Prendwick Burn
403005.0276,612953.3801,Mere Burn
401599.703,615990.3247,Middledean Burn
400109.1706,618920.2433,Roddam Burn
407775.3381,610504.2933,Swine Burn
404175.5229,616373.8063,Branton Burn
400853.4072,616525.9321,River Breamish
406058.1678,619385.5087,Randy Burn
403830.801,616745.6533,River Breamish
407993.5363,612272.6334,River Aln
409979.1959,611284.8715,Coe Burn
407017.852,619691.3102,River Breamish
406367.4051,618124.1427,Rabbit Banks
400459.5416,614445.0396,Little Cleugh
407396.3848,617487.1056,Mugsden Burn
400959.4369,615095.9774,Burn Middledean
403050.2295,618310.0713,Barebellies Plantation
402471.0688,618059.8175,Whitridge Hill Plantation
401438.5156,619057.5131,Roddam Bog Plantation
404052.938,614388.389,Branton Plantation
402911.3226,612237.9373,Tait's Strip
404044.6598,612819.9506,Coneywarren Plantation
400973.9897,613133.9579,Quarterknowe Plantation
404761.3705,611155.6973,Gousty Gate Plantation
405022.1713,610332.2938,North Strip
404977.0182,610146.9385,Horse Close Plantation
402827.9493,611046.2845,Halfmoon Plantation
401537.0308,612006.272,Rattler Plantation
407785.5085,619873.0014,Waterside Plantation
407459.4073,618512.7737,Blackbridge Plantation
405942.998,618460.0881,Old Moor Plantation
405058.3644,619417.9254,Percy's Strip Wood
404605.0265,612732.8603,Dunce Castle Plantation
403097.3263,619413.1653,The Strip
401988.1104,619217.5831,Whaupmoss Plantation
403992.7946,613113.2613,Knowes Plantation
403381.7726,613078.6159,Milemoor Plantation
400313.4365,613140.9998,Thieves Road Plantation
400074.5637,612828.1098,Crow Plantation
408194.1263,611007.224,Mill Covert
405370.5206,610105.2245,Low Wood
403328.1836,611311.7726,Tait's Plantation
401169.2048,610732.2443,Unthank Plantation
409395.3305,619377.0515,Cockhall Strip
405782.4317,619394.6024,Percy's Cross Fox Covert
401613.1624,617960.7057,Reaveley Fox Covert
402596.7157,619235.295,Rigg Wood
407802.1911,618694.9794,Pringle's Wood
401539.287,610114.3456,Caisley Plantation
401653.4472,610462.8351,Fannysburn Plantation
400635.4703,612297.8042,March Plantation
404528.8843,610367.7736,Cabin Wood
402546.894,611732.9784,Burn Plantation
405311.2778,610339.6663,North Park Wood
408988.216,619534.3205,Great Wood
402736.244,615657.1585,Long Plantation
402141.3674,618604.231,Willow Dykes Wood
401933.9688,618534.258,St Helena Wood
403313.3198,619160.6657,Cow Wood
406664.6174,617521.4634,Ring Plantation
402584.8818,619902.5213,Buildings Clump
403987.9757,614732.6758,Taylor's Wood
402600.8662,612618.7972,Hillhead Plantation
404255.5459,612777.18,Catgallows Plantation
405398.1587,619297.2738,Percy's Cross Plantation
406541.7753,616947.4258,Long Wood
402971.7951,619812.8066,Jubilee Wood
403213.8112,619722.4534,Cushat Wood
402836.799,618803.9945,Calf Wood
402457.6703,618936.1831,Horse Close Strip
403371.5907,612814.8675,Mount Oliver Plantation
405823.6791,611096.3801,Whittingham Wood
409601.3028,617734.1196,Beanley Plantation
408930.5837,614900.2598,Shawdon Wood
409123.9924,616871.2968,Shepherdslaw Plantation
407410.72,610173.3994,Thrunton Wood
406762.0099,618641.6592,Gallow Law
407981.4482,619446.1486,Scar Brea
403949.5226,613391.6514,Mile Moor
408044.1069,614969.1655,Lincomb Dean
407503.2498,610442.8586,How Moor
400811.5849,615019.427,Middle Dean
405940.5435,618870.3171,Hedgeley Moor
409923.29,617017.6359,Beanley Moss
407123.3654,615841.8099,Crawley Dean
401230.5914,619881.2914,Calder Dean
401882.2421,614744.2082,Fawdon Dean
404058.4462,615268.5627,Dun's Knowe
403183.1482,616075.7932,East Hill
408762.0536,615949.604,Titlington Pike
402928.9374,615510.7242,Chapel Knowe
400740.5147,614062.1754,Cochrane Pike
401353.1619,614685.7569,Wether Hill
403111.0236,613299.7239,Ravens Crag
400086.0141,615588.5945,Brough Law
402455.8686,614856.3002,West Hill
400366.0493,618064.3717,Reaveley Hill
400415.6856,610154.0035,Blackchester Hill
400067.7006,610981.0727,Carter Knowe
406241.0796,610152.6658,Humbleton Hill
400192.9174,613603.558,Lumsden Hill
402205.7134,614051.2952,Old Fawdon Hill
403059.808,613632.6997,Broomycrook Knowe
403300.1041,613792.5999,Ferny Knowe
403304.9857,614272.3247,Gibb's Hill
400218.632,615447.3622,Ewe Hill
400765.3188,615517.4838,Turf Knowe
402457.0225,615380.7658,Snail Knowe
404181.3237,616070.6922,Cow Hill
402680.3705,617721.1066,Whitridge Knowe
402921.8128,617303.0202,Heddon Hill
406559.5306,614870.857,Glanton Hill
406563.105,621417.0354,Old Bewick
406738.4163,620315.3471,New Bewick
404555.6797,623628.5843,East Lilburn
402155.9083,624530.2386,Lilburn Tower
403031.1025,624939.4194,Lilburn Grange
400131.6621,624326.2395,North Middleton
404266.9311,625163.8738,Newtown
405507.2776,626050.5569,Chillingham
405688.1115,628309.1636,Chatton
407149.1193,628598.9783,Greendykes
409247.9172,620278.0322,Harehope
403331.2173,621438.2139,Roseden
400432.428,626101.4227,Haugh Head
402593.8442,620350.7427,Roddam
401770.3272,621895.0308,Ilderton
404220.2824,620515.0633,Wooperton
403443.3633,622375.9575,Lilburn Glebe
405222.9837,623907.1248,Hepburn Bell
400309.0554,628841.2056,Way To Wooler
400503.1259,628970.1346,The Steading
403322.6903,620217.5938,Old School House
401435.8142,620802.6197,Ilderton Moor
403135.9498,620901.4981,Dene Lodge
403622.8265,621438.348,Catspaw Picnic Site
403877.8424,621765.2293,Roseden Crossing
402758.4004,622981.0235,Ilderton Lodge
401948.8819,623465.9764,Station House
401885.9989,623953.8111,West Lodge
402363.4201,623450.9163,Station Cottages
403210.0871,623502.8167,Lilburn South Steads Cottages
405547.3203,622300.7352,Old Bewick Bridge Saw Mill
404878.1549,623020.0275,Keepers Cottage
407649.9359,620457.0265,New Bewick Bridge
408378.7714,620192.5624,Harehope Hall
408145.2917,620615.1393,Harehope Garden Cottages
408568.7333,620082.4543,Harehope West Lodge
406634.7538,622171.0689,Holy Trinity Church
406837.7869,622611.4811,Bewick Folly
406683.8084,624565.257,Hepburn Farm Cottages
401411.8668,625585.3793,Lilburn Hill
403442.9086,625759.1265,West Lilburn House
401459.5419,626560.2709,Cairnfold House
403840.9956,624668.8501,Hurlstone Tower
404715.2612,625167.0786,Newtown Bridge
405722.2726,625529.807,West Lodge
402044.8878,627329.0474,Fowberry Moor
400546.8108,627813.5414,Wooler Post Office Radio Station
403023.9801,627348.2514,Park House
403376.6101,627906.5522,Fowberry Mains
402302.5421,629306.8453,Clavering
404410.506,627688.2522,Broomhouse
404129.1589,628059.1369,Wandon
403809.9254,628617.5229,Newhall
405449.563,629008.3336,Henlaw
403553.5725,629405.214,Fowberry Cottages
400617.5489,627212.0676,Swallowfields
404153.305,629814.5885,Hettonburn Bridge
402494.5931,629783.6801,Heatheryhall
401704.0791,629740.4664,Weetwood Hall Cottage
409096.8773,629244.2678,Linkeylaw
408310.2646,628143.9525,Shielhope
406203.3915,627256.4499,Amersidelaw
409226.7909,624927.6431,Botany
407764.3623,620865.3318,Sheer Burn
406516.0693,626935.8244,Spindle Burn
408677.6171,621402.3748,Stock Brook
405829.8336,627400.7191,Hollow Burn
407379.8749,626108.6239,Chillingham Burn
405251.3118,623494.0322,River Till
409851.4124,620575.4439,Harehope Burn
401137.0797,623098.998,Lilburn Burn
408767.2978,628161.6712,Coalhouses Burn
406039.8408,629881.948,River Till
405997.1378,621798.1798,Kirk Burn
406707.497,628789.9728,Mill Burn
406019.8028,623117.7038,Folly Burn
408610.4726,628752.919,Hayhill Burn
404400.7054,622313.0217,Roddam Burn
405304.7467,629918.2202,River Till
402954.3768,624311.8653,Lilburn Burn
401209.0046,629463.1161,River Till
406412.8163,621009.7732,River Breamish
405959.6004,622693.5306,Folly Banks
403113.2558,624119.4671,East Banks
408160.3467,628018.2181,Shielhope Burn
408038.7751,628185.9221,Roughting Linn
401577.9899,626143.8958,Highcairn Plantation
402906.9477,629357.0851,Heathery Spinney
404153.1953,628785.8143,Newhall Plantation
403123.902,628969.6446,Bountree Plantation
402740.9111,628291.187,Threecock Plantation
403682.3199,626628.4967,Shank Plantation
401976.7422,625216.2063,Moorfoot Plantation
401557.5901,624605.5419,Dunnyswell Plantation
403990.2896,620785.7602,Catspaw Plantation
408557.694,629531.0112,Linkeylaw Plantation
404866.9632,629824.6633,Labour in Vain Plantation
407458.0633,625285.5431,Square Plantation
407008.5434,625335.5623,Bullock Hemmel Plantation
406441.4705,626105.4288,Church Wood
406790.0548,626133.4145,Moor Dam Plantation
406415.4514,625083.6254,Blind Wells Plantation
406256.794,623333.3724,Follyburn Wood
406752.8355,623818.6285,Calfclose Wood
405117.6202,620368.3847,Heater Plantation
403421.1492,629631.6122,Coalhaugh Plantation
403720.5319,629527.0301,Broadhaugh Plantation
403846.3689,629382.7266,Village Plantation
407549.5448,620632.4019,Tunnel Wood
408089.9079,620558.6103,Nurseryhill Plantation
407325.166,621312.7867,Little Hill Wood
408167.4941,620833.4736,Thains Wood
407097.4141,625478.2118,The Spinneys
409972.6975,629915.5161,Shielstead's Plantation
401738.6932,627391.1704,Ten Acre Plantation
403271.9944,629684.9645,Bruntleybrae Plantation
405989.8135,625626.505,My Lady's Plantation
402462.2555,625573.4931,North Plantation
404846.8768,629552.0386,Dickey Island Plantation
402907.5955,620008.2331,Jack Wood
402824.3871,620328.9786,Crow Wood
403349.0633,620435.9024,Craineybog Wood
403464.0533,620753.3052,Braes Wood
402911.3125,625745.9428,Pond Plantation
403498.135,628168.1782,Painty's Plantation
404838.8825,620870.6128,Bog Wood
408278.533,620789.9046,Kennel Wood
407331.1275,622904.797,Folly Wood
406187.3246,625424.2991,The Pheasantry Plantation
406744.511,625808.5734,Deer Hemmel Plantation
406084.6094,626735.7084,Longriggs Plantation
407367.376,625908.8748,My Lord's Plantation
406964.7297,626010.2918,Deer Hemel Plantation
407550.0941,625820.8868,Hart Plantation
407578.3442,625948.7853,Taylor's Plantation
407590.9457,626483.6819,Achnacarry Plantation
407645.1746,626274.6949,Sandybank Plantation
406605.6052,626836.8394,Oak Wood
407691.5286,627768.5754,Amersidelaw Hill Plantation
407675.8646,629749.7818,Northmoor Plantation
403503.5032,628849.1931,Lodge Plantation
406683.1604,625402.9637,Yaxes Plantation
407945.8987,620804.9338,Rigg Wood
409011.8515,620179.6201,Hannah's Wood
408046.8801,620242.9662,Hall Wood
408555.3683,620204.2162,Lodge Plantation
408244.1857,620015.0454,Funny-Shaped Wood
406819.9748,620929.2421,Catlaw Plantation
405110.1164,621745.9361,Pilmoor Wood
403570.5612,629257.4821,Crow Plantation
407064.3687,626274.6565,Harpsichord Plantation
403355.4918,628732.9514,Horsedean Plantation
403964.2011,628461.3074,Wandon Plantation
402556.1766,629045.2709,Simonside Plantation
402395.0285,627206.5485,Deershed Plantation
401412.4459,627070.5509,West Plantation
403254.7524,626390.2557,Howemoor Plantation
401705.9223,625877.6359,Lowcairn Plantation
401302.9022,624940.1598,Rodger's Plantation
400145.458,625264.2173,Scar Wood
402999.8398,623889.3154,School Covert
402475.7455,622839.7739,Decoy Wood
402501.6986,622499.2204,Harborough Plantation
402137.6797,622539.3414,Galloway Strip
401820.8974,622474.1928,Lindslaw Plantation
401538.0011,621616.1247,Smithy Strip
400458.9032,621804.5219,Heddon Wood
402240.2798,627940.1672,North Plantation
409413.5732,625827.2905,Ros Hill Wood
401977.2782,620143.396,Boat Wood
407140.3115,623844.2379,Hepburn Wood
405639.6303,625014.4458,Labour In Vain
403706.2911,628970.6573,Castle Hill
403576.9319,627439.356,Ferny Law
403001.1255,627499.0337,Fowberry Park
404440.8583,624399.8266,Ewe Hill
408452.5618,624836.6085,Hepburn Moor
408601.3099,627670.5871,Amersidelaw Moor
402138.0946,624404.4306,Castle Hill
405353.9604,628379.4425,Grieve's Law
406448.703,627208.9126,Ewe Hill
403247.521,629489.6667,Tippet Hill
401247.738,629929.1302,Quarry Hill
403044.1782,626548.3766,Newtown Moor
407343.4017,625674.0916,Chillingham Park
407240.6212,621620.2547,Hanging Crag
407500.4821,621571.3137,Bewick Hill
407682.41,624826.5588,Hepburn Crags
408747.7752,626351.8277,Millstone Hill
409558.4968,625961.7263,Willie Law
407443.1185,627006.1761,Kay Hill
407486.27,627620.487,Birley Hill
408370.3893,627484.3114,Whitecross Edge
407424.1319,628095.6933,Whinny Knowe
408653.9426,628604.7423,Hay Hill
407341.3759,629193.7346,Chattonpark Hill
407415.1068,629708.041,Kettiey Crag
409364.4922,627486.4233,Whinny Hill
408877.3037,620775.1678,Harehope Hill
402042.8762,620489.3841,Dob's Law
409959.5736,626633.4703,Camp Hill
403016.7859,620327.1013,Broomy Hill
406444.4538,625864.9637,Charley's Hill
408978.4489,629333.412,Linkey Law
400418.7608,620269.3516,Heddon Hill
402127.4757,621381.7625,Roseden Edge
402646.1076,620006.474,Hunter's Hill
401654.6883,627738.9868,Whitsunbank Hill
409706.5174,628719.7165,Chatton Moor
401745.3507,628409.8786,Weetwood Moor
409064.0061,621829.6285,Bewick Moor
408198.8626,638447.0434,Buckton
402854.0646,630821.9704,Horton
403439.4713,635288.3599,Hetton Steads
404194.2769,636202.6798,Holburn
401414.7125,639688.3571,Lowick
405808.425,639585.6497,East Kyloe
408476.2196,636525.9362,Detchant
400363.7881,639694.3517,Barmoor
401079.3057,636932.6973,Lowick Southmoor
400650.8496,631547.7064,Shepherds House
400574.3503,632611.9465,Doddington Quarry
400405.7509,636167.5843,Doddington North Moor Bridge
400682.3227,636999.3021,Kemping Moss Farm
400492.2378,637539.2364,Barmoor Red House
400332.2369,639230.6803,Moss Hall
404615.2151,629936.9487,Hetton House Farm
400961.2861,634655.6307,Wrangham
402967.0733,634195.3746,Hetton Law
403839.8693,633197.4268,Hetton Hall Farm Cottages
405144.4662,632753.9664,The Old School House
405312.3106,632419.98,South Hazelrigg
405874.6579,632548.5872,South Hazelrigg Farm Cottages
405547.164,632991.744,Old Hazelrigg
405779.7493,630478.6832,The Bungalow
406407.4365,631801.0509,North Lyham Farm Cottages
407654.5143,632143.2075,Roguesroad Quarry
407825.3514,634611.9716,Dick's Oldwalls
409724.3959,632270.0108,Belford Mains
409243.0355,633331.6269,Sionside
409258.3576,634235.9804,Plantation Farm
410037.7709,634576.0725,Craggy Hall Bungalow
402514.8872,635538.55,Hetton Lime Works Farm
402090.7526,635912.2816,Hetton North Farm
403293.8949,636320.7039,Laverock Law
403737.7717,635523.0397,Holburn Mill Bridge
405150.723,634913.8639,Holburn Grange
403955.9086,636609.4171,Holburn Bridge
401589.8239,637674.602,Brownridge
402559.6904,638287.0806,Shepherds House
400993.1701,638567.0902,Lowick High Stead
402898.3489,639710.2896,Lowick Low Steads
404358.9377,638374.0504,Shepherdskirk Bungalow
405414.8082,638401.1435,Dingle Bungalow
405780.3693,638799.2344,Bogle Houses
407397.5978,634818.0661,Detchant Coalhouses
406014.1663,637183.1992,Shiellow Crag
406615.6583,637062.6319,Quarry Square
407615.01,636104.4005,Greymare Farm
407529.343,636852.852,Ivy House
409289.7284,635212.7377,Head Gardener's Cottage
408294.8021,635063.0268,Swinhoe Farm
408902.8734,638512.0361,Crossing Cottage
409834.8877,639233.3464,Fenham-Le-Moor
405253.8504,631324.2724,Spylaw
409431.302,637996.0352,Smeafield Station
408023.343,639368.2009,Fenwick Stead
406243.1799,639104.5604,Blawearie
408395.0524,637215.6356,Detchant Park
408267.2813,636915.2986,Kettleburn
409537.6743,636350.1672,Detchant Lodge
407197.1001,637308.0216,Red Dykes
407065.7228,630175.7311,Allery Burn / Lyham Burn
404433.1595,636950.873,Lightfoot Burn
409678.3685,633958.8759,Belford Burn
404589.7848,635070.1239,Poplar Burn
408268.0714,638051.6438,Buckton Burn
406154.2873,639982.2881,Fenwick Burn
407016.6204,636831.7389,Kettle Burn
402151.8836,638137.4224,Stanky Burn
408852.0293,635300.8855,Middleton Burn
407871.6819,637450.7781,County Burn
403899.6711,635214.4091,Hetton Burn
402701.491,631432.3442,Horton Burn
409500.0875,637083.5727,Kettle Burn
401326.1039,636221.9555,Coal Burn
404174.9657,631249.7961,Hetton Burn
407636.1077,636640.2585,Sinton's Dene
409270.2795,636155.3245,North Heugh
407976.6427,630208.3445,Collier's Dean
409553.4391,636022.9725,South Heugh
409407.3024,634713.6472,Penny Heugh
409123.6036,636971.7168,Kettleburn Dene
403980.7298,634671.7661,Hetton Dean
405107.3284,636377.9025,Holburn Lake
407930.9867,634249.6256,Tilesheds Wood
406141.061,634185.4114,Girneynick Plantation
401417.2735,632211.5687,Kitty's Plantation
407705.2219,634733.2032,Dick's Spinny
404910.1797,635009.8907,Grange Wood
409986.7614,637348.0699,Railway Plantation
402094.9207,635649.9277,Quarry Wood
401162.1493,634217.204,The Beech Strip
408477.9857,639047.2186,Broomyknowes Plantation
402993.4837,636457.6484,Shirland Strip
408679.8402,635143.161,Swinhoe Strip
407293.174,634545.3417,Dick's Oldwalls Wood
404619.5905,635233.4267,Topboot Wood
406696.4608,636335.4644,Gillam's Plantation
404570.2895,635618.4535,St Cuthbert's Grove
409884.1273,630074.7017,Shielsteads Plantation
408264.8516,630373.7874,Crag Plantation
404661.7922,630141.4291,Pond Plantation
403765.3553,636496.0419,Finis Wood
402450.1424,637174.272,Poachers Wood
402725.6258,636698.7849,Percy's Well Strip
402500.9463,635458.7385,Limeworks Plantation
401891.314,636094.6431,Cross Roads Covert
402716.9025,630015.2857,Lady's Plantation
407571.098,637340.03,Hindhaugh's Planting
409618.8733,631700.6982,Westlodge Plantations
407313.9665,634035.927,Kiln Wood
405914.9765,635060.4763,St Cuthbert's Cave Wood
405316.9081,633888.7199,Mill Race Plantation
409454.4295,631202.4794,Northmoor Plantation
409924.918,630780.7436,Black Plantation
405161.9416,634087.2326,Horse Wood
408701.3705,630739.55,Lyham Moor Plantation
408705.3802,630274.9601,Redhouses Wood
404693.2198,631293.0904,Snipy Plantation
403594.8604,637614.9211,North Wood
403329.1224,637063.7364,Oxclose Strip
403160.1911,637481.431,Blackcock Wood
402764.5022,637345.9179,Keepers Wood
404328.4468,635212.0716,Bootjack Wood
404286.4932,630575.0478,Quarry Plantation
401290.6264,630779.9688,West Plantation
408767.5009,637353.7749,Park Wood
406392.359,636575.2,Robbie's Wood
406156.0303,637597.7798,Detchant Strip
407315.3026,635397.9584,Virgin Hill Wood
408748.0666,634300.4991,Coal Wood
409307.7016,635068.7726,Square Wood
405904.3272,638180.3605,Old Wood
406952.0163,639079.2713,Fenwick Wood
405803.6109,637063.1146,Shiellow Wood
406706.9254,636665.4007,Detchant Wood
407249.6334,637024.8894,Big Square East
406775.5224,636972.1983,Wilderness
406406.4189,637138.7395,Naboth
407776.8394,637221.8272,Laidler's Tail
405068.8585,638421.0114,Kyloe Wood
407487.6433,639711.5844,Bamburgh Hill
407642.8406,638382.946,Pace Hill
406671.3994,637835.5182,Buckton Moor
406825.7866,638025.8023,Barty's Law
406301.8515,634787.556,Cockenheugh
403784.3072,633026.2241,Town Hill
401451.601,638074.7747,Stanky Moor
403082.6802,629979.2279,Mains Hill
409990.8589,634787.8126,Madgehole Crag
409321.8369,634882.4043,Sunnyside Crag
408976.9302,633641.3543,Blagdon Dean
403377.4192,638883.5749,Nagup Dean
402693.2087,630598.5904,Chimney Hill
407242.1825,636193.0946,Greymare Stone
409588.6478,639943.4024,Lowmoor Point
406151.8754,636906.1952,Naboth West
407033.0113,636975.3388,Big Square West
409136.6891,631091.0912,Newlands North Moor
404447.3181,638543.7358,Shepherdskirk
407460.6177,635643.0612,Swinhoe Crags
409675.1907,634787.4456,Sunnyside Hill
405139.0745,637496.2043,Shiellow Craggs
404788.7382,638495.9424,Dues Heugh
404862.2625,638978.4686,Kyloe Hills
407072.2986,632143.6989,Ravens Crag
405441.2707,635928.1478,Greensheen Hill
408744.0367,634705.9941,Weetside Crag
408799.1112,635450.2808,Henshopelaw
409303.5908,634382.5038,Juniper Hill
405576.1189,637386.0246,Little Shiellow Craggs
405963.3911,633287.5237,Shop Hill
405000.3572,636775.7011,Little Rabbit Hill
404995.0941,636534.5279,Copsey Hill
405992.4094,636457.7075,Dow Crag
406224.2871,636695.4737,Hunter's Crags
403939.2076,636135.4927,Smithy Hill
404128.7175,637392.3241,Catton Ridge
401758.006,630588.8435,Broomy Knowe
400485.9891,631692.5702,Dod Law
403452.0089,631599.6751,Mealkail Knowe
403302.2299,633819.935,White Law
402056.856,634687.5384,Bill Law
401354.8135,635353.4353,Hare Crags
400621.2122,639664.6962,Cross Hills
404361.0385,639891.1996,Ewe Hill
407225.4123,631029.8129,Rye Hill
406385.7068,633453.3321,Dancing Green Hill
409068.4994,633150.781,Whinny Hill
406849.839,635546.4994,Fawcet Hill
407354.8137,635250.6872,Virgin Hill
407853.2756,635533.107,Cat Crag
404856.5608,636686.5156,Raven's Crag
405022.229,637023.9023,Rabbit Hill
405247.0115,638486.2128,Fine Hill
405872.1559,638368.1699,Uffa Hill
400865.2983,632040.0253,Doddington Moor
401941.566,632350.8538,Horton Moor
403861.1054,638368.6311,West Flat
404561.5,638259.375,Black Heddon
404321.7807,638866.4495,Kyloe Crag
407585.7061,630829.8809,Holy Rock
408287.8955,632562.222,Belford Moor
407872.8696,631291.7839,Lyham Moor
402780.7072,646402.4691,Cheswick
406085.1216,642689.3413,Beal
400127.8502,645163.839,Ancroft
400789.0168,649323.7861,Scremerston
406753.4286,639975.4367,Fenwick
403673.4542,643653.0582,Haggerston
405486.6964,642053.0719,West Mains
404981.2946,640310.0466,West Kyloe
400576.5669,643214.8828,Berrington
405812.3781,645122.4008,Goswick
408702.4668,640704.4458,Fenham
402862.2952,640289.5462,Lowick New Bridge
401662.5771,648978.2692,Inlandpasture
402155.1191,649461.8595,Scremerston Station
400857.5678,644703.0998,Dick's Folly Cottage
400510.1882,640874.3254,Dolls House
399905.9923,641904.6674,Bowsden Bridge
400495.887,645978.1109,Nabhill Bridge
400534.7321,646103.0465,Nabhill
400363.393,646901.6207,Petersville
400738.4649,647409.2493,Scremerston Hill Farm
400836.4733,640057.1548,Eelwell
402946.2611,640872.3508,Hunting Hall
400879.2866,641303.268,Old Dryburn
401577.9341,641484.6562,Lickar Lea
401667.2056,641870.9442,Lickar Dean Bridge
402144.8949,641698.4637,Lowick Mill
404294.9387,640480.4962,Kyloe Quarry
403735.1675,640673.9314,Heather Cottage
404242.2963,640839.4463,Kyloe Cottage
404718.8606,640390.9014,Kyloe Mill
405555.7906,640771.6007,Cockleman's Quarry
403914.6668,641389.9574,Kentstone Cottages
403514.2398,642265.9164,Lowlynn Cottages
404039.8247,641865.0552,Market Gardens
404593.75,641746.02,Glebe Hill Cottage
405678.2858,641426.8919,Mount Hooley
401290.8554,642710.0382,Linkeylea Quarry
401291.4942,644157.8475,Berryburn Cottage
401967.0175,644927.2882,Ancroft Tilesheds Bridge
402677.2811,644068.9759,Bridge Mill Cottages
403142.8411,644786.556,Broomhouse Farm
404184.5643,642943.5445,Haggerston Bridge
404521.6129,642565.2879,Low Lynn Lodge
404163.4441,644017.0132,Haggerston Castle Caravan Park
407210.7697,640339.6947,Fenwick Granary
406085.6257,641384.2915,Plantation Cottage
406914.3616,641078.0412,Fenhamhill
406085.0196,643502.7117,Brock Mill Farm
406932.6975,644826.9721,Goswick Links
401000.7067,645082.6999,East Ancroft
401948.9966,645654.4603,The Old Farmhouse
401345.5657,646697.4003,Cat Farm Bungalow
404201.6858,645530.2859,Windmill Hill
405501.177,645540.5556,Cheswick Links
405372.1389,645752.1138,Berwick Upon Tweed Golf Course
403928.16,646426.54,Dowie House
401702.4649,648024.6746,Scremerston Town Farm
401131.7791,648561.6782,Woodside Cottage
404573.2014,641033.2324,Dean Burn
402031.226,648211.3821,Doupster Burn
409993.622,640753.122,Mill Burn
401400.6755,643636.4567,Berry Burn
407297.914,642161.3442,Beal Cast
408761.3846,640104.2072,Fenham Burn
400599.5695,641017.4153,Dry Burn
400705.8789,641871.033,Bowsden Burn
401491.916,645311.5527,Allerdeanmill Burn
406897.0367,640773.3183,Willow Bank
402784.3462,640826.2758,The Low
401095.5122,648133.6971,Doupster Burn Wood
400288.5634,642523.741,Whittle Hill Plantation
406039.9015,641275.5941,Islay Hill Plantation
400768.5639,647190.8399,Oxford Wood
404738.0913,640336.4833,Mill Plantation
404218.0364,643873.0551,Slaughter House Plantation
402866.4795,641286.6908,Threapmoor Plantation
400710.9644,647515.2718,East Hill Wood
400323.8992,647491.4553,West Hill Wood
404035.362,640533.0855,Thrumblehill Wood
405199.3726,644022.9964,Fisher's Close Plantation
400979.7784,649245.4533,Restoration Wood
402010.2542,648344.8058,Town Wood
401059.5247,648314.7053,Old Colliery Wood
404560.3943,644122.2421,Milkhouse Plantation
401736.3446,643310.3179,Barteyshill Plantation
401708.8666,647061.3177,South Town Wood
400563.3749,648209.7008,Square Wood
401973.9937,643631.8252,High Plantation
406766.4176,640547.2612,Bog Wood
402730.6919,648072.8286,Cockley Burn Wood
402301.5879,647063.5417,Cheswick Strip
408426.4902,641398.4714,The Cages
405148.6384,642980.9414,Belly Flats
403486.2264,648157.3706,Middle Skerr
403249.2649,648339.6468,Far Skerr
408689.6044,641240.6579,Common Slap
404331.1236,644244.1192,North Low
401271.5285,642192.3239,Jack's Knowe
405343.7323,640955.703,Mount Hooley Dean
408942.886,641743.5119,Beal Sands
403873.6473,647520.6834,Cheswick Black Rocks
402480.0665,649191.9998,Saltpan Rocks
404272.0352,640339.9929,Thrumble Hill
403786.9778,643169.0048,South Side Fields
404522.7954,645653.8302,Windmill Hill
401506.9868,644909.3722,Dam Dales
404856.8952,641624.0643,Glebe Hill
404695.0627,646253.7026,Cheswick Links
407561.3637,643824.2148,Goswick Links
401976.6101,641970.686,Lickar Dean
405364.1192,646260.3883,Cheswick Sands
406045.3545,640064.7012,West Moor
407044.8403,644726.7401,Goswick Sands
409539.3571,642582.7414,Holy Island Sands
406084.8468,641667.8431,South Low
406689.5378,648172.9939,North Sea
400328.7867,650387.0101,Scremeston Cottage
401748.9267,650391.3882,Redshin Cove
400140.7985,652445.9439,Calot Shad
400642.5807,652067.5447,Spittal Beach
400107.4218,651084.3604,Highcliffe
401282.5963,650683.2345,Huds Head
400035.5128,654735.6552,Brotherston's Hole
400043.4842,651970.0146,Carr Rock
400848.2472,653209.6678,Bucket Rocks
400324.077,653513.9752,Magdalen Fields
405000.9754,655448.2229,North Sea
400674.2339,651519.6343,Spittal
417077.7879,605119.839,Newton on the Moor
411221.3743,609063.1991,Edlingham
417135.6059,603604.6833,Swarland
416198.1527,601962.7639,Old Swarland
412897.6304,601862.0476,North End
417542.9115,606621.1832,Hampeth
419185.5142,604481.7634,Hazon
418783.5999,601442.821,South Acton
417688.3813,602220.9217,Lane Head Farm
418639.6778,602565.5246,North Acton House Cottage
418431.1045,603012.3912,Acton Dene
417730.2193,603594.8928,The Scroggs
418921.5073,602827.6454,Acton Home Farm
418623.9894,603951.0188,Guyzance Lee
413115.3711,605154.5505,Snook Bank
411142.159,606012.5459,Moor House Quarry
411306.6733,605926.6019,Wellhope
413795.4889,605449.1528,Glantlees Cottage
415054.4896,605982.1399,Shiel Dykes
411576.5775,608424.3201,Widehope Bridge
412016.4936,609141.0626,The Old Station
411151.4114,600198.1619,Healeycote Schoolhouse
415299.2279,608508.3827,Freemanshill
416053.1215,608348.4078,Snipe House Cottages
417017.4088,604362.5112,Garden Cottage
415891.9877,605013.0871,Newton Greens Farm
417802.2658,604832.2771,Villa Farm
416821.5559,606050.831,Newton Low Steads Farm
417180.2581,606111.6978,Newton On The Moor Bridge
417591.9366,605816.8099,Newton Low Hall
418421.8608,606675.4704,Low Whittle
419401.7188,605826.7184,Hazon High Houses
419328.8623,606696.1025,Southmoor
416962.7031,607281.2828,Hitchcroft Quarry
417658.2689,608032.9423,Denecroft Garage
417778.2804,608757.7722,Deanmoor Cottages
418818.42,607737.4879,Selby's Stead
419374.1358,607959.1863,Hillhead
420012.5132,608048.7566,South East Farm
418861.8951,609132.8524,Colliery Farm
410565.9832,610033.813,Birsley Woodside
411583.0554,609696.812,Lumby Law
412801.4433,609786.2908,Corby's Bridge
415450.9677,609648.1301,St Margaret's Farm
416480.6222,609759.4367,Old Rugley
416035.1215,600772.0241,Felton Fence
410593.6326,601498.4189,Woodhead
410961.7914,607066.9388,Midrig Bridge
410116.4847,608335.0434,The Bungalow
411924.3705,600061.7246,Jackson's Stile
412865.327,600150.3838,Villa Lane Farm
412045.558,601609.9058,Framhill Farm Cottage
413718.5966,599990.1938,Springfield
413986.3651,600625.8271,Lonetree House
414241.9169,600820.7724,Picklewood
414642.8499,600797.8368,The Shaw Farm
414712.4617,601059.106,Oak Dene Grange
417253.5732,603799.0135,Birchwood House
415573.6538,601357.0027,Mill Burn Cottage
412002.9113,602614.7006,Shirlaw Hope
412187.7083,602130.5203,Besom Farm House
412570.054,609377.7833,Swinhope Bridge
413185.5179,602659.7888,Embleton Steads
411706.4545,603499.6157,Framlington Gate
411922.4876,604171.6035,Knogley
413060.7879,604251.8381,Canada
413749.4841,602083.5732,Dene House Farm Cottages
414894.0157,602272.5268,Smalldene Farm
414557.8807,603584.7484,Overgrass Mill Cottage
413776.1762,603898.704,Alnwick Ford Farm
415056.6886,603976.2765,The Firth
417188.6513,600266.9669,Longfield Cottage
417228.7438,601339.0421,Swarland Dene
417995.9177,601142.4427,Shortlaw Cottage
419371.7378,600937.2496,Mouldshaugh Farm House
412136.5477,609906.3924,Corby's Letch
417660.1615,606854.3172,Ogle Letch
418136.7083,600619.388,Back Burn
412015.3856,608571.0873,Widehope Letch
412034.8934,603579.694,Gate Burn
412671.4868,604175.9814,Millstone Burn
418081.8859,605261.1534,Hazon Burn
414788.979,607958.596,Hampeth Burn
410673.1591,606714.8198,Rimside Burn
415860.1956,609619.1408,Firth Burn
414528.9975,601625.0717,Fence Burn
419113.4533,601343.6425,Acton Burn
412695.1584,603021.9009,Inner Burn
411813.52,609752.8537,Edlingham Burn
411170.358,601024.3506,Healeycote Burn
413826.4184,607711.4381,Newton Burn
414672.8136,603030.8732,Swarland Burn
419582.2903,603143.8885,Mere Burn
416927.3062,605904.0968,Newton Burn
416236.9987,607655.618,Hampeth Burn
419550.0931,604028.4863,Hazon Burn
415862.4398,601400.1982,Swarland Burn
417580.6413,600920.4203,Minto's Dean
413268.1004,608389.2127,Black Lough
414281.7928,605046.6065,Glantlees Plantation
412993.0822,604706.1658,Ryegrass Covert
412192.7322,604262.8147,Little Knogley Plantation
416299.5951,600717.7502,Fence Wood
413892.1854,601491.2685,Hall Hill Plantation
410338.8305,600065.1776,Hag's Wood
417393.5224,604289.8207,Rush Plantation
414264.5901,604915.6986,Glantlees Wood
410386.8917,607483.5682,Long Plantation
411007.98,601907.0826,Lynch Wood
411120.6276,601452.6536,Heathery Grange Wood
410779.7461,600718.1111,Throat Wood
410509.3425,601889.9344,Woodhead Plantation
414813.0025,600403.3016,Pickle Wood
417263.4974,609958.0199,Firth Wood
413657.0775,604334.4764,Wormitlees Plantation
411502.8094,608626.3958,Bottle Wood
413613.3134,609904.6161,Lemington Wood
414681.4839,601179.4198,Oak Wood
414591.6705,607719.1496,Phyllis's Plantation
417028.6115,604522.0242,The Clump
414302.5715,603957.2524,Long Plantation
414228.8655,607723.969,Stirkhill Plantation
414717.6858,605758.1308,Wee Macgregor Plantation
417170.6087,604203.8122,Garden Plantation
416619.3654,604468.7909,Black Strip
416793.9918,604467.9381,Hall Wood
416922.982,603259.8382,Low Wood
416684.8096,604782.6418,Dovecot Plantation
411088.7833,609774.1434,Birsley Wood
416977.8377,600296.0072,Park Wood
415716.5416,603121.466,Swarland Wood
411300.9338,604684.8769,Longframlington Common
415357.3131,606832.8869,Swineleas
419801.4322,602781.0584,Acton Dean
415011.319,609512.1761,Alnwick Moor / Aydon Forest Inner
418569.8751,606394.7604,High Whittle
418529.7671,607884.4695,Beacon Hill
413116.3411,607434.8135,Midding Hill
412982.7278,606813.5407,Peat Knowe
413119.7683,606416.9275,Stony Knowe
412893.6306,606516.064,Glantlees Hill
410684.8715,605596.8802,Greystone Knowe
410947.3024,604379.9734,Wooden Hill
410535.8664,604470.0995,Lamb Hill
410191.1622,603734.2286,Shirlaw Pike
411436.6859,607615.5287,Edlingham Crags
411490.1272,606922.7125,Caller Crag
411940.1336,606853.8618,Redheugh Crag
412510.9277,609854.4774,Corby's Crags
413207.8117,607944.0176,Mare's Rigg
410316.7349,603241.7165,Lamb Crags
411032.0477,602959.2225,Mount Pleasant
419482.0491,608684.8526,Shilbottle
418643.5085,600406.4905,Felton
412760.5519,600978.1777,Longframlington
410412.432,619514.7265,Eglingham
413079.8622,613214.8653,Abberwick
410535.6927,613637.7689,Bolton
410800.337,613062.9311,Broome Park
413465.1032,612450.0304,Broome Hill
411658.3926,613306.2721,Bolton Mill
411522.0118,614473.0502,Woodhall Farm Cottage
412438.3791,613970.6445,Abberwick Mill
415086.4496,612304.1072,Summit Cottages
416012.7252,612894.9019,Thorntree Well
413930.7315,613740.1965,Park Well
414213.3683,613564.5764,Donald's Quarry
413332.0216,613814.2305,Moorlaws Farm Cottage
416432.2139,610368.3048,Rugley Farm Cottages
417480.8669,610282.0918,Firth
418473.3986,609977.0172,West Cawledge Park
418519.0454,610802.7058,Cawledge Bridge
417414.2972,611375.947,Hobberlaw
419229.3675,610293.5195,Middle Cawledge Park
420063.9817,610415.6114,South Cawledge Bridge
419284.3722,610906.9044,North Cawledge Bridge
419329.9263,611231.7395,Greensfield Moor Farm
415882.8322,611917.2424,Hawden Grange
416790.8323,612113.4221,Hush Cottage
416512.2414,612222.3454,West Land Cottage
416553.1875,612553.6736,Birkeyhill
417555.2527,612244.1026,Mount Pleasant
417607.2754,613702.0761,Moor Cottage
417211.2752,614383.5944,Duchess' Bridge
418186.3309,614292.3655,Abbeylands House
419844.6552,613847.0059,Denwick Bridge
419926.8022,614228.9618,Whitecross Howl
412907.0207,616344.1829,The Stewards House
414186.7254,614701.2116,West Brizlee
415861.5606,614677.0101,Brizlee Tower
415189.2888,615039.0551,East Brizlee
415444.4047,615626.7273,Palmstrother Bridge
414930.9387,615889.6346,Bassington
414928.4894,616916.9234,Shipley
412019.149,618220.8714,Bannamoor
411719.2272,618877.3723,Craigs House
412328.7901,619359.7173,Coalburn Cottage
413604.557,617591.6436,Shipleymoor
414929.0376,617727.3636,Shipley Lodge
415406.7241,617765.3974,Shipley Bridge
415282.0072,618254.5762,Old Shipley
414779.8316,618381.3007,Shipley Lane
414511.6268,618663.8465,Shipley Smallburns
415021.3814,619036.7142,Shipley Hill
416530.5132,614613.9571,Park Farm Cottages
416439.0328,615251.3481,Iron Bridge
417794.3202,615027.1005,Filbert Haugh Bridge
418116.1322,614413.9395,Abbeylands
418512.9583,614908.5346,Smiley Lane Cottage
418387.7759,615657.0377,Heckley High House
416390.1452,615863.6682,The Bothy
416741.5067,616326.4568,Friars Well Farm
417462.9872,616314.2823,Chester Cottages
419427.5393,614972.5112,Broom House Farm
418892.3715,615157.3547,Loaning Head
418818.6773,616281.5704,Heckley Cottage
416374.8008,617276.987,White House Cottages
416289.5291,618266.2311,White House Folly
418248.8309,617534.2227,Holywell Cottage
418264.837,618266.9395,Heiferlaw Bank
417159.214,618415.3222,Humbleheugh
416992.06,619390.1062,The Whinny
417356.6359,618328.1065,Islaford Bridge
417941.0771,618646.8757,Heiferlaw Bridge
411133.157,614264.148,Lantern Buildings
419387.5724,618898.3928,Rock South Farm
411933.1123,619735.4256,Eglinghammoor
413261.7857,619696.1013,South Ditchburn
416608.7568,619743.4733,South Charlton Farm
410736.966,610724.0382,Hill Head
410440.8898,612400.9806,Low Broomepark
410657.5008,614364.1679,The Old Kennels
410406.4037,619054.2322,Broomhouse
412343.7436,610533.7081,Overthwarts
411778.3737,611220.8517,Lemmington Mill
411983.8466,611337.7743,Lemmington Hall
413197.7776,610764.6857,Holly Cottage
418749.1944,617323.9375,Heckley Fence
413219.8039,611536.7649,Lemmington Branch
414034.7022,609906.7921,Corby's Crags Post Office Radio Station
415710.6784,610157.8636,Hadwin's Close
413595.8055,610883.4075,Banktop
413649.9281,610667.954,Bracken Cottage
414494.0802,611294.6122,Oxenheugh Cottage
416015.1342,611677.1769,Mossy Ford
411511.3548,612498.349,The Park
411497.8922,611934.0415,Battle Bridge
412909.5694,612491.5673,Glen Aln Cottage
417578.5958,615993.8756,Blackbog Burn
410293.8424,613812.8545,Wine Burn
417845.6565,613321.0911,Wash Burn
410305.9598,616127.0277,Greystone Burn
415989.8111,610502.9872,Cut Throat Letch
417261.9846,617688.224,White House Burn
410181.745,619960.7796,Eglingham Burn
415269.0122,619342.0061,Shipley Burn
415576.5242,610843.4199,Linn Letch
413878.4415,618290.0407,Small Burn
413175.8271,612250.1762,Glen Aln Burn
412681.488,618927.6533,Coal Burn
418947.7772,611527.9749,Willow Burn
415980.3089,611437.2771,Black Burn
417227.6017,610708.5622,Rugley Burn
417065.3257,613222.6876,Stocking Burn
413058.1477,615362.7476,Spital Burn
410273.4332,615619.8135,Titlington Burn
419921.8276,615317.9842,Denwick Burn
418106.0512,610519.7679,Firth Burn
412252.214,614481.3532,River Aln
414514.8107,616872.1747,Eglingham Burn
411699.49,611836.4844,Edlingham Burn
413664.3238,617366.1546,Titlington Burn
415141.087,617291.9529,Shipley Burn
413643.4846,615027.4348,River Aln
419268.6612,613765.0143,River Aln
417509.186,614998.6693,Filbert Haugh
415385.0109,618673.4873,Shipley Dean
413866.7635,614107.0889,Moorlaw Dean
412059.5344,617504.1956,Kimmer Lough
419970.4418,610146.8386,Selby's Wood
410159.4735,619810.2649,Rocks Plantation
412568.9984,611764.2156,Bank Wood
414435.2684,614521.7087,Bowling Green Plantation
418509.1524,618385.0972,Black Plantation
413221.0982,610991.8595,Lemmington Wood
418805.0839,618861.3255,Middlemoor Plantation
417786.045,618964.8256,Murdie's Covert
417596.2295,614559.2625,Hill Wood
410550.9476,619913.8958,Ticket Plantation
412513.0952,614160.0364,Wain Wood
415357.564,617994.9563,Shipley Wood
415613.7626,616101.059,Bunkerhill Plantation
412232.7142,619741.0498,Fox Covert
417511.8438,616641.5152,Chesters Plantation
419294.5097,614548.1016,Long Plantation
417450.2324,619357.5087,South Charlton Bog
414102.6258,611480.2478,Oxen Wood
414061.8179,614338.6295,Brizlee Wood
417021.8524,617459.4994,White House Woods
418050.7487,619077.594,Ellsnook Plantation
419500.8339,618326.4248,Wisplaw Whin
418978.5152,613614.9321,Barneyside
419440.5755,613588.2157,Leek's Hill
419401.4413,614094.8985,North Demesne
415529.874,619477.3528,Longlee Moor
416020.0437,610036.5581,St Margaret's Green
415502.5039,611268.4085,Alnwick Moor / Aydon Forest Inner
416633.1495,619069.7626,Honey Hill
419875.8653,618838.6543,Wisp Law
416109.7235,612641.8471,Big Birkey Hill
410575.2453,618025.6196,Beanley Moor
411913.159,616918.4124,Hunterheugh Crags
418570.5053,612264.3771,Meadow Riggs
411446.3358,614260.252,Jenny's Lantern Hill
413956.8531,610979.5343,Lamp Hill
411148.1479,617541.6101,Kimmer Crags
418066.721,617685.7071,Heifer Law
418595.4897,613032.616,ALNWICK
418415.4464,624051.3236,Doxford
416398.0585,623671.5473,Brownieside
416725.6643,623003.2079,North Charlton
418688.3096,625578.6224,Preston
416962.1831,625698.8376,Ellingham
413827.7905,628589.7932,Warenford
418512.8661,626862.7283,Chathill
417559.7763,628432.0448,Newham
419528.2354,628515.7435,West Fleetham
416583.3609,620295.4772,South Charlton
418804.0625,622322.8682,Doxford Newhouses
410514.3063,624740.6959,Quarry House
410670.6881,626762.2472,Chatton Sandyfords
410079.1935,628344.4323,Brownridge
411031.122,620503.5363,Tarry
413217.4141,620652.2441,West Ditchburn
414123.9074,621346.7093,East Ditchburn
411978.6739,622616.2096,Hagdon
413169.8976,623796.5298,Haughterslaw
415273.3114,623402.7766,Old Middlemoor
417626.6239,620066.2138,Rock Nab
417913.2996,619881.9869,Rock Lodge
417905.3669,620662.0484,Charlton Mires
418596.6713,620380.7908,Rock Midstead
418392.8867,620709.9712,Drythropple
417293.8441,621757.5426,Shipperton Bridge
417465.2625,620911.5723,Patterson Cottage
418868.625,620775.8495,Rock Moor New Cottages
417977.6285,622264.3219,Stable Cottage
417968.446,623265.4443,Doxford Farm
416212.3265,624407.0338,Brockdam Farm
417292.6204,624031.8975,Tynely Farm Cottages
417852.142,623846.709,Foresters Cottages
419062.5285,622301.9927,Shellrigg Bridge
419437.2613,622712.9896,West Fallodon Cottages
419682.3571,623955.8526,Fallodon Mill
419540.8397,624321.5879,Burnhouses
413358.0231,626055.003,Clatteringhouses
414783.7393,625143.5653,Wandylaw
413906.7003,625970.4164,Commonflat
414275.8606,627005.1492,Rosebrough Cottages
414980.2386,626032.5801,Priestsdean Bridge
412922.6153,627195.8904,High Quarries
412363.8128,628415.0241,Twizell Saw Mill
413115.7854,629632.1906,Adderstone View
413460.7405,627326.6958,Rayheugh
413967.0767,627633.4716,Warenford Cottage
414536.7014,627596.6998,Birchwood Hall
415419.8882,622535.1812,Middlemoor
419347.7344,625319.657,South Broomford
416337.2915,628304.7824,Henhill Farm
419779.9417,629560.6549,Hill Crest
419241.1524,627525.5619,Swinhoe Cottage
417990.8178,629249.5077,Newham Hall
420016.3478,626171.8538,Brunton Airfield
416452.038,626702.9213,Newham Buildings
415975.9187,624983.2494,Ellingham Lodge
416172.9057,627358.0806,Newhamhagg
415315.9096,627148.3828,Newstead
413503.3108,627977.2066,Etive Cottage
410108.9919,621348.513,Crane Burn
419763.0635,624236.3378,Mill Burn
411924.0695,628670.7162,Cocklaw Burn
417737.3372,627907.8808,Newham Burn
410288.5315,627815.3907,Brownridge Burn
410840.5763,626443.8451,Sandyford Burn
413667.6374,621311.1946,Red Burn
414374.0482,628934.8072,Waren Burn
414107.2091,623600.3548,Shipperton Burn
416778.7393,626654.5654,Priestsdean Burn
419724.8953,622060.2018,Kittycarter Burn
413971.5398,629263.4931,Chuckbridge Burn
414322.1637,625975.4218,Switcherdean Burn
419029.2078,628107.9419,Long Nanny
416092.5674,627524.0748,Hagg Burn
412071.6993,622173.2302,Black Burn
414808.9269,621287.4467,Washingpool Burn
419497.444,629250.6768,Swinhoe Burn
410716.8089,629423.5302,Warenton Burn
411634.6741,623817.5213,Cragcleugh Burn
419809.2308,626927.2226,Tughall Burn
417661.0326,623443.9141,Charlton Burn
416779.8786,621995.3152,Shipperton Burn
415376.8171,623855.9752,March Cast
413088.1144,624325.0044,Wandylaw Bog
416108.6308,629424.9372,Embleton's Bog
417782.1184,627460.4306,Crutch Bog
415619.1456,627270.3232,Newstead Bog
415240.5801,623736.6308,Honeymug Bog
418654.2778,621039.7486,Yearsley Plantation
415743.9926,621084.5272,Cover Plantation
414289.0017,620659.9002,Washingpool Plantation
413356.0427,621547.9115,Carr's Wood
416558.0948,626969.2993,Haggmoor Plantation
414590.2946,629080.139,Ratchwood Plantation
415687.8133,627879.6613,Henhill Covert
418951.3674,625310.2998,Steelbank Plantation
418707.8491,622570.7575,Shellrigg Plantation
416619.1742,621494.7761,Heater Wood
416142.2112,621837.3351,Moor Plantation
414132.2166,621678.8725,East Croft Plantation
418966.6866,627619.6379,Elymoor Plantation
414988.1993,628405.5333,Ratchwood Strip
417610.9753,622384.57,Orchard Plantation
414847.5014,622193.2742,South Plantation
412667.8627,628011.0907,Whinny Plantation
414123.5131,626041.5406,Commonflat Plantation
411802.5255,628270.6747,Quarry Plantation
412457.2682,627069.0519,Stell Plantation
410209.2669,628478.8324,Brownridge Plantation
413298.3898,626109.4916,South Moor Plantation
412218.8672,621277.7838,Beatrice Wood
416169.1001,621196.8917,Pond Wood
412231.4961,628523.6928,Lake Plantation
412390.0083,628474.1564,Milldam Plantation
411346.4147,629896.0884,Tollgate Plantation
414876.1191,622701.9584,Peter's Wood
414190.3236,623478.8381,Daneshill Plantation
416759.2916,623061.2706,Castleclose Plantation
417796.9475,622512.6573,The Grove
414896.2489,624694.8968,Coalpitlees Plantation
414421.1437,621231.613,South Moor Plantation
417594.9996,624917.8425,Stobbingbushes Plantation
418179.2013,626025.5451,Crutch Plantation
419467.4786,622104.1219,Patten's Plantation
419912.3504,623576.1613,Ewartshill Plantation
417670.5732,626748.0652,Chathill Plantation
418557.2944,627375.3314,Burnt Plantation
412557.4017,621348.5453,Crow Wood
414186.2539,626638.9146,Quarry Wood
415652.8505,627435.0486,Hagg Wood
415497.6579,621572.4791,Victory Wood
416630.6509,623415.4638,Hallflat Plantation
418183.4707,625412.084,Well Plantation
412167.4796,628361.5952,Washpool Plantation
416160.7458,623200.0983,Camp Plantation
418462.7234,623629.4269,High Wood
417688.2771,622313.3564,Blossom Plantation
417611.7455,625982.0249,Hagg Wood
418155.2678,624586.9402,Longlands Wood
416789.3918,624738.4293,Brockdam Plantation
414823.3922,626611.2702,Long Bank Plantation
418641.9968,623950.6587,Low Wood
417971.254,624238.9124,Swineclose Wood
417996.1447,623167.1013,Combs Plantation
417861.2305,623558.034,Quarry Plantation
418753.106,623147.2944,Wellfield Plantation
418726.1899,622819.7502,Plainfield Plantation
418604.5839,622470.5575,Cowhill Plantation
418553.4428,622312.6984,Shaw's Plantation
417789.8306,622808.2921,Streetsheet Plantation
415434.4134,622928.9697,Hughe's Wood
415710.0899,622394.3875,Moor Edge Plantation
412222.7622,629815.2898,Fadhill Plantation
410428.9435,629719.5228,Ell Plantation
412538.5458,626172.8402,Rosebrough Stell Plantation
413996.4034,622188.9457,Rabbithill Plantation
419110.7491,621674.9124,Stonedyke Plantation
419891.1627,620278.65,Lady Well Plantation
419895.1809,620146.2728,Willowclose Plantation
418946.0515,620028.8498,Kiln Plantation
418460.7466,621522.7971,Kittycarter Plantation
416295.3433,629069.657,Lough Bog
412840.9107,629341.177,North Wood
415990.2652,624829.0837,Dogberry Plantation
418910.5947,626049.7198,Boundary Plantation
418660.8894,624910.1457,Long Plantation
416308.8518,626977.7228,Hagg Moor
419400.4492,627819.5634,Swinhoe Moor
418777.635,627443.9978,Ely Moor
415533.0944,628100.6237,Henhill Moor
417077.042,628678.7023,Bink Ridge
416548.7176,628714.6801,Butts Knowe
416262.7395,626743.384,Smiley Law
415627.9859,628383.3632,Fisher Hill
418220.6835,623706.2,Dunstan Hill
417229.6273,620440.5759,Chester Hill
415736.0357,628696.2156,Toddling Knowe
418024.6917,627193.8751,Chat Hill
415017.7445,629169.0826,Cock Ridge
412647.0157,627290.7975,Lucker Moor
412898.2449,626172.4975,Rosebrough Moor
417662.1241,628061.4402,Crutch Hill
415421.9464,622013.2768,Linkhall Moor
416390.0389,626488.6132,Snipehill
418051.3474,627927.8402,Newham Five Acres
415880.6297,628878.9693,Bradley Moor
413100.1342,626989.3811,Rayheugh Moor
414768.3587,625963.0892,Switcher Dean
411537.4435,628965.1561,Cocklaw Dean
413419.3035,624980.5554,Wandylaw Moor
415057.812,620939.5594,Brockleyhall Moor
414290.5865,622298.9122,North Charlton Moor
410766.7999,620670.2974,Eglingham Moor
410218.8814,626277.5488,Sandyford Moor
415545.8415,624124.1661,Brockdam Moor
414886.4785,623267.7562,Middle Moor
417164.4368,622903.7774,Comby Hills
412340.9988,624413.1115,Hangwell Law
412099.6138,628947.0817,Bonaparte's Hill
410404.4425,620231.5016,Ticket Hill
415874.0294,620259.8346,Rocket Hill
412629.4501,626569.9524,Hot Law
411444.2432,629237.193,Cocklawdean Head
415420.9042,620003.7672,Foxhole Hill
415559.4039,620374.7559,Crag Hill
410808.504,622032.7819,Hare Crag
411572.861,624688.7515,Foumart Knowe
410097.9754,627185.403,Whitehill Head
410528.9761,628743.8987,Copper Law
413364.6355,627444.3134,Isabella's Mount
413974.2659,627470.1254,Blake Law
411814.9646,628905.9215,Cock Law
414343.7465,624136.2145,Souterpot Cairn
416281.8463,623778.0542,Brownieside Hill
415447.6883,625082.1653,Wandy Law
414456.4852,625693.1943,Cross Hill
415234.2546,626545.6761,Binsal Hill
413849.4442,628140.4796,Low Moor
410670.1935,623562.1132,Quarryhouse Moor
410453.464,630403.6161,Warenton
412481.1214,630694.6223,Bellshill
411759.0316,631402.4295,Old Mousen
412257.947,631859.9894,New Mousen
413888.7009,630502.5013,Adderstone
415223.8007,630159.4607,Lucker
414680.839,634433.0249,Waren Mill
418047.2887,632975.1507,Burton
412269.5513,634820.8862,Easington
415060.2422,633488.0847,Spindlestone
415622.8554,635011.7361,Budle
413288.9713,636958.6387,Ross
409994.5115,635520.0473,Middleton
411659.7891,636902.7957,Elwick
413047.2061,632182.5353,Mousen Barns
414426.4105,630606.7319,Lucker Cottage
417179.5015,634137.2471,Dukesfield Cottage
414081.741,631258.831,Adderstone Lowmill
413655.5182,631503.3868,Adderstone Mains Cottages
416189.6817,631503.4373,Hoppen Kiln Cottage
415249.8793,632113.7451,Bradford
416161.6727,631637.3048,Hoppen Kiln Farm
415832.6036,632089.5726,Shepherds Cottage
411689.9401,632559.3438,Newlands Farm Cottages
412204.2362,632660.5682,Mousen Bridge
413186.0691,633154.9916,Mosscrop Bridge
413127.2426,634173.995,Easington Quarry
414105.2973,633282.0195,West Bungalow
414157.9317,633623.0134,Outchester Manor
413668.6946,634423.4969,Chester Hill Cottages
415621.4903,634082.5549,Pendle Lodge
416221.0561,630703.6027,Crackerpool Cottage
416784.2764,630499.7489,Newhouses
412887.9001,631451.6504,Adderstone Mains Lodge
419288.5387,630495.3251,South Cottage
420082.9769,630343.0636,The Lodge
416694.2365,633362.7627,Glororum
417537.9045,633435.0118,The Cottage
416183.5406,634155.2559,Brada Quarry
419364.6209,632544.4051,New Shoreston Cottages
419553.8652,633197.209,Saddlershall
419617.9518,633508.0039,Fowberry Quarry
419513.0937,634050.9992,Greenhill Cottages
412038.4965,635852.034,Easington Grange
412610.3197,635396.6823,Easington Demesne
411806.4964,636173.2145,Mill Cottage
416115.7417,635542.8206,Heather Cottages
414235.8731,636662.6172,Ross Links
416404.8575,635608.8918,Bamburgh Castle Golf Course
417234.8841,635887.2915,Blackrocks Point Lighthouse
419043.7441,630908.9431,Elford Farm Cottages
415122.5463,630947.5922,Station Cottages
411028.1161,632093.6599,Whitelee
410708.5195,635083.8106,Chesters
410949.1289,636061.9693,Low Middleton
412527.8388,631406.7026,Bellshill Quarry
411357.1994,631990.3598,Burn Banks
419259.6664,633718.879,Ingram Burn
417584.7042,635108.4183,Mill Burn
415832.9843,635917.3014,Budle Water
411671.4727,633033.0296,Newlands Burn
411626.7579,632022.3452,Mousen Burn
410618.7537,637043.2753,Elwick Burn
415916.8248,630628.3973,Winlaw Burn
410156.7933,638996.7335,Foulwork Burn
414887.3329,634727.2834,Warren Burn
418031.8245,630742.6909,Crackerpool Burn
414010.3577,632617.4027,Newlands Burn
411445.2975,636106.4136,Middleton Burn
411260.3748,633667.5895,Belford Burn
415155.089,631591.4067,Waren Burn
412916.1474,634652.3832,Kippy Heugh
414297.713,634254.1895,Chesterhill Dean
413944.2104,636199.2144,Kirkley Bottoms
410378.3188,630803.1484,Warenton Dean
413598.9856,638245.5651,Lindisfarne National Nature Reserve
417300.0652,637961.265,North Sea
414782.0056,635162.2553,Chesterhill Slakes
413950.4681,637975.0016,Long Bog
411283.3566,634309.7359,Turret Wood
411360.1565,632626.0577,Dunning's Wood
410560.1595,632251.4844,Forkings Plantation
412770.6135,631271.665,North Plantation
412409.7702,630382,Home Plantation
411363.986,630670.7236,Law Plantation
410345.3332,631335.9528,Middlemoor Plantation
413817.0583,636833.0865,Kirkley Wood
411295.4258,632786.5728,Dinning's Wood
416498.67,634736.6756,Shada Plantation
412419.8607,636408.0613,Kiln Wood
419502.397,630626.7163,Home Plantation
417106.499,630588.6793,Newhouses Wood
412533.8857,630023.9665,Hemphole Plantation
415787.34,634017.967,Brada Plantation
416652.3727,631610.9953,Nursery Wood
417962.502,634859.3878,The Grove
412302.1683,630882.5248,Banks Plantation
414102.7515,636898.0395,Horseshoe Wood
412587.0588,636262.1912,Ross Low
418187.2702,635029.722,Castle Green
418373.6606,634672.4517,Castle Field
417385.8091,631365.8583,Barber's Cover
413268.0832,638881.0301,Jack's Waste
411160.0998,639251.6603,Fenham Flats
415776.3893,633551.9004,Crook Hill
415540.3723,633761.3465,South Hill
416380.9656,636117.5946,Black Rock
419096.7123,632725.8774,Snear Law
415613.3786,630072.1386,Tut Law
414503.1701,631020.2213,Blake Law
416832.2887,630136.6029,Ell Hill
417849.7186,630292.7667,Adams Knowe
418506.4032,629920.9724,Wently Knowe
416663.6458,631174.4164,Cockle Ridge
418641.2311,630856.8462,Cross Hill
418331.8062,631231.3874,Ewe Hill
410512.4221,634469.491,Chapel Hill
410377.4453,634818.7527,Chesters Hill
410258.617,635016.9441,Glead Hill
410348.1862,638399.0663,Heather Law
410093.8506,639087.0761,Tealhole Point
410522.6151,638753.3551,Reely Law
415966.2536,632247.6031,Well Hill
416162.1807,632354.146,Lidderton Hill
415140.3763,633773.5044,Cat Crag
416953.3643,632516.2946,Humbleton Hill
417405.2189,632294.6596,Burton Goldenhill
418338.3279,631859.918,Reapers Hill
418619.1661,632253.1508,Green Hill
415340.9953,634107.1266,East Hill
416433.8296,635978.1619,Budle Point
418677.0128,634848.6543,Bowl Hole
416742.7548,635441.2369,Newtown Hill
416672.6981,635714.847,Kittling Hill
416967.1433,635711.7947,Hare Law
417272.8702,635733.396,Bamburgh Moor
410568.0041,634289.9993,Chapel Crag
413058.0601,634100.3547,Long Hills
415771.4328,632890.79,Long Barracks
416460.7694,630966.3799,Pigdon Hill
411899.566,634805.5878,Cragmill Hill
415191.686,633939.4809,West Hill
415760.7123,633906.0383,Drawkiln Hill
416056.6452,633995.2591,Brada Hill
416545.4673,634957.3162,Lonsdales Hill
418968.2475,634871.8016,Redbarns Links
415069.1456,637226.48,Budle Bay
412329.156,629972.4017,Fad Hill
411687.8146,629989.7885,The Crag
419650.7098,634913.5796,Inner Sound
417889.3371,634962.5089,Bamburgh
411037.1223,633907.1686,Belford
412937.1335,641996.9096,Holy Island
409928.7093,643641.0162,Snook
411722.1655,643463.7068,The Links
413678.7802,642915.0899,The Lough
413954.657,640208.3834,Parton Stiel
412228.4594,640403.1402,Oyster Scap
411438.2241,641144.4979,Sandeel Beds
413107.6667,641806.0162,The Ouse
413501.1204,641257.0027,Long Ridge
413577.588,643522.2451,Sandham
412153.4423,640071.3622,The Harbour
411651.1738,641682.667,Holy Island Sands
415000.8539,646048.4043,North Sea
424798.2635,601203.9133,North Broomhill
424766.7548,600121.8739,South Broomhill
427782.5704,603165.9972,High Hauxley
421315.7577,603871.0935,Guyzance
423464.246,603485.0019,Morwick
424884.1107,602573.1627,North Togston
426661.1661,602456.3727,Radcliffe
428691.2223,602974.1481,Low Hauxley
422598.1666,606636.479,Eastfield
422359.7055,607549.0095,Low Buston
423199.5349,608597.6537,High Buston
422448.0951,601762.1715,Acklington
424675.7338,601476.2505,Togston
425399.032,601948.7172,Togston Barns Farmhouse
420521.1988,603553.0285,Guyzance Cottage
421524.257,607960.1671,Dene House
423423.3309,607282.519,Buston Barns Cottages
424040.4838,607758.3997,West Orchard Cottage
424897.6058,607966.4087,Northfield
429132.6199,604464.2252,Buoy House
422267.345,610031.969,Bilton Barns
423600.5201,609681.4002,Wooden Farm
421757.1976,607193.9248,Sturton Grange Cottages
420572.0839,601003.6001,High Park
421185.9298,602548.941,Farm Cottages
421130.365,605115.3153,Bank House Farm
420308.1573,605951.4141,The Old Stables
420273.3852,609264.464,Townfoot
421460.9628,599958.142,Swallows Cottage
421434.5517,600402.8411,Cheeveley Steading
422913.4522,599960.7265,HM Prison Acklington
423356.0483,600264.929,HM Young Offenders Institution Castington
423020.291,602547.9181,Cavil Head
422622.5387,603265.5443,Morwick Moor House
425710.0436,603159.3713,Hope House
426439.9897,601832.884,Togston East Farm
421761.1393,604828.9326,Ashburn
422919.9923,604425.7532,Morwick Mill Cottage
423378.2445,604774.3891,Riverside Caravan Park
421467.557,606081.8643,Southside
422774.2601,606069.2265,Brotherwick House
423782.1426,605679.3226,Water Works Cottages
423689.4795,606652.613,Diamond Jubilee Bridge
424429.8118,604576.5219,New Barns
425505.4013,605160.1191,The Hemmel
423850.7115,605887.1656,Coquet Lodge
425440.5727,605930.4764,Coquet View Caravan Park
425550.906,606487.4056,Warkworth Dunes Picnic Site
422233.526,607411.4924,Tylaw Burn
421857.913,608294.5353,Tyelaw Burn
420038.5914,606649.9152,Grange Burn
424118.0328,600085.7178,Woodside Burn
420778.64,604962.6398,Quarry Burn
425607.8196,604679.2548,Guilders Burn
422372.2176,603405.8362,Coal Burn
425774.901,600983.7983,Lady Burn
420417.0791,603978.7387,Westwood Burn
422992.1477,607165.6503,Grange Burn
426669.8966,604960.5093,River Coquet
420116.1177,602072.2191,River Coquet
423421.2078,605963.6153,Old Barns Banks
421605.6801,602868.0904,Morwick Banks
424981.2968,608963.115,Buston Links
428837.3271,601692.5948,Druridge Bay
428328.9651,602758.3223,Hauxley Links
427139.3268,600920.5348,Druridge Bay Country Park
427999.5455,606448.9489,North Sea
428258.4556,600865.1634,Hadston Carrs
426899.7164,600010.9448,Ladyburn Lake
427025.1314,600259.3551,North Shore Wood
426954.4797,600398.7225,Coldrife Wood
426069.774,600135.9939,Ladyburn Woods
423655.4416,604998.1907,Black Bridge Wood
427223.1861,600383.581,Outfall Wood
427363.493,600222.9721,Hadston Links Wood
424380.3248,605565.3011,Mill Walk Wood
428988.7527,601954.639,Bondi Carrs
420883.7145,601439.1728,North Park Wood
429157.0838,603005.5308,Hauxley Haven
421614.0982,601194.7106,Station Wood
429440.474,604450.1192,Coquet Island
422751.3315,604745.752,Warkworth Moor
427328.6518,604920.5292,Pan Rocks
427772.1095,604304.4519,Wellhaugh Point
420217.9551,601509.017,Fairney Hills
420899.4495,608447.2114,Shilbottle Grange
427396.1405,604800.3447,Pan Point
419979.6152,601640.7484,Haystack Hill
425023.6056,606470.4617,Birling
424140.6081,605011.2826,Heather Leazes
424492.5955,606190.4255,Church Side
425025.3557,605959.4582,The Butts
425171.8436,600081.9615,Hadston
424482.0998,606048.65,Warkworth
426574.6837,604497.9292,AMBLE
423354.4552,611040.4096,Hipsburn
423345.0845,611572.8062,Lesbury
425626.7036,619957.483,Craster
424818.1567,619948.8834,Dunstan
425940.5117,617751.9028,Howick
422446.9058,619455.5046,Stamford
420981.9234,618465.7907,Rennington
422827.4734,616390.3027,Littlehoughton
426679.5285,614348.4041,Boulmer
420452.4456,614452.989,Denwick
424883.3945,611592.8831,Foxton
424758.4746,610667.7171,Alnmouth
422797.0643,610753.8738,Bilton
422627.0606,612608.9379,Hawkhill
420610.9557,612808.3087,Lough House
423771.1144,618889.3499,Craster West Farm Cottage
425344.077,618936.1187,Howick Scar
424885.4838,619330.5073,Craster South Farm
424455.7871,613987.7965,Drive Cottage
420987.014,610227.3616,Dene House
420933.398,612375.3292,Alndyke
420116.4442,613874.6417,Waterside House
421224.1975,615938.9823,Whinney Moor
419936.7018,616704.9456,Broxfield
420076.6236,617348.6139,Renningtonmoor
420710.8091,618152.0515,Rennington West Farm
420132.5217,619109.5551,Wisplaw
420571.4758,619269.7233,Jingling Bridge
421800.4669,610970.2887,The Masters House
424332.817,610085.9164,Waterside Cottages
421646.5853,611971.341,Old Hawkhill
422230.2843,611876.8104,Bilton Mill
421662.539,612619.6023,Hawkhill Bridge
422184.3326,614148.3518,Snaebleazes Cottage
424469.5072,611842.2016,Foxbury Cottage
424903.233,612972.7209,Field House
425934.6274,612953.8957,Seaton Park Lodge
421429.7224,615330.9977,Harlaw Hill
422450.2195,615232.621,Peppermoor
422432.5845,614478.8533,Ratcheugh Crag Cottage
423364.7752,614727.1199,Ratcheugh Farm
422774.2279,615253.8385,Longhoughton Quarry
423290.6372,615154.9055,Ratcheugh
421259.7986,616146.412,Denwick Lane End
425346.0607,615395.5991,Garden Cottage
423789.0753,616882.1755,Howick Quarry
424566.8277,616774.5731,Howick Grange Cottages
421395.8864,616957.8922,Hocketwell
421625.8545,617584.5665,Low Hocket
421937.9048,618301.4441,The Farmhouse
422760.0724,617139.887,Littlemill Quarries
422877.139,617992.9927,Badgers Bottom
423707.5252,617820.1926,Pasture House Farm Cottages
423335.6831,617694.2746,Pasture House
421344.9658,618866.4677,Stamford Cottages
422690.4518,618919.7368,Park Bridge
424112.7218,617425.6345,West Lodge
424762.5525,617867.1898,Garden Cottage
426007.0347,617531.9078,The Bathing House
423922.8039,610822.5457,Hip Burn
420421.3519,619447.5267,Jingling Burn
424860.3984,617273.4599,Howick Burn
425235.4004,612735.6539,Whaw Burn
423566.709,619969.9921,Stamford Cast
420732.7313,611709.1428,Cawledge Burn
423448.6425,618112.3335,Stamford Burn
421512.7382,613679.3835,Denwick Burn
421729.7293,612292.3034,River Aln
425749.6282,618926.8007,Long Heugh
428602.6604,615248.8485,North Sea
426652.3905,613644.394,Boulmer Haven
424647.9609,619209.0696,Juncaster Plantation
425009.1383,616842.3632,Crow Wood
423905.1919,616417.5298,Frank's Plantation
422023.4745,618686.1919,The Hassocks Wood
423628.1407,619721.877,Hoddleton Plantation
425642.7121,619165.0028,Fox Covert Plantation
424456.5867,619503.0457,Mustardhill Plantation
424539.6032,618539.7676,Northmoor Wood
423446.7023,617334.1951,Pasture House Wood
421849.8885,616786.2617,Amy's Wood
422387.4293,611784.3693,Bilton Wood
424752.3137,619844.8706,School Plantation
424991.8728,617404.9785,Greenseat Wood
420335.0155,619818.7516,Pasturehill Plantation
424229.8011,617550.4244,Damses Wood
421646.6911,618752.7827,Far Lee Wood
425266.6802,616788.1887,Cushat Wood
426923.8997,612968.36,Marmouth Scars
426913.9438,614887.7267,Boulmer Steel
425437.7469,619900.7488,Norwell Brow
426899.3704,614300.2377,Bewick Stone
421934.7231,611375.2058,Eden Hill
425921.5843,611244.6255,Marden Rocks
424599.6771,610000.5178,Church Hill
421492.4599,612949.7848,Gozells Hill
424008.8903,616748.6308,Cocky Knowe
423308.5848,610143.416,Pine Hill
422363.1083,611326.0981,Wildhope Hill
424796.4502,610875.9932,Diver's Knowe
422847.3867,612709.5681,Shell Laws
426615.8466,612526.8542,Seaton Point
425987.5479,615954.5494,Sugar Sands
426324.789,612308.1349,Alnmouth Bay
422551.0013,614558.8552,Ratcheugh Crag
424650.2347,615385.9121,Longhoughton
423291.7901,625183.3689,High Newton-by-the-Sea
424101.6211,624453.7063,Low Newton-by-the-Sea
422959.1852,622624.9899,Embleton
421168.7642,623068.597,Christon Bank
420965.836,624677.9578,Brunton
420301.0061,620133.0102,Rock
421350.6084,628438.3601,Swinhoe
423491.6255,620414.5452,Dunstan Hill
421697.6678,620680.3111,Whinnyhill House
421593.5144,621575.9442,Prickley Bridge
422507.9536,621498.6512,Embleton Mill
422960.9933,621442.2235,Embleton Mill House
423246.4684,621537.2497,Embleton Cemetery
422301.0951,623078.3342,Woodstead
423004.193,623504.6597,North Farm
424608.7486,622209.5595,Dunstanburgh Castle Golf Course
423787.8447,622963.9216,Low Mill Farm
420254.1626,629610.1776,East Fleetham
421608.8293,624876.7192,Low Brunton
422551.2235,624941.3543,Newtonbarns
422143.0744,625588.2849,Brunton Bridge
423098.1806,624999.6725,Newton Home Farm
421377.5002,626332.7024,Tughall Lodge
421824.7973,626682.909,Tuggal Hall
423290.0189,626139.5343,Link House Farm
421127.5399,620465.2324,Gallowmoor
423176.8709,628426.5933,Sunny Cove
422009.6219,628906.8429,Shepherds Cottage
422498.8281,628803.8572,The Trees
421363.9589,629979.1373,Burnhouse
420202.9576,621689.0774,Croft Cottage
421156.0415,622227.1021,Christon Bank Farm
420626.0811,622568.7946,Coldharbour
420373.4263,623423.199,Fallodon Cottages
424343.4332,623894.4718,Sea Banks
420512.3007,623636.8771,Fallodon Hall
420258.4908,624129.8494,Allansford Bridge
420384.5421,625531.0534,Brunton Airfield
420880.7505,626368.14,Tughall
420965.0453,627500.9344,Tughall Grange Farm Cottages
422251.1478,627356.7009,Tughall Mill
420983.7544,621787.0479,Embleton Burn
421407.6653,625161.0402,Brunton Burn
420911.8329,627264.9654,Tughall Burn
423719.3243,622318.1686,Embleton Burn
421906.7765,627621.8705,Long Nanny
421462.084,624879.5024,Swallow Dean
427020.3626,625648.7186,North Sea
424762.7657,625313.1784,Lobster Carr
422394.7895,629272.2291,Forebank Plantation
420083.8718,627481.1585,Shankhall Plantation
422939.7261,624256.3123,Whinny Plantation
420855.6653,623043.4889,Old Wood
420655.54,622142.5895,Hallslee Plantation
422842.7144,621114.5863,Westfield Plantation
420328.176,620029.4928,Pond Plantation
420986.1197,623360.6754,East Plantation
421516.6331,624513.4166,Brunton Covert
420342.6965,626234.1166,Tughall Covert
420454.2902,624378.0029,Allansford Plantation
420424.6503,620990.9215,Oakslaw Plantation
423729.143,621638.2375,Mosscrop Plantation
421198.4149,627185.2404,Cutthroat Plantation
420701.442,620629.5943,Horseclose Plantation
420204.7389,620613.9839,Railston's Plantation
423925.4658,620956.1542,Hollow Plantation
421630.4963,629736.2914,Burnfield Plantation
423543.0424,628008.8732,Burn Carrs
424588.3842,624330.3773,St Mary's Haven / Newton Haven
420349.5777,623987.8977,North Plantation
422279.5443,621304.6784,Cold Embleton
423456.0132,622089.4707,Glebe
421159.9704,622108.8442,Cock Law
420401.4933,623780.5357,Ewart's Hill
423594.033,629317.3523,Red Brae Point / Dell Point
425797.5639,620513.493,Oxberry Law
423699.8004,621429.5126,Dunstan Hill
424130.0861,625599.3244,Football Hole
424579.2008,625310.9525,Black Kirk Rock
425344.3718,621495.4039,Scrog Hill
423446.1699,623889.9018,Kelsoe Hill
421691.4026,621367.8443,Prickley Rigg
421677.6196,620212.8274,Whinny Hill
422494.8023,620837.5434,Loamy Knowe
420162.0683,628285.4811,Hepie Hill
421222.8894,621987.6571,Paddy's Mount
422892.4359,620110.044,Emmington Hill
425710.1042,622016.9908,Gull Crag
423661.5694,629082.6756,Blyth Rock
421925.0504,623875.4206,Embleton Moor
422908.1486,627965.8473,Swinhoe Links
421854.3313,626075.2918,Crook Letch
425399.6117,620628.8721,The Heughs
421887.3702,620891.1355,Gallow Moor
423229.1298,626548.3481,Newton Links
424024.5578,626066.3064,Beadnell Bay
424947.8067,623692.074,Embleton Bay
423162.5982,629215.3096,Beadnell
421258.1634,631397.887,North Sunderland
420180.2559,632968.9169,Clashope
420870.6809,630666.5467,Southfield
419990.8781,631845.8381,Springhill Farm Cottages
420526.8068,632474.7639,Shoreston Cottage
422484.7953,631002.4207,Annstead Bridge
420534.2119,633535.5329,Monks House
423042.2121,630127.0238,Linkhouse
422730.2711,630009.5029,Beadnell Links
422262.0838,630654.2768,Annstead Farm Cottages
420205.3098,633301.5731,Clashope Burn
420485.6205,630062.7109,Engine Burn
421990.9957,630517.1074,Annstead Burn
425000.713,635248.593,North Sea
424434.974,638658.0645,Clove Car
422403.0413,636445.8457,Knoxes Reef
422258.9481,632130.8062,Fluke Hole
422787.8888,631723.487,Braidcarr Rocks
423682.9972,637869.3347,Staple Island
422807.008,631520.2121,Snook Point / North Sunderland Point
422511.863,632114.1975,Pace Hill
422413.7747,635957.8665,Inner Farne
422735.9379,630619.2232,Annstead Links
421771.9928,632360.4952,The Tumblers
420178.9491,633959.7746,Greenhill Rocks
424731.148,638996.1011,Longstone
424007.7946,638494.9377,Big Harcar
420002.9536,633787.2742,Greenhill Links
420618.7764,632882.0769,St Aidan's Dunes
422672.5143,636704.2233,Staple Sound
421873.7018,633092.954,Inner Sound
422182.3298,631996.6344,Seahouses
