X,Y,NAME
7177.389499,900919.0347,Overhang
5889.116544,901076.2968,Gob na h-Airde
5441.301505,901410.0318,Gob a' Ghaill
5871.547861,900877.6367,Gob Phursan
6243.774,900946.8736,Soay
15382.02205,906013.5677,An t-Sail
15836.02203,905050.4786,Mullach an Tuamail
15498.59931,904355.646,Gob Sgapanais
10492.27734,900555.3453,Leac Mhina Stac
10555.87163,900157.8609,Sgeir Dhomhnuill
10705.54025,900021.5261,Stac a' Langa
15293.1911,904478.1433,Sgarbhstac
10437.24615,900719.5343,Mina Stac
15185.64196,906374.8578,Stac an Armin
14195.71918,904848.4806,Stac Lee
14771.96572,904987.2535,Clagan na R<f>&#x00f9;</f>sgachan
15519.8394,905271.9969,Boreray
10194.43155,900139.9759,Aird Uachdarachd
15380.69977,904769.9182,Overhang
69179.98112,946338.8303,Eilean a' Ghobha
69167.68097,946791.7204,Roaiream
68577.26914,946403.3461,Br<f>&#x00f2;</f>na Cleit
71562.51063,946239.0936,Flannan Isles Na h-Eileanan Flannach
72851.27733,946318.3312,Eilean Tighe
72563.1867,946802.2628,Eilean M<f>&#x00f2;</f>r
72611.52499,945216.5719,Sgeir Toman
72540.51991,945384.4997,Soraigh
72396.53147,945072.1269,Sgeir Righinn
72590.20455,946420.3107,Lamh na Sgeire Moire
73106.6026,946306.1925,Hamasgeir
72861.58089,946560.7841,L<f>&#x00e0;</f>mh na Sgeire Bheag
72964.04109,946945.3159,Dearc na Sgeir
73823.92812,946461.1646,Gealtaire Beag
74339.68265,946530.3914,Gealtaire M<f>&#x00f2;</f>r
72924.02776,946827.699,Sr<f>&#x00f2;</f>n na Faing
87412.04859,911547.6174,Gaisgeir
88692.43411,910784.049,Gaisgeir Beag
98799.44812,909799.9154,Gloraig Huisinis
96366.49523,905901.6279,Gloraig Tharasaigh
98551.93004,909753.5622,Gloraig H<f>&#x00f9;</f>isinis
99249.46258,900762.5718,Rubha Bhannageodha
98939.34781,900396.8118,Aird Tro
98867.98612,912018.4963,H<f>&#x00f9;</f>isinis
97801.45782,915232.2332,Abhainn Foirse
97430.03644,913899.265,Allt a' Mhuilinn
96283.40432,914883.9057,Abhainn Moadale
97662.76723,914447.07,Loch Uidemul
99141.03177,911371.0324,Bagh Huisinis
99137.93281,911925.6149,Tr<f>&#x00e0;</f>igh Hushinish Sand
99694.27162,913335.5098,Greascleit
99349.85036,915988.3498,Br<f>&#x00e0;</f>igh M<f>&#x00f2;</f>r
98810.33604,912890.3299,Caolas an Scarp
98362.19322,911477.2761,Cnoc M<f>&#x00f2;</f>r
97074.81985,913533.5874,Eilean a' Mhoil Mh<f>&#x00f2;</f>ir
99482.35817,919809.1735,Staca Liath
95050.57962,916287.8303,Sgeir Moil Duinn
97683.27566,912922.0043,Rubha na Creadha
99780.89879,919733.0754,Liongam
99443.72898,915112.6798,Fladaigh
96438.96103,917040.1344,Cearstaigh
98164.74092,911054.2915,Rubha Huisinis
96161.72494,918600.5525,Duisgeir
99915.39388,919843.3629,Sgeir Caolas Liongaim
99708.37699,912597.9959,Sr<f>&#x00f2;</f>n nam Fiadh
98898.86847,917746.5663,Braigh M<f>&#x00f2;</f>r
99121.39931,926164.153,Breanais
99483.76727,927881.4478,Islibhig
99818.99038,925420.007,Abhainn Bhreinis
99688.73526,926569.6607,Allt Geislir
99181.72891,925995.6986,Allt L<f>&#x00f2;</f>n nam Buailtean
99951.48349,928138.1377,Allt Nealagro
99850.82684,921408.7972,Allt Gualainn an Fhuarain
99015.88715,927102.3385,Allt L<f>&#x00f2;</f>n Gheilir
98742.68966,927229.007,Abhainn Eadar Dh<f>&#x00e0;</f> Loch
99714.68305,922480.5605,Abhainn Staca-Geodha
99810.17376,921172.6061,Linne Dhorch
99656.13056,928549.2178,Abhainn Chl<f>&#x00e8;</f>idir
99453.97917,924322.8705,Allt a' Bhuaileachd
99516.06271,923364.1881,Allt an Fhionnaidh
99449.03069,924008.6515,Allt Hatasaidh
98642.34391,925091.9221,Camas a' Mhoil
97609.91757,920776.9823,Rubha Leacach
97530.93055,921622.1678,Rubha Sgarbh a' Gheodha
97018.80755,921937.1056,Rubha a' Bh<f>&#x00e0;</f>in Mh<f>&#x00f2;</f>ir
97313.30133,922202.9445,Rubha Geodha an Fhe<f>&#x00f2;</f>ir
98095.57874,922428.6339,Bodha a' Leumadair Mh<f>&#x00f2;</f>ir
97873.32801,924218.6386,Sgeir nan Sgarbh
98360.6853,924372.3059,Rubha Dubh Ghr<f>&#x00e8;</f>ineim
97809.79282,926357.9952,Rubha Dubh na Buaile
97956.39648,926977.4142,<f>&#x00c0;</f>ird Bhreinis
98201.14152,927094.8195,Druim an Fhaslaich
98082.50869,927451.183,Rubha B<f>&#x00e0;</f>n
98561.72317,920883.6101,Rubha an D<f>&#x00f2;</f>bhrain
99427.94216,920783.5525,<f>&#x00c0;</f>ird Ghriamanais
99763.70753,920873.3253,Cleit Ghriamanais
98599.39896,921230.3126,Rubha an t-S<f>&#x00ec;</f>thein Duibh
99557.89234,921858.5959,Cleite Leac an Aiseig
99277.5194,922401.5142,Rubha Staca-Geodha
99332.80806,922605.0946,Rubha Foirsgeo
99057.31201,923241.7855,Rubha Buaile Linnis
99223.61954,923298.7278,Buaile Linnis
99724.41415,922598.7154,Tom Dh<f>&#x00f2;</f>mhnaill
99408.71606,922523.6559,Staca-Geodha
99771.17482,923298.5099,Leathad Thotaroil
99060.61488,923629.3368,Rubha Fainis
99387.07861,923742.6304,Cnoc Rainich
99038.52105,923818.8115,Buaile Fainis
98802.60189,924053.4208,Sgeir a' Chuilean Bhig
98968.6546,923957.1604,Sgeir Iain Mh<f>&#x00f2;</f>ir
99928.50654,923680.5858,Cnoc na Gile
99239.12452,925172.606,Cnoc Glas <f>&#x00c0;</f>irigh an T<f>&#x00e0;</f>illeir
99452.21454,925605.8171,Liana na B<f>&#x00e0;</f> Corraich
99333.43216,921412.5383,Sgeir Ghlas Leac an Aiseig
99919.95286,925497.5,Druim Cachalaidh Mhaith
99748.91095,925669.5661,Tom a' Phris
99897.77726,925800.5672,Tom na Lic B<f>&#x00e0;</f>ine
99593.40808,925884.1082,Buaile Bhuidhe
99602.85083,926255.5718,Tom na B<f>&#x00e0;</f> Bailg-Fhionn
98252.2725,927955.662,Druim nam Faoileag
98658.88127,928095.4923,Gob Dubh
98829.99724,927779.644,Stac na h-Aibhne
99638.73988,927308.6898,Druim Leac an Fhir Mh<f>&#x00f2;</f>ir
99512.89788,927205.3833,Leac an Fhir Mh<f>&#x00f2;</f>ir
99241.0616,928966.8728,Rubha Sith
99127.07369,929265.64,<f>&#x00c0;</f>ird Feinis
99952.67507,928368.4794,Liana na L<f>&#x00e0;</f>ire Duibhe
99921.09948,925146.3016,Tom nan Laogh
98004.25953,926423.2655,Buaile Tiraso
97596.11832,922102.1258,B<f>&#x00e0;</f>n M<f>&#x00f2;</f>r
97496.72503,923191.9473,Hairsgeir M<f>&#x00f2;</f>r
97034.12934,923094.5573,Hairsgeir Beag
98059.27304,924464.807,Gr<f>&#x00e8;</f>ineam
98023.85676,927835.7734,Stac an Tuill
98111.20685,927630.6553,Dubh Sgeir Lachdunn
98538.04077,921465.1527,Sgeir Ruadh
98074.79827,924026.6299,Sgeir Ghobhlach
97214.65309,921210.7221,Eilean Mh<f>&#x00e8;</f>alasta
97193.4641,921331.4846,Sgeir Uaine a' Bh<f>&#x00e0;</f>in Bhig
97179.27836,921768.4703,Sgeir na Geodha Ruaidhe
98049.62938,922346.8277,Leumadair M<f>&#x00f2;</f>r
97990.58095,925987.0556,Sgeir Ghlas
97854.92993,925909.8884,Sgeir Shiobachd
97644.45955,926032.4637,Sgeir Ghlas Bheag
98693.33475,923733.8232,Sgeir Isgean
98352.79604,923645.7658,Sgeir Liath
98259.71216,928114.5064,Staca Leathann
98944.72285,928271.1369,Sgeir a' Chota Mh<f>&#x00f2;</f>ir
98175.8538,923491.8941,Sgeir Lachdunn
97808.73373,926562.7165,Bodha Mol Griom
98060.68988,928031.205,Staca C<f>&#x00f2;</f>rr
98510.28683,920731.8919,Sgeir Ghlas na Roinne
99386.5402,920928.5028,Sgeir Ghlas Ghriamanais
99375.52009,921221.7646,Sgeir Ghlas Mheadhanach
98340.31698,923847.3259,Sgeir nam Fiasgan
100006.2829,929639.0338,Sgeirean an Taroin
97330.7483,922360.2748,Sgeir Dhuibh Geodha an Fhe<f>&#x00f2;</f>ir
97758.80564,924702.8904,Sgeir Dhubh Ghr<f>&#x00e8;</f>ineim
98062.02297,925492.0096,Sgeir E<f>&#x00f2;</f>ghainn
97811.78424,926784.9934,Rubha na h-Aona Cloich
99848.86817,920198.9743,Creag Lag Stidhegeadh
98284.88407,925550.8699,Sgeir Mh<f>&#x00f2;</f>r
98496.20314,921092.5475,Sgeir Sheilearo
99368.4547,922944.7316,Rubha Dubh Leac a' Sgail
98946.25129,924246.2297,Rubha an Teampaill
99489.31387,926144.5746,Buaile Mh<f>&#x00f2;</f>r
99000.73698,926248.293,Cnoc Thotaroil
99966.38963,926169.9819,Tom a' Gharaidh
99741.07727,927906.7073,Druim na h-<f>&#x00c0;</f>irigh Coimhead
99308.49221,928824.7529,Staca Biorach
100111.6746,926957.1774,Cliaraichean
99925.42781,921824.1466,Creagan Ille S<f>&#x00ec;</f>os
99908.53245,921260.9992,Gualainn an Fhuarain
99853.71277,924752.5669,Creagan Druideamol
99874.67263,922813.9724,Liath-Chleit
98013.19622,921839.9097,Eilean Mhealasta
99580.74346,932271.4309,Eilean Molach
99461.10011,932526.3762,Sgeir a' Tuath
99719.96089,932185.2718,Laimhrig a Deas
100082.978,932392.0059,Ard More Mangersta
