X,Y,NAME
198678.5539,558790.4619,Portslogan
199960.0075,555795.8759,Blair Cottage
198139.8647,556282.8338,Killantringan Lighthouse
199487.496,556112.5086,Ouchtriemakain Bridge
199499.2352,556924.2105,Killantringan Cottage
198525.5959,557607.7476,House Of Knock
198095.6737,558018.9485,Cable House
199832.5579,557944.6382,Knock And Maize
198804.473,558093.8186,Knock Cottage
197727.6327,559640.6242,Shore Cottage
198161.2939,559703.7216,Little Larbrax Cottage
198736.1328,559709.3584,Knockaldie
198752.0774,559532.1537,Pinewood
199558.4333,559792.614,Burn View
199551.5447,558594.384,High Knock Maize
199257.5194,554995.9964,Dunskey Golf Course
200097.666,555104.0606,Kennel Park
199884.7773,556520.9494,Dunskey Burn
199086.6278,559088.8707,Knock and Maize Burn
199565.4058,555894.106,Dunskey Glen
199737.8341,556339.2549,Punch Bowl Wood
199909.194,556721.1797,Killantringan Wood
199734.8675,555879.782,Colonel's Wood
199906.2717,555100.305,Keeper's Wood
199131.9281,555161.653,Islay Knoll
199514.7041,556770.1024,Killantringan Fell
198565.8521,558108.7499,Lashendarroch Hill
199633.0512,559016.6277,Core Hill of the Glaik
198071.4926,558101.9344,Bere Holm
199348.1762,554712.6905,Cove Hill
199108.3176,554691.1734,Yellow Isle
198504.6509,555322.0667,Partan Isles
198177.7871,555931.6495,Cubbies Hole
198715.2773,556320.8855,Craig Anthony
198747.9665,557437.7562,Cairn Hill
198028.3003,558324.3862,Knock and Maize
198274.5599,559477.9803,Cairn Hill
198760.4052,555592.6427,Ouchtriemakain Moor
197324.1776,559870.1848,Broadsea Bay
198889.4996,559809.9733,Brochdoo Hill
199521.9883,558085.742,Knock and Maize
199930.0949,556122.3954,Craigbouie Fell
199260.9802,559211.5529,Glaik Hill
199234.0369,558223.5487,Shepherd's Hill
198275.9052,559043.169,Rough Cairn Hill
194500.3736,554649.5195,North Channel
199807.4723,567786.8814,Ervie
199185.1273,561584.3085,Blackpark
197976.6145,562987.0964,Galdenoch Radio Station
198387.3139,562724.5905,Lochnaw Cottage
198962.7121,562472.8892,Home Farm
197705.7024,563456.37,Little Galdenoch
198492.2463,563382.4166,Cranberry Cottage
199392.2526,562538.4662,Kinsale Tower
198992.4653,562715.399,Lochnaw Castle
199061.5757,563483.3096,Garchrie Cottage
199725.3775,563444.5525,Drumlochart Caravan Park
198743.0743,564814.3316,West Glengyre
199744.4688,563713.9858,Garchrie Croft
198786.188,565383.7174,Meikle Glengyre Cottage
198877.2121,566188.8044,Mains Of Dhuloch
199877.5715,565576.2064,Little Glengyre
198072.5321,566572.6971,Little Cairnbrock
197595.2656,566638.0204,Dhuloch Schoolhouse
198818.1163,567727.4964,Little Airies
198133.4821,568642.3341,Windy Hollow
199320.5149,568453.6225,Bankswell
199891.0413,568512.5276,Drumdow Cottage
196955.3381,569049.6322,Dally Bay Cottage
197205.1369,569385.0584,South Cairn
198163.6074,569565.6398,Alandale
199077.319,569590.535,Cairnbowie
198436.9024,561567.6613,Larbrax Lodge
199897.1769,563127.748,North Lodge
197608.4914,560307.1982,Meikle Larbrax
197299.8184,563843.447,Knocknain Cottages
197275.8967,564283.8456,Knocknain
196879.7135,564663.025,High Mark Cottages
197461.9148,564871.9677,Manley
196973.1089,565585.042,High Auchneel
196963.4128,566091.1921,Skellies Knowes East
197338.4821,565754.1935,Mains Of Cairnbrock
197602.1557,567605.5898,Mains Of Airies
197926.7495,560857.2656,Larbrax Cottages
198670.9229,560495.6715,Balgracie Cottage
198619.7259,561035.9974,Larbrax School House
199818.7762,560583.5761,Auchnotteroch Cottages
197390.3728,569039.0985,Ardrie Burn
197106.9275,563714.3575,Galdenoch Burn
199022.3061,565277.5613,Glengyre Burn
197170.3537,564943.3751,High Mark Burn
197694.6088,568577.4663,Dally Burn
199618.0232,561333.1217,Green Burn
197582.9058,563122.41,Mill Isle Burn
197357.5567,563139.5722,Green Burn
198706.856,569340.0437,Airdrie Burn
196536.1234,568806.6289,Dounan Bay
199132.8412,562986.5018,Lochnaw Loch
199207.1287,563260.1138,Loch Belt
199927.0481,561840.2897,Slewtammock Plantation
198827.8571,561555.68,Ochteralinachan Wood
198620.3677,563554.7918,North Garchrie Wood
198664.2526,563501.6885,Noel Plantation
198337.2254,563025.6701,Cairnhapple Wood
198441.7539,562152.5603,White Hill Wood
198053.6725,562506.3518,Galdenoch Wood
198432.1423,561628.8575,Graham Plantation
199030.7083,562353.6761,Nursery Wood
199127.6784,562158.8585,Craighead Belt
199367.1074,561316.0692,Blackpark Plantation
199825.1021,562000.2803,Slewtammoch Plantation
199890.2194,562526.86,Clashnarroch Wood
199094.2813,561722.111,Topmalloch Wood
197535.8291,563316.1271,Mill Croft Wood
199545.028,561155.3112,Auchnotteroch Plantation
199375.5299,562141.9213,South Craighead Wood
199197.6091,569260.0744,Balsarroch Wood
199458.9013,569451.5357,Inchbane Plantation
198371.8344,562452.9464,Black Ward Plantation
199313.0084,563484.4463,Garchrie Wood
198429.9357,561956.691,Black Hill Wood
198905.1343,562832.5678,Drummullin Wood
199826.2351,562922.4098,White Ward Plantation
196258.6992,563293.0732,Broad Port
198299.6351,569879.4112,Knocktim Hill
197554.1368,566282.7708,Slewkennen Hill
197948.7267,560615.8038,Little Knockarod
198484.2429,566858.8673,Dhuloch Hill
198972.475,563950.4273,Cowan Hill
196586.3827,565045.3788,Rough Hill
197557.4922,567954.4772,Lingloskin Hill
199464.4885,564981.6945,Slewsack Hill
198985.6377,566797.4968,Knockbennan Hill
198896.8188,568965.882,Bine Hill
198225.4171,560393.6236,Knockmasson
196948.8174,566570.7607,Bught Hill
196417.106,569265.8205,Laggan Hill
196879.1314,567528.9916,Orbain Hill
197361.2013,560327.3457,Mill Hill
197532.6224,563590.3816,Black Hill
196794.5801,564424.2319,Ruddoch Hill
197652.1199,564399.086,Kiln Hill
199267.9695,560463.8599,Cowan Hill
196029.0173,565641.5548,Gull Craig
196178.6212,566143.6795,Dounan Knowe
196053.3148,564873.8396,Juniper Rock
197217.5987,566446.0626,Garsalloch Hill
198172.6285,567761.8484,Knockenharry Hill
198743.7333,568165.7346,Round Hill
197020.4032,568490.1689,Glen Hill
198593.6137,568672.5231,Garlies Round Hill
197737.5786,568799.128,Knocknassie Hill
198235.1119,568823.4223,Lady Hill
199890.5639,565792.9452,Knockmulloch Hill
199329.8326,566588.3654,Drumbuie Hill
199449.3154,567304.295,Ervie Hill
199965.6323,568641.9449,Drumdow Hill
199628.5318,569231.2172,Broom Hill
200099.2552,567865.4645,Killiemacuddican
197731.4797,567138.0743,Airies
199442.9073,564113.3995,Garchrie Moss
197062.0444,563914.1696,Mill Park
198244.9098,565811.5116,Dogstone Hill
198896.4958,561790.4665,Topmalloch Hill
199986.9498,560761.4672,Core Hill
199191.6163,564700.5158,Slewcart Hill
198708.1828,561200.4905,Cairn Hill of Balgracie
199937.6544,562767.551,Craig Head
197312.2188,562194.4489,Galdenoch Moor
197454.0208,561306.4494,Larbrax Moor
198240.3481,564107.8175,Knockarod
193000.3975,565049.3834,North Channel
198301.1406,570547.4714,Cairnside Cottages
198850.9744,570169.0419,Knockneen Croft
198765.5026,571944.4559,North Park Cottages
199697.0632,571382.9555,Damhouse
198245.2343,572511.6115,Corsewall Lighthouse
199609.0087,571896.9488,Damhouse Hill
197381.4696,569996.1642,Cairn Hill
198187.0938,572646.2451,Corsewall Point
198847.3309,570757.3672,Jamieson's Hill
197270.9417,571027.9772,Moidoch Hole
199372.2685,572399.1488,Finen Hill
197471.9308,571590.631,Bloody Rock
197925.0163,571215.9158,Drumfarnackan
198312.6527,572713.836,Blackhead Rock
198281.5027,572789.2657,Well Isle
198484.9539,572774.1046,Ochley Point
198826.3189,570057.1907,Cairnbowie Hill
193246.76,573982.5807,North Channel
