X,Y,NAME
162104.3402,1030554.67,Sula Sgeir
162037.0296,1030338.493,Creag Trithaiga
162331.7495,1030655.037,Thamna Sgeir
161811.0654,1030269.663,Sr<f>&#x00f2;</f>n na Lice
162258.5681,1030427.961,Sgeir an Teampuill
161706.3689,1030677.144,D<f>&#x00e0;</f> Bogha R<f>&#x00e0;</f>mha Cleit
161743.1484,1030544.742,Cnap Geodha Bl<f>&#x00e0;</f>tha Beag
161302.5201,1031229.533,Bogha C<f>&#x00f2;</f>rr
181985.7839,1032084.639,Leac Iain Tailleir
182064.136,1032250.825,Sr<f>&#x00f2;</f>n nan Caorach
181440.3018,1031876.516,Sr<f>&#x00f2;</f>n an t-Tinntir
182065.0031,1031712.951,Gealldruig Bheag
180345.423,1032311.67,Leacan's Iar
181897.5545,1031439.353,Gealldraig Mh<f>&#x00f2;</f>r
180133.2699,1031970.489,L<f>&#x00f2;</f>ba Sgeir
181146.7481,1032470.314,Rona
