X,Y,NAME
550027.6569,97411.01255,Buckle Church
545002.8782,94646.29373,English Channel
549680.7894,97600.74677,Yellow Falls
543737.0858,99961.49285,Old Nore Point
547981.4248,97635.7051,Seaford Bay
549258.59,99508.81915,Sutton
548030.8363,98756.70237,SEAFORD
555906.0627,97662.77699,East Dean
552208.3615,99661.45922,Westdean
554599.1347,97495.86781,Crowlink
553762.6745,98025.42934,Gayles
555437.5493,96130.2683,Birling Gap
557273.2237,95700.52739,Hodcombe Farm
550453.0912,98070.41092,South Hill Barn
551211.3272,97649.86346,Coastguard Cottages
552340.4671,98344.01286,Foxhole
551223.7838,99175.11591,The Golden Galleon
552126.0641,99529.90976,Exceat Cottage
553048.8615,99721.84806,Sheep Pen Cottages
556194.1772,95544.83106,The Belle Tout Lighthouse
556574.8897,96374.93829,Cornish Farm
558581.3364,96405.10506,Bullock Down Farm Cottages
558719.6858,95804.23805,Beachy Head Countryside Centre
553177.7415,98511.2618,Newbarn Cottage
555037.6556,98816.91516,Friston Place Cottages
555847.5109,96991.38738,Birling Farm
556554.8452,97262.13149,New Barn
557668.6324,97901.78041,Halfway Cottages
557999.0276,98876.0675,Ringwood
553512.6147,99253.37857,Newbarn Cottages
556074.7964,99959.69163,Duttles Farm
558757.1123,96531.56169,Bullock Down Farm House
558826.764,97363.41765,Black Robin Farm
551392.8655,99775.27209,Cuckmere River
558017.1494,97558.10503,Crapham Bottom
551286.5732,97935.37846,Outbrook Bank
553326.1633,97115.06424,Rough Bottom
556865.3939,97159.24447,Bramble Bottom
557130.7434,96850.98175,Wigden's Bottom
555233.7057,99136.98366,Butchershole Bottom
557100.3498,96320.30563,Kiln Combe
557148.6745,98464.43278,Ringwood Bottom
553039.8739,97443.29052,Limekiln Bottom
553858.3463,97043.73504,Gap Bottom
556765.2598,98998.89309,Chapman's Bottom
552933.7056,98658.35643,Newbarn Bottom
553672.7141,96839.80999,Seven Sisters
556895.8298,98038.61124,Eastdean Down
555997.1599,99014.58881,Peak Dean
557054.7876,98870.37291,Pea Down
557975.8891,97978.26869,Crapham Hill
558503.4793,99379.02487,Beachy Brow
558640.3004,97700.266,Warren Hill
554670.206,98043.7528,South Hill
558449.8615,97524.57,Middle Brow
558299.8602,96227.21108,Sweet Brow
558030.515,95876.18467,West Brow
559064.8489,95581.8311,Beachy Head
558973.7786,96167.37938,Heathy Brow
555003.2492,93446.26702,English Channel
558778.3844,99061.7155,Cherry Garden Plantation
556182.7477,95829.72535,Horseshoe Plantation
551643.5129,97405.86528,Cuckmere Haven
553719.4821,99687.56937,Beggar's Croft
553457.2684,98616.70577,Scabs Island
553468.0522,98367.30807,Newbarn Hill
557653.329,96699.97113,Long Down
553237.6604,97224.55171,Rough Brow
550926.91,98530.2693,Walls Brow
554301.7823,99409.44061,Middle Brow
559751.1011,96452.3675,Whitebread Hole
554093.5418,96990.30386,Flagstaff Brow
554401.5937,96904.23948,Flat Hill
554684.8111,96881.74598,Baily's Hill
557127.5358,95975.00911,Frost Hill
556950.1782,97638.23831,Mill Down
557476.1008,97475.6204,Crapham Down
554508.1087,99104.99917,Friston Hill
552717.5308,97292.01207,Short Brow
555410.096,97024.68278,Went Hill
552425.2363,97580.95492,Haven Brow
550589.1219,97943.23557,South Hill
551197.8368,97443.55182,Short Cliff
553790.3116,96623.19246,Flagstaff Point
552353.5827,99060.07626,Exceat Hill
554448.6336,99299.54288,Friston Forest
559355.031,99861.09192,Downside
555852.2998,98038.67112,Friston
560282.1413,99467.1184,The Bourne
565003.6022,95246.3651,English Channel
560131.9207,99225.3693,Gildredge Park
560277.9908,98408.97041,Compton Park
560508.6095,97357.81641,Crow's Nest
560432.4786,97877.08605,Meads
559992.1099,99558.87027,Upperton
560357.9284,98806.61572,EASTBOURNE
