X,Y,NAME
399920.2659,79708.50441,Little Acorn
402958.1184,76968.47322,Anvil Point Lighthouse
400876.0784,77628.54196,Cuckoo Pound
401039.8121,78022.14834,Verney Farm
401882.049,77754.34204,California Farm
401325.7716,79440.69784,Alderbury Barn
401636.5016,79699.30075,Herston Yards Farm
401137.1593,79413.61319,Swanage Railway
404999.8484,74845.49024,English Channel
400725.9656,79677.92004,Square Copse
400279.9367,79526.42274,Quince Hill Wood
400486.7155,79369.45835,Yards Brake
400130.7408,79288.50797,Farm Wood
400783.6804,79376.85158,Leeson Wood
400920.0332,79231.95621,Litchfield Copse
400640.7034,79427.9382,Serrell's Copse
401293.218,79790.10272,Alderbury Copse
400958.5149,79754.04992,Little Linnings Copse
400961.3401,79601.57379,Great Linnings Copse
402516.0897,79807.52375,Northbrook Copse
400921.5708,78961.79344,Coombe Copse
404008.1541,78458.94558,Durlston Bay
400586.6596,78684.43088,Leeson Park
402850.7493,76811.34409,Anvil Point
400668.7363,76782.77782,Blackers Hole
402989.4976,77422.95045,Durlston Country Park
403947.2028,78667.28891,Swanage Bay
402290.2838,78291.42907,Round Down
400888.9443,78709.96669,Gully
403351.464,77935.27388,Durlston
400505.8089,78829.82481,Coombe
401871.7061,78987.79346,Herston
403392.828,78737.61693,SWANAGE
403247.735,82500.03576,Studland
402290.4021,80856.33812,Ulwell
403586.1331,81645.6707,Glebeland Estate
401396.932,86182.0516,Goathorn Cottage
400758.4542,80020.00966,Windmill Barn
400999.8315,87056.89046,Stone Cottage
401333.8368,87594.81521,Baden-Powell Outdoor Centre
402694.7957,87644.16792,Farm Buildings
402528.8007,88382.5218,St Andrew's Terrace
403590.5566,86295.53466,Ferry Office
400011.275,80244.38126,The Old Farmhouse
400648.8376,80785.11535,Knitson Old Farmhouse
400405.5522,81924.27298,Kingswood Farm Cottage
400596.923,85065.22262,Newton
400582.9135,86581.44494,Greensleeves
401489.8401,81561.09229,Currendon Farm
401969.6757,81950.26783,Agglestone Cottage
402913.9863,83497.7006,Pipley Bridge
401157.4313,84836.18939,Goathorn Farm
401757.9562,84690.3854,Greenlands Farm
404799.7434,89588.41529,Luscombe Valley
402196.4589,89678.39865,Poole Harbour
407213.7375,87401.36868,Poole Bay
407622.7942,82045.87527,English Channel
403540.8402,89963.32994,Blue Lagoon
402092.9695,88099.24996,West Lake
403019.1632,84908.30785,Little Sea
400157.2271,85347.07957,Game Copse
402518.1597,82201.63975,West Wood
401620.583,87991.54349,Rough Brake
400856.3765,81425.62997,Buildings Copse
401189.3991,80039.78186,Marsh Copse
402358.7462,87690.4199,Harley Wood
404253.6522,82113.65184,The Warren Wood
401495.5318,80653.94676,Godlingston Wood
405184.9993,82255.80437,Studland Wood
401982.3084,88342.11048,Oxford Wood
400633.7247,85123.37076,Newton Copse
402991.7889,87512.06374,Brownsea Road
402800.9571,86227.40547,Stone Island Lake
401989.4527,87085.76007,White Ground Lake
400914.4139,85579.65169,Goathorn Plantation
401184.5682,86081.34285,South Deep
401855.8941,84883.12679,Brand's Bay
403001.5619,82136.53264,Woodhouse Hill
401562.1337,85100.56391,Drove Island
403015.9082,83193.14054,Knowl Hill
401615.797,87849.74952,Penelope Park
404536.6854,83469.2447,Studland Bay
400736.3648,81243.9684,Nine Barrow Down
401572.8867,81703.32422,Dean Hill
400502.0568,87133.24479,Green Island
400488.9997,89801.7908,Main Channel
402002.463,83348.52126,Godlingston Heath
402960.138,81189.13584,Ballard Down
403343.8808,84682.05733,Studland Heath
400492.5422,84314.54875,Newton Heath
401142.1674,87187.40194,Furzey Island
403090.2297,80272.76585,New Swanage
404095.3675,87595.13882,Sandbanks
404158.7527,89588.90454,Lilliput
405237.1636,89382.41936,Canford Cliffs
405311.2996,99117.04679,Hampreston
406411.9541,98486.65972,Longham
410095.9173,97651.7991,East Parley
409703.2148,97086.36883,Parley Green
404534.3732,99628.3691,Little Canford
405072.6208,97548.58924,Knighton
399968.6068,98241.57842,Ashington
404039.5422,96167.43634,Beechleys
400884.1321,97715.65983,Rose Lawn Cottage
400602.055,98358.73366,Merley House Holiday Park
403913.9062,97317.09518,Moortown Cottage
404138.9646,97692.70652,Moortown Farmhouse
403883.5062,98596.44448,Canford Magna Golf Club
409287.1248,98325.84599,Rhubane Cottage
409635.4481,98908.06387,Hurn Honey Farm
404431.6682,95806.09671,Knighton Heath Golf Course
410080.545,99116.45855,Whitemere House
400411.2003,99046.40461,Merley Hall Farm House
400067.2319,98974.72278,Lake Farm Cottage
406569.5999,92265.7982,The Bourne
403788.0392,99178.12122,River Stour
409634.9314,96373.92783,River Stour
402992.3883,94330.98234,Haymoor Bottom
407173.1278,90545.34035,Alum Chine
406488.652,93427.41152,Bourne Bottom
401009.4724,98469.68487,Merley Park
406641.7979,95970.90639,Kinson Common
402129.6097,90379.95659,Baiter
400756.8528,99625.96318,The Leaze
401217.2014,97159.6648,The Delph
403567.0628,98544.67429,Canford Park
400560.6195,91391.36995,Holes Bay
409114.057,99296.83238,Parley Common
405249.5078,93839.65384,Bourne Valley Nature Reserve
402595.3933,90400.1759,Parkstone Bay
400422.7354,91815.38697,Creekmoor Lake
400542.6804,91091.24389,Back Water Channel
402860.3677,97305.01037,Pennington Covert
406160.5464,99317.38933,Big Copse
407240.2572,96310.48438,Duke's Coppice
405661.8181,96097.32618,Butcher's Coppice
403477.5893,96983.49268,New Covert
402462.3544,96901.74828,Long Coppice
400418.5567,94792.58021,Hillbourne Copse
402583.1945,93090.82219,Parr's Plantation
400352.942,97959.77225,Holland's Hill Coppice
400626.3289,97999.35687,Livett's Hill Coppice
409588.4833,99594.03806,Gibbet Firs
400763.3362,98203.84351,The Shrubbery
401768.6283,97349.43766,Gravel Hill Plantation
406310.046,99000.16201,Dowden's Copse
400540.9526,98562.37555,Dirty Lane Coppice
408594.8834,96240.08606,Vernold's Coppice
402971.6378,98116.76318,Garden Coppice
401324.039,98447.20669,Pond Coppice
403738.1465,98002.23746,Moortown Coppice
405933.069,99337.48907,Crow Copse
402399.0689,90850.5675,Poole Park
401748.1561,96895.3871,Arrowsmith Coppice
405754.0606,90777.10356,Branksome Park Wood
401746.2944,95768.99574,Canford Heath Nature Reserve
402850.5003,95153.98548,Lodge Hill
407929.2912,97885.52087,Dudsbury Hill
402883.8085,90193.82239,Weston's Point
406846.2019,98599.28526,Holmwood Park
407265.0396,92345.88725,Pug's Hole
403060.4821,97414.773,Brake Hills
404078.3062,90430.89788,Blake Hill
404749.89,98941.52682,Seymour's Cliff
403372.4052,97220.63921,Stoat's Hill
405854.9644,97580.5669,Bartlett's Cliff
404071.1342,92083.70582,Upper Parkstone
407930.0748,98165.61026,Dudsbury
406530.2481,97132.22499,Longham
402569.9968,99829.3659,Leigh
402167.7406,99654.62045,Leigh Park
401788.305,99747.19622,St Johns
401159.3007,99914.73588,East Brook
402150.8543,98417.66371,Oakley
409933.8094,95816.75853,Muscliffe
409239.9488,95695.86647,Red Hill
409332.6968,94944.72091,Moordown
408847.366,95107.4661,Redhill Park
409461.3239,94128.09858,Charminster
408123.4828,96355.62501,Ensbury
408113.5705,95765.49992,Northbourne
407860.5731,94730.13397,Ensbury Park
407319.8446,94757.47082,Columbia Farm
407410.9978,94274.01634,Slades Farm
406372.7958,94674.83607,Turbary Common
409202.3667,92049.07801,Dean Park
408426.0937,91942.99973,Meyrick Park
407367.933,93963.50343,Talbot Village
407857.8195,92851.19784,Talbot Woods
407269.2802,93271.30678,Talbot Heath
406177.1562,92965.88175,Bourne Valley
406195.0689,91984.25034,Branksome
405529.757,96390.94523,Bear Cross
405576.1847,95418.41525,West Howe
405401.8233,94291.80444,Wallisdown
404366.9912,94498.64541,Alderney
403549.9761,93914.55453,Manning's Heath
405414.5912,93128.38897,Rossmore
403898.1865,93482.09374,Newtown
407214.3095,95322.78619,East Howe
401428.673,93709.34092,Nuffield
401231.2018,92843.14874,Stanley Green
401921.9505,92676.39785,Oakdale
401525.2833,91644.24905,Longfleet
401043.2686,91606.71107,Sterte
400120.3048,94692.18175,Hillbourne
400759.8221,94058.11011,Waterloo
399942.6038,93768.58851,Creekmore
407323.172,91219.41467,Westbourne
403130.2157,92621.28101,Foxholes
400065.2894,90220.107,Lower Hamworthy
400942.0496,90428.64018,Old Town
406982.9494,90458.44038,Alum Chine
407743.7916,90766.26514,West Cliff
409264.442,91320.29228,Bournemouth
405814.3881,90591.52981,Branksome Park
403894.9756,91245.32676,Parkstone
400652.8935,95716.7843,Broadstone
407141.6399,96030.11211,Kinson
408474.878,93519.53469,Winton
402664.196,94188.97317,Canford Heath
407545.7414,98080.53913,West Parley
404582.6711,96398.37924,Bearwood
403545.3631,98336.58867,Canford Magna
401895.4557,98336.28321,Merley
400720.3232,99699.74313,WIMBORNE MINSTER
408454.8273,91291.30139,BOURNEMOUTH
401767.5631,90964.04967,POOLE
418828.113,97048.73706,Neacroft
416264.1106,98558.58339,Ripley
414576.5481,98756.83464,Avon
416044.6099,96032.97525,Winkton
412678.3986,97059.86425,Hurn
419680.3932,99741.66111,Thorney Hill
415864.7477,97050.41867,Sopley
416893.004,99880.69926,North Ripley
419185.3972,96645.44916,Godwinscroft
417065.8941,97157.44942,North Brockhampton
417712.8012,97047.66226,Middle Brockhampton
413019.296,98521.20554,Avon Common
411315.0988,97145.14245,Merritown
418961.028,95972.10896,Waterditch
417356.8581,95846.96728,South Brockhampton
411812.759,96861.52659,West Hurn
413196.2939,95981.17166,Blackwater Cottages
417814.8944,95559.92614,Waterditch Farm
420037.1198,96146.39114,Ringwood Lodge
413509.0692,96986.40763,Brickfield Cottage
414530.6909,97431.83815,Tole Cottage
414105.5657,98190.09204,Pitt House Farm
412716.0057,99718.3971,Fillybrook Farm
415041.4752,99489.83789,Tyrrell's Ford Hotel
416856.5932,96430.19833,The Shack
416365.3731,97759.25075,Devils Roost Farm
417305.6259,97862.87098,Little Merryfield
419746.1485,97249.32376,Harrow Farmhouse
418542.4368,98925.11527,Shirley Farm
418187.5002,99280.842,Braggers Farm
411955.751,95788.59185,Woodlands Cottage
416086.2715,94075.92155,The Clockhouse Stream
415992.2699,95622.23185,Old Mill Stream
412226.6518,95786.25563,Leaden Stour
419400.5546,95792.47814,Sheers Brook
419383.962,97484.47357,River Mude
419483.4965,93521.14275,Bure Brook
415478.5056,95437.40055,Mill Stream
414800.4138,96953.09499,River Avon
418280.4921,95029.48787,River Mude
415639.4452,93726.87253,Mill Stream
415593.3213,94996.15041,River Avon
412548.8584,98250.05426,Moors River
409958.203,96560.16582,River Stour
413462.8383,94500.47777,River Stour
416254.6614,93102.90605,Barlins
413917.3208,98053.63382,Lord's Piece
413963.1629,96687.9071,Town Common
413236.9411,99856.21784,Week Common
412230.2206,99736.9087,Barnsfield Heath
411175.1141,98474.68015,Aviation Park West
415851.5839,95067.45325,Winkton Common
410114.9702,99054.00227,East Parley Common
416673.7858,92248.4646,Stanpit Marsh
418050.4066,98958.99716,Shirley
412582.5954,98893.1381,Hurn Forest
413582.2364,90615.52801,Poole Bay
419192.8901,91197.43237,Christchurch Bay
416702.9267,91764.82756,Grimbury Marsh
418828.7827,98651.09488,Stibb's Copse
418316.2046,98827.46975,Howen Copse
416226.8524,99281.51363,Tinker's Copse
416060.2305,98878.47998,Salway's Plantaion
415780.6174,98248.29955,Twobridges Plantation
417440.6535,97658.50593,Barrett's Copse
414804.4565,96103.82676,Dudmoor Copse
413433.8815,98705.30037,Tory's Firs
413784.4969,98603.73779,Furzy Copse
411541.8121,99596.03861,Keys Copse
412584.4807,97522.35634,Troublefield Copse
413700.1763,98217.85736,Pitthouse Copse
412385.3291,96717.05695,Mill Copse
411127.5298,97055.43643,Merritown Copse
416386.7941,99641.30885,Ball's Copse
415325.8504,98379.06055,Long Acre Plantation
418310.4957,99907.46111,Black Firs
417163.3463,99283.02138,Burnett's Wood
416917.3218,99798.55346,Hangman's Copse
418841.1168,98970.72326,Holmy Copse
417286.2819,99677.77855,Stignall's Copse
418034.8557,98801.38092,Prink's Wood
418089.8341,98484.82116,Elmers Copse
415478.4383,97810.67973,Whitcher's Plantation
415686.8689,97939.81293,Wright's Orchard
419439.7623,94739.03244,Roeshot Belt
413850.5145,94512.8555,Grove Copse
417937.5951,99767.44507,Whistlers Copse
417461.3187,99097.45991,Martin's Copse
414533.3786,99517.20335,Slape Copse
415980.4277,98814.10404,Salway's Plantation
415565.4736,98571.86227,Hackthorn Plantation
413728.1998,95879.13735,Blackwater Firs
419659.3555,98596.45827,Jopps Plantation
418348.9635,99740.8663,New Whistlers Copse
416732.9999,99288.27524,Ripley Plantations
413091.7101,96714.3376,Ramsdown Plantation
419914.5589,97670.36634,Harrow Wood
417254.5477,91407.58265,Christchurch Harbour
412250.8966,93992.01009,Littledown Park
410510.1559,96263.82711,Berry Hill
419454.7387,95383.57294,Burton Common
413690.7498,96070.52212,Blackwater Hill
419143.2854,99788.66127,Shirley Common
417441.563,90643.03864,Warren Hill
412001.3296,98293.31992,North East Sector
413141.7469,97416.23847,Sopley Common
417288.4469,92174.52569,Stanpit
419253.9191,92770.31251,Frias Cliff
418078.4739,92036.20211,Mudeford
416804.8812,93228.38794,Purewell
410768.6951,92336.02124,Springbourne
410881.7364,93083.37624,Queen's Park
410434.1584,94467.11007,Strouden
411540.4534,91762.84038,Boscombe
412422.207,92188.68767,Pokesdown
412304.5131,93032.03455,King's Park
412090.2429,93237.04422,Littledown
414311.4559,91524.38348,Southbourne
412999.0646,94160.09911,Holdenhurst
415121.8106,94059.97441,Fairmile
416313.5814,94721.09643,Burton
412116.3499,94583.66578,Townsend
410157.8672,91187.63546,East Cliff
411430.3117,94400.80199,Haddon Hill
413781.1613,93062.76053,Iford
415740.5384,91989.5544,Wick
414532.0496,92663.00766,Tuckton
414424.3812,95241.73361,St Catherine's Hill
413375.7423,92059.85747,West Southbourne
410859.4771,95813.53886,Throop
416012.0732,91261.40369,Hengistbury Head
415734.4331,93234.58216,Christchurch
414405.0897,94312.52305,Jumpers Commom
418381.2802,93471.99229,Somerford
418665.9101,97830.85791,Bransgore
415443.0499,92714.39629,CHRISTCHURCH
429613.6444,85501.52751,Alum Bay
425000.1319,85245.97689,English Channel
425000.1187,89886.48788,Christchurch Bay
429319.8271,84783.54286,Scratchell's Bay
429568.885,96620.75753,Bowing Green
425554.8716,97674.74055,Tiptoe
426780.9396,92899.2831,Downton
423821.714,98623.33759,Wootton
424167.0906,97275.90317,Bashley
421431.729,95713.12931,Hinton
425915.6211,98340.64144,Mead End
429594.7664,93133.44386,Lymore
427302.7319,93741.88474,Leagreen
422234.5028,96219.3193,Beckley
421113.9106,98069.92643,Heathfield
420372.6228,98047.60611,Waverley House
424971.6546,97451.75766,Kinkell Cottage
421415.9528,99118.28034,Holmsley Caravan And Camp Site
422983.3022,99822.12295,Holmsley Toll House
425188.0313,99694.60138,Wootton Bridge
426766.7676,97011.22137,Swaylett Farm
427522.489,96636.78167,Oaklea Farm
427476.1213,96905.15583,Little Arnewood Cottage
427051.9817,97220.92837,Arnewood Manor Farmhouse
428261.1004,96847.1578,Arnewood Court Turkey Farm
426802.7699,98790.06752,Cavalier Cottage
428385.8165,98171.84844,Eastwards
426184.7703,99997.50588,Oaken Bottom Caravan Site
420619.3179,99130.80527,Thorney Down Farm
426241.7892,93206.35504,Keepers Cottage
426044.4735,94085.98317,Manor Farm Cottages
425809.4866,96263.41633,Long Acre Farm
426801.5091,92269.73591,Orchards End
426105.486,92715.31127,Taddiford House
426506.3072,92735.06755,Hordle Manor Farm Cottage
426672.5579,93819.79103,Ashley Bridge
428482.9133,93462.05023,Newlands Manor Farm
427104.8852,94016.29087,Yeatton Cottages
426593.1905,96450.0804,Fairmeads Farm
428827.4008,95918.55095,Broadmead Trees Farmhouse
421601.0378,96755.73017,East Close Farm
421341.7466,97485.92894,North Hinton Farm Cottage
422650.8994,97258.42875,Halfpenny Cottage
423527.4948,97109.85753,Pennyfarthing Estates Farm House
421545.8567,98230.74834,Forest Lodge
424750.7182,97189.31834,Bashley Lodge Cottage
421324.306,98167.06462,Shear's Brook
420655.4665,97318.7522,Shears Brook
422758.2368,96557.62043,Walkford Brook
426324.4599,95096.28156,Danes Stream
422653.8867,95406.83395,Walkford Brook
426245.595,99042.33037,Avon Water
426499.4749,93428.35631,Danes Stream
429835.7039,99006.15016,Milking Pound Bottom
421017.4448,96896.95944,North Hinton Park
421605.5268,93924.71194,Chewton Common
420775.305,94855.34508,Cranemoor Common
424942.8396,93116.4344,Barton Common
420938.2035,96135.68515,Hinton Park
427907.8999,94468.30899,The Rough
421760.2865,99126.18876,Plain Heath
425506.4986,99211.95834,Broadley Enclosure
422579.8564,97524.0595,Ossemsley
424600.1091,91246.2707,English Channel
424400.1053,91446.28096,Christchurch Bay
423367.0815,96981.39683,Bashley Copse
429733.229,95702.409,Ramley Copse
426502.3648,92853.64992,Island Copse
420373.9058,98852.50216,Tothill Wood
421638.1704,96312.86305,White's Plantation
421705.5012,96416.73748,Hobbs Plantation
421786.0428,96254.90451,Hobbs Copse
429810.6726,94803.54316,Wainsford Copse
429399.0945,95347.71413,Batchley Copse
428562.3428,94721.20862,Icehouse Plantation
426361.6318,93147.70413,Honeylake Wood
421360.8259,96871.05083,Eastclose Copse
422581.3476,95137.38038,Walkford Moor Copse
420696.0974,95607.31472,Dark Firs
420420.3333,95535.15075,Tilley's Plantation
421217.447,94865.3831,Marlpit Copse
428267.6743,96248.59441,Barrows Copse
423408.9615,99296.74399,Lobbs Hole Copse
423264.4024,97780.19727,Jone's Covert
423545.2287,96881.79742,New Lane Orchard
426495.8651,92660.85665,Sandpit Copse
420076.3425,95363.20333,Lower Allensworth Wood
425740.8525,96446.37214,Stanley's Copse
423013.7092,97496.12777,Locksbridge Copse
422973.1802,96705.70148,Ossemsley Copse
427853.505,93047.73174,Blackbush Copse
422698.3666,96029.99305,Beckley Moor Copse
428005.6331,92313.03244,Shorefield Copse
421237.1281,94974.82238,Meetinghouse Plantation
420552.347,94982.01883,Cat Plantation
423738.6088,95966.07686,Great Woar Copse
423150.8035,99697.35115,Brownhill Inclosure
420212.0564,97030.45947,Colbornes Wood
425336.1835,99061.23005,Broadley Inclosure
424412.6206,99622.59122,Wootton Coppice Inclosure
426528.9701,99358.74458,Set Thorns Inclosure
420599.9949,96783.74977,Shears Wood
420856.5045,93075.56969,High Cliff
422330.8798,93564.10995,The Meadow
427969.042,91662.13381,Rook Cliff
426948.5337,92025.23807,Hordle Cliff
423890.0551,92883.29497,Barton Cliff
420886.9276,99644.56148,Pigsty Hill
420023.611,98423.73733,Poors Common
426250.1093,95453.55877,Golden Hill
426254.3248,99606.63956,Oaken Brow
420586.1981,95604.57758,Rough Park
429836.4815,95365.37745,Upper Pennington Common
425827.3001,98727.28791,Elkhams Grave
426374.4691,98502.09248,Boundway Hill
428487.7672,98636.4076,Durns Town
423818.0246,94284.59607,Old Milton
421970.726,94358.38975,Walkford
422794.7112,93733.22984,Naish Farm
420291.1197,93949.6427,Highcliffe
424166.4268,93051.0024,Barton On Sea
425486.8704,95430.72759,Ashley
427832.4988,98395.82726,Sway
429184.5309,94288.34531,Everton
427061.7274,95625.97002,Hordle
428893.7722,91881.16866,Milford on Sea
424755.2947,94821.45397,NEW MILTON
436549.7398,89596.17741,Bouldnor
439271.6889,84207.38805,Brook
434497.3438,88384.04576,Norton Green
437551.6174,88707.72955,Thorley
438772.7087,88082.01657,Wellow
437391.1657,88561.70783,Thorley Street
434291.4026,89345.40248,Norton
439748.9771,85590.92969,Shalcombe
439952.0043,84034.7476,Hulverstone
438649.3008,84406.57778,Dunsbury
438606.7565,83456.45382,Brookgreen
430749.3922,85331.16155,Needles Pleasure Park
431269.3804,85294.43086,Warren Farm
432979.2529,85893.77775,Portland Cottage
439557.8194,83199.95283,Sudmoor Cottage
437751.5567,84993.96527,Compton Farm
437979.5391,84545.25151,Dunsbury Grange
437133.4968,85196.13737,Compton Cottages
440074.5655,84509.54318,Brook Hill Lodge
438867.1164,85825.52326,Shalcombe Holding
436326.0155,86244.58149,Tresco
436331.049,86431.51326,East Afton Farm Cottages
435907.9311,86900.20403,Freshwater Fruit Farm
434829.6287,88156.88668,Kings Manor Farm
438042.0326,84206.52409,Compton Grange
431659.0824,89978.10156,Lighthouse Keeper's Cottage
432948.2166,89119.13014,Fort Albert
437228.2351,86793.63649,Tapnell Farm House
438396.8482,86296.38795,Prospect Cottage
437114.0569,87770.73123,Dog Kennel Cottage
439953.9785,86721.15827,Churchills Farm
436908.0532,89071.28305,Thorley Manor
438231.9733,89006.65913,Lee Brickyard Cottage
437720.2837,89594.60454,Wing Cottage
438272.7109,89431.59438,Lucketts Farm
438235.4196,89619.74113,Lucketts
435874.2575,87819.27993,Wilmingham Farm Bungalow
429858.9598,84789.05618,Coastguard Cottages
435171.4802,87677.96988,River Yar
436067.24,88487.67031,Barnfields Stream
436627.7273,89416.19351,Thorley Brook
436686.6993,85572.6817,Compton Down
439898.6934,85021.21129,Pay Down
433989.5505,87815.14305,Golden Hill Park
433058.3542,88987.46225,Cliff End
431155.862,85763.36386,Headon Warren
439671.3559,82825.86246,Sud Moor
430507.5326,84824.84502,West High Down
432648.2696,85413.57189,Tennyson Down
439063.2864,85049.44374,Brook Down
436425.4595,84463.00505,Compton Bay
429773.4389,84629.59476,Highdown Test Site
439469.7489,83974.77192,Bush Rew
435000.3014,84045.8862,English Channel
438093.8068,83594.78619,Brook Bay
434719.7992,85368.76839,Freshwater Bay
438571.2615,84515.15207,Dunsbury Withy Bed
439693.4099,84620.17437,Hill Plantation
439438.3149,84750.9915,Bottom Barn Plantation
439581.451,83801.11246,Hulverstone Plantation
438662.7974,87303.68975,Hummet Copse
433754.9001,89116.60005,Pratlands Copse
436335.5044,88240.5371,Black Firs
435634.9688,88051.2633,Hill Copse
434196.7651,87215.35328,Stroud Coppice
435760.7359,88928.28431,Mill Copse
438123.6558,84453.88324,Grange Withy Bed
439889.508,87303.40446,Stony Copse
436262.4619,89265.92652,Thorley Copse
436349.3207,87876.88583,Lower Ham Copse
436051.2843,87363.51575,Wilmingham Plantation
436172.0912,87676.49109,Upper Ham Copse
435309.2953,87814.23605,Backet's Plantation
435414.8223,87441.6573,Backet's Copse
439034.7496,83278.55036,South Fields Plantation
439940.1538,83248.45849,Toll Bar Plantation
439957.2668,89531.89119,Lower Hamstead Plantation
434596.0062,86737.85009,Afton Marsh
434500.2893,85024.34556,Watcombe Bay
434906.7915,88978.99661,Saltern Wood
432369.9011,88440.61954,Colwell Bay
435915.0155,89760.44858,The Common
431313.1755,86866.46838,Totland Bay
431645.3458,89791.14438,Camber
435649.3939,85734.40697,Afton Down
434038.1606,86361.6281,Pound Green
433930.9892,86968.95911,School Green
433691.5762,86409.31151,Locksley
433107.2021,86510.80825,Middleton
434326.2511,85725.03916,Freshwater Bay
434992.4279,86572.63524,Afton
434282.5891,86799.20159,Easton
433857.7215,86798.37947,New Village
432721.4319,86604.13565,TOTLAND
435844.3904,89665.04001,YARMOUTH
433295.9893,87565.58754,COLWELL
433873.2219,87112.65014,FRESHWATER
431650.8221,98069.63009,Boldre
430250.4449,91535.98495,Keyhaven
433915.7192,98262.88208,Bull Hill
430389.781,99260.73622,Battramsley
430911.5445,99436.49536,Sandy Down
433069.2997,96162.02059,Walhampton
436298.3597,96315.52561,East End
433455.4478,97109.75345,Portmore
432774.1033,98137.82125,Pilley
435784.3117,97675.03041,Norleywood
439613.7509,90387.73199,Cranmore
437345.7039,95659.11336,Pitts Deep
435321.3678,96621.25027,South Baddesley
433629.3667,98595.96612,Pilley Bailey
439914.3911,97108.99135,Park
432504.4121,97399.96192,Warborne
439540.1319,96391.87575,Thorns Beach
431931.6918,93485.44492,Lower Pennington
440048.3598,91180.40501,Hamstead
430209.1176,97610.40794,Mount Pleasant
430469.4029,93855.74371,Newbridge Drive Cottages
431744.3076,99621.92976,Blazemore Farm
432812.2119,99571.59422,Heywood Farm Cottages
438290.2086,96933.23127,Whitehouse Cottages
438520.345,97102.14627,Thorns Farm
437362.3444,97916.3564,Beckheath Nursery
438304.3154,97853.08216,Beck Farm Cottage
438063.1125,98844.80661,Newlands End
439453.3351,97815.00413,Bergerie Farm
438345.3207,99048.65364,Newlands Cottage
438861.1101,99572.61301,Lodge Farm
439743.7534,99915.0707,Little Purnel
438952.1803,97747.64939,Thorns Corner Cottages
430977.2748,91626.08074,Faraway
430298.9064,92983.52674,Efford Experimental Horticulture Station
430326.3924,94207.98718,Efford Farm Cottages
430569.8102,96974.59415,Setters Farm
429921.7929,98206.79537,Shirley Holms Farm
431617.4233,90226.29745,Starting Station
437894.3319,89970.67999,Fort Bouldnor
440135.0034,90595.82736,Pennethorne Park Farm
432387.0083,93525.2241,Woodside Farm
435658.0799,95263.21902,Martins Trough
434114.6668,96225.5241,Snooks Farm House
435509.4335,95758.22434,Pylewell House
436607.9854,95336.59698,Shore Cottage
436532.7798,95722.11425,Boscoppa
437583.8839,96173.19184,Sowley Farm
438289.202,96005.00951,Colgrims
438698.9812,96108.42262,The House On The Shore
431461.292,98921.17474,Boldre Grange Cottage
434545.1169,97217.11209,Newtown Park Farm
434085.821,97862.78404,Bull Hill Farm
435230.4485,98936.66078,Crockford Bridge
438019.5127,96075.72898,Sowley Sluice
435364.3481,99066.72982,Crockford Stream
430880.7318,97274.00788,Passford Water
434709.7057,97695.97644,Plummers Water
431924.4201,99596.39704,Lymington River
436084.1179,95944.92176,Plummers Water
433479.4811,95024.36099,Lymington River
430887.1073,92674.29203,Avon Water
436452.4406,98948.12929,Horsebush Bottom
434905.8992,99127.16188,Upper Crockford Bottom
435983.7872,99038.73595,Shipton Bottom
434924.2042,99892.44987,Deep Moor
432185.4329,94428.46743,Woodside
439123.15,99686.22525,Foul Bush
436936.0701,96861.91819,Ravensbeck Bush
430079.6543,90604.18137,Hurst Beach
435555.2135,95615.31109,Pylewell Park
435322.7319,90045.69958,English Channel
436217.2481,92435.13299,The Solent
431403.4311,90223.34585,Hawker's Lake
435300.0262,96690.2337,Church Copse
439614.6661,97139.74237,Rye Errish Copse
433209.0942,99715.20503,Sheffield Copse
431514.4669,99849.74198,Fluder's Clump
431324.6903,97318.40112,Tuckermill Copse
430504.3499,96262.51149,Yaldhurst Copse
439585.5944,91304.60752,Gully Copse
430587.7554,94662.45214,Widbury's Copse
430394.6225,94578.83079,Newlease Copse
435037.5676,97590.96489,Frogmore Copse
430642.0294,93531.73967,Great Newbridge Copse
439334.5971,98585.45913,Shadebush Copse
437577.7579,98650.88793,Newlands Copse
434833.9287,96680.16486,Baddesley Copse
433985.9764,96003.33657,Fell Poles Copse
438547.1404,96473.20307,Whitehouse Copse
433826.4428,97972.79939,Megs Copse
433280.3055,95758.23142,Rooke's Copse
431703.7156,97281.41879,Galley Hill Copse
436004.6145,95494.08011,Lake Covert
430078.4073,94951.2564,Lower Wainsford Copse
430081.6489,92943.68947,Agarton Copse
435928.7994,98386.2067,Wormstall Wood
430292.2575,98523.75875,Jealous Copse
433151.201,96968.35094,Pleasure Copse
431587.2805,97701.04459,Doctor's Copse
432570.2975,95255.67522,The Grove
431215.5451,94217.25212,Crewkerne Copse
430940.3255,93660.41083,Newbridge Copse
436288.5698,97618.3851,Norley Copse
439205.6902,98944.85499,Lodge Plantation
439269.4323,97025.64299,Thorns Copse
436622.6256,96904.41963,Sowley Copse
437385.0032,96013.79004,Browns Lane Wood
436214.3273,95652.82063,Otters Hill Copse
437067.7682,95682.37784,Pittsdeep Copse
438551.4001,99714.27409,Gravelly Copse
434468.2013,96028.91711,Shotts Copse
433724.8498,96055.19829,Walhampton Wood
430622.0479,98264.58983,Springhill Copse
432445.3263,97727.17239,Great Fry's Hill Copse
434607.5527,97515.43284,Brick Kiln Clump
434590.4341,96878.04807,Bushy Copse
435525.9973,96872.93593,Winter's Wood
437910.1909,95977.40465,Sowley Marsh
431222.3123,91902.58837,Keyhaven Marshes
433442.3807,95079.61667,Horn Reach
433918.2092,94577.1851,Short Reach
434232.0868,93985.2111,Long Reach
432950.2462,93159.18397,Oxey Marsh
432135.1053,92561.05175,Pennington Marshes
434854.0929,94672.56147,Pylewell Lake
437837.4162,98032.49919,Horsemoor Copse
435121.421,98093.96135,Norley Inclosure
432135.428,99828.04066,Mill Copse
439630.6267,99050.00136,Tylers Copse
437961.3722,99239.00931,Newhouse Copse
439870.7465,98823.62407,Coopers Wood
438204.7015,90278.57338,Bouldnor Copse
436520.2926,94471.63162,Tanners Lake
431431.2995,98273.25485,Rope Hill
432486.9791,97246.60046,Vicars Hill
431228.9596,96982.71822,Sheepwash Hill
432492.5263,99013.75671,Rodlease Rough
436799.4537,96430.32349,Sowley Brooms
438180.0633,90611.96735,Bouldnor Cliff
436109.4815,99512.34739,Peaked Hill
436285.7027,98923.39774,Wormstall Hill
436440.28,98407.51458,Broom Hill
433305.9769,99288.2543,Whitemoor Rough
436387.5068,96646.62675,Croutears Hole
431157.037,96862.70039,Buckland
431261.525,95001.37046,Pennington
430138.7233,95451.42487,Upper Pennington
432190.2538,95534.40538,LYMINGTON
448363.2036,77797.38815,Chale
448735.8096,79835.19687,Chale Green
448093.8716,79032.39965,Bramstone
448923.9911,76766.23679,Blackgang
446256.6708,79452.67372,Atherfield Green
447677.0784,78967.06965,Pyle
445778.5729,79494.03137,Seven Acres
449994.189,75419.80436,Knowles Farm Cottage
444680.0858,79995.5731,Atherfield Bay Holiday Camp
445256.5625,80007.70836,Compton Fields
445314.6293,79419.16382,Coastguard Cottages
445583.0417,79978.72598,Meadlands Cottage
447768.0469,77844.24959,Erewebe
447948.7759,77994.14053,Hill Crest Farm
449695.5363,76306.03685,St Catherines Lodge
449961.2426,78268.90817,Hermitage Court Farm
448690.5852,79155.82521,Clarris Thorne
447722.0878,79781.65616,Gladices Farm Cottage
450084.985,78719.7298,Little Hermitage
449272.6484,74944.54703,Watershoot Bay
448472.1978,79501.66298,Steyne Wood
449963.3758,78514.97966,Withybed Copse
448964.5857,79218.59605,Gotten Copse
450150.7523,75223.56234,St Catherine's Point
449101.3549,76986.57514,Gore Down
444920.496,78821.3794,Fishing Cove
443493.1452,79345.31682,Brighstone Bay
446612.8331,77105.79635,Chale Bay
445000.5134,75245.40982,English Channel
441431.5499,89111.5369,Shalfleet
442669.9653,86798.19389,Calbourne
441228.0337,87683.2829,Newbridge
449282.0635,84248.97988,Chillerton
448754.8449,85209.40648,Gatcombe
445491.4057,82955.12882,Shorwell
440017.4944,88533.35632,Ningwood
444356.4933,80905.89592,Upper Sutton
449844.3109,82418.78767,Cridmore
449371.4084,83134.45088,Lower Rill
447434.7902,87157.45176,Plaish
447973.194,89643.99781,Forest Side
445886.8102,79899.70954,Little Atherfield
441131.7473,82437.99715,Chilton Green
444204.4642,87545.63788,Ashengrove
440672.6876,83766.45243,Mottistone
443668.1508,81551.15359,Thorncross
442623.6173,82025.09042,Marsh Green
441477.0835,83474.4742,Pitt Place
444894.216,81835.76347,Yafford
444482.4846,82494.42551,Limerstone
442601.9243,83856.38967,Rock
447840.0333,81268.38332,Kingston
449123.2166,82343.59589,Roslin
449466.5212,86254.07452,Whitecroft
442940.5051,87769.98945,Five Houses
444518.0036,88369.00605,The Old Halt
446715.1333,86819.91781,Bowcombe
446608.6579,85406.99667,Rains Grove
444981.0467,80238.24673,Chine Farm Chalets
445013.4002,80806.89162,Leycroft Farm
445885.7643,80656.69393,Little Dungewood
446430.4433,80906.45211,Dungewood Farm
448026.41,80524.89279,Emmett Hill House
449519.3079,79888.54167,Upper Appleford Farm Cottages
440733.5453,82943.58118,Hoxall Cottage
441008.6782,84281.42147,Longstone Cottage
441336.4265,86275.82496,Westover Farm
439927.3088,86304.46213,Little Chessell Cottage
440932.5567,88507.26628,Lower Dodpits Farm
443581.5802,82768.96024,The Countryman
443614.3957,83069.40961,Blakes
442860.4146,83593.47168,Coombe Farm Cottage
444486.5424,81381.40316,Durtshot
444256.0954,81793.73507,Island Fish Farm
446142.3676,81706.79631,Smallmoor
445395.2295,81925.28261,Park Lane Cottage
445155.3448,82319.22963,The Lodge
446212.8637,82106.56869,Haslett Farm
445431.1254,83393.67029,Northcourt Farm
442420.5767,85493.67812,Gottenleaze Cottages
441984.5852,85832.09024,Westover Park Farm
444337.3169,89959.29276,Wheaten Bread
445912.0378,89207.20003,Parkwater Farm Industrial Units
445810.465,89718.93145,Vittlefields Game Farm
447338.34,87394.45966,Golding's Farm Cottage
448764.5299,86281.12156,Vayres Farm
448269.4334,87094.29232,Froglands Farm
449064.5738,87222.5077,Little Whitcombe Farm
446763.874,88169.83717,Alvington View
447434.3971,88444.0781,Alvington Farm Cottage
446674.3012,89181.58374,Park Green Farm
447257.0066,89118.89946,Poleclose Farm
448748.6498,89446.36255,Kitbridge Farm
441490.9992,86869.22639,Calbourne Mill
442030.3676,86723.56759,Fullingmills Farm
442088.5979,87056.73664,Glebe Farm
443022.1235,86819.53989,Newbarn Farm
447940.7034,85744.11996,Garstons
443484.8524,87481.18311,Chestnut Farm
441731.7853,87806.23511,Street Place
442506.2885,88356.71685,Elm Farmhouse
442685.9099,88188.27312,Fullholding Farm
444465.5067,86469.61502,Rowridge Television Station
444070.2724,87312.6309,Sam's Pit
445452.7811,87444.40875,Apesdown Farm Cottage
443826.9633,87712.98447,Swainston And Remains Of Manor House
446306.7917,87740.23635,Park Place Farm Cottages
446165.3748,87944.49569,Park Place Farm
446394.5609,88369.51144,Newpark Farm
450122.6867,84182.31934,Sibdown Farm
441752.8754,90032.33232,Corf Camp
442593.5319,90007.66008,Whiteoaks
442849.613,89181.63057,Blackberry Barn
443010.4852,89757.03959,London Farm
443632.2009,89607.22942,Three Gates Farm
446395.9323,86245.9308,Idlecombe Farm Cottage
449602.7692,83775.82856,Loverstone Farm
447710.0915,83333.0085,Chilltern Farm Barns
448892.7458,82731.88331,Ramsdown Farm
446568.9008,83118.41076,New Barn Farm
448311.9632,81844.53006,Billingham Manor Farm
446643.3483,82294.3999,Presford Farm
447031.9159,81818.55347,Bucks Farm
445938.9838,84981.976,Rowborough Farm
445764.0642,84425.99497,Cheverton Farm
446035.2998,84056.30612,Chevereton Cottage
445235.8016,84155.98418,Quarry Farm
444607.7374,89306.51924,Lower Watchingwell
443105.1752,88123.20372,Newtown Brook
441442.372,88281.90982,Caul Bourne
447897.3905,87299.08137,Lukely Brook
448757.6995,80317.49539,River Medina
448951.1463,88400.45781,Lukely Brook
446886.172,87008.19358,Bowcombe
442154.8408,82008.67048,Grange Chine
444665.6744,85010.61424,Bunkers Bottom
444594.5212,84112.57897,Cheverton Down
443884.1048,83911.24707,Limerstone Down
445056.1872,85036.69605,Rowborough Down
446998.89,84999.80598,Dukem Down
447899.7495,83773.73418,Chillerton Down
441188.3225,85038.12718,Westover Down
446996.5128,84119.37009,Westridge Down
445573.1585,85374.18924,Idlecombe Down
441929.0352,80956.25254,Brighstone Bay
444794.9271,83267.23791,Brighstone Forest
440661.5677,84766.14315,Mottistone Down
449608.7218,81545.78414,The Wilderness
447182.422,87727.77248,Bowcombe Down
443188.2745,84474.77011,Brighstone Down
445000.4646,86845.99703,English Channel
444958.6602,81553.69336,Butt's Copse
447513.893,81203.97753,Kingston Copse
440327.8227,89664.04636,Lower Hampstead Plantation
440261.3626,89366.1044,Nunneys Wood
441657.2478,86290.73945,Withybed Copse
441498.2345,86441.7672,Sweetwater Copse
440443.6396,85503.30425,Chessell Plantation
441229.0307,83558.69621,Jack's Hill Plantation
444360.8428,89589.95995,Wheatenbread Copse
444557.4018,88115.7496,Bucket's Copse
440268.76,84578.0892,Coombe Plantation
444009.9738,88053.5038,Willy Wood
441818.3544,88741.78482,Shots Copse
441121.6558,83078.44223,Pitt Place Plantation
440114.677,83243.81911,Mottistone Withy Bed
444625.8783,89707.22966,Durrants Copse
444270.0344,89114.64878,Heathfield Copse
447108.1231,86122.16303,Frogland Copse
443917.445,87202.53177,Temple Plantation
444983.8154,80915.81759,Yafford Furze Brake
441946.5973,89919.00962,Corf Copse
442698.3317,89627.73272,Woodwax Copse
442431.6001,89341.27354,Yatland Copse
442664.939,88466.8117,Pound Copse
442808.3636,88629.02043,Flatbrooks Copse
441637.1281,88838.84547,Frys Copse
440450.0555,89027.49777,Atkies Copse
440940.3659,88288.82148,Cook's Copse
441792.7394,85915.41983,Furzebrake Copse
441235.3273,85627.97826,Hilly Lodge Close Clump
448881.3165,87864.87973,The Shrubbery
443982.8945,89461.24604,Three Gates Copse
444703.607,87429.20641,Round Copse
444589.1859,88751.12442,Long Copse
443925.5018,89196.04217,Heathfield Firs
443296.8692,87239.57937,Pump Copse
446967.2977,82453.98778,Sheard's Copse
447726.9614,83911.56345,Further Short Copse
447867.4429,80138.63318,Corve Copse
448968.8962,82953.13468,Ramsdown Copse
448465.6726,82463.66986,Berry Copse
446714.0865,85256.42835,Plaish Copse
445435.213,84664.31545,Slocum Copse
440627.1641,89615.77573,Woodslade Coppice
441595.0173,88614.37088,Shishford Copse
440699.1568,88881.45692,Pondclose Copse
441804.0263,85696.01811,Westover Copse
445094.7501,87464.8156,Apesdown Copse
446321.1244,86853.13056,Bowcombe Wood
445179.6586,86540.44929,Rowridge Copse
443356.5152,87919.38822,Rushcroft Copse
447929.1796,84379.21829,Short Copse
447165.1453,85526.36771,Barcham's Copse
440486.2074,86665.10166,Chessell Copse
445474.9099,85095.61509,Kingsgate Copse
448559.7483,84440.93239,Tolt Copse
443911.0703,88153.89313,Lady Wood
443609.4738,88491.42001,Northpark Copse
445566.6551,86714.70988,Monkham Copse
446976.8013,84632.36719,Dukem Copse
444918.1125,88897.31522,Bulls Wood
446114.2612,83871.57798,Lorden Copse
440777.9805,86166.39255,Chessell Rew
442754.9524,87499.65801,Crainges
449439.7914,87999.2881,Mount Joy
442327.8975,83051.74105,Brookside
442210.9576,83418.79962,Moortown
447929.9485,87786.01588,Clatterford
448649.8637,88145.90495,Carisbrooke
449417.178,89947.08223,Hunny Hill
450194.0393,89475.71324,Little London
448197.4918,88919.59292,Gunville
442566.2685,82727.49035,Brighstone
450239.0402,89198.7261,NEWPORT
446970.439,94212.76989,Rew Street
440988.3918,99851.73255,Bucklers Hard
444458.1667,91210.78004,Porchfield
440979.1018,90887.67318,Lower Hamstead
442079.049,98725.58777,Lower Exbury
444765.2954,98746.51792,Lepe
449186.8605,92860.48593,Chawton Farm
447954.1526,92283.57303,Pallancegate
448394.127,91360.1986,Noke Common
446810.839,91984.74751,Mark's Corner
445930.2697,91883.26548,Little Whitehouse
445054.0621,92479.35835,Great Thorness
442498.1413,90577.59897,Newtown
444555.2782,90696.19409,Locksgreen
440772.6328,98034.30715,St Leonard's
445280.3403,99484.67753,Stone
442159.5957,90040.7444,Fleetlands Farm
441941.1145,91071.7706,Newtown Quay
443869.4968,90384.02512,Old Clamerkin Farmhouse
444074.9671,91134.08872,Newtown Rifle Range
445510.127,90002.87235,Coleman's Farm
445676.7027,90603.90946,Little Rodgebrook Farm
446448.161,90333.45855,Broomfield Forest Farm
445577.5684,91095.87646,Youngwoods Farm
447733.9785,90520.67221,Signal House
441344.5404,96640.02595,The Beach House
440475.2623,97653.44601,The Log House
441462.2083,97166.64203,Warren Farm Cottages
440148.7933,98897.48325,Old Park Cottage
441233.5599,98189.57635,Gins Farm
440977.5597,99520.53004,Clobb Farm Cottages
442563.8846,92258.84172,Brickfield Farm House
444445.2949,91984.2506,Elmsworth Farm
445532.115,91552.69913,Whitehouse Farm
444901.0939,92822.31658,Holiday Park Thorness Bay
445828.9137,92758.33999,Rolls Poultry Farm
445071.8109,99979.05106,Darkwater Cottage
448234.5498,92208.81388,Crockers Farm
447209.1663,93221.19574,Hillis Cottages
447400.7362,93084.43925,Skinners Farm
447996.1237,93109.33579,Pallance Farm
450132.7706,91697.8631,Vectis Cottages
442510.0172,97414.31297,Needs Ore Cottages
443272.5137,98750.0216,Brickyard Cottage
444053.3139,98593.99789,Inchmery Park Cottage
442030.6252,99841.40796,Exbury Gardens
442944.5731,99457.8754,Haxland Pits
443784.3293,99544.49497,Green Cottages
444392.7005,99096.48394,Lepe Farm Cottages
444666.976,99883.83741,East Hill Farm
446224.9342,93409.29007,Whippance Farm
446859.9707,99952.0724,The Rose Octagon
441422.4958,90371.67345,Shalfleet Quay
441790.4385,97851.15295,Black Water
443268.9936,98417.37465,Exbury River
441865.0971,91274.47398,Newtown River
444221.2017,90105.29103,Clamerkin Brook
442364.4991,98373.37884,St Margarets Creek
447531.7888,94067.51059,Gurnard Luck
445134.7887,90814.16251,Rodge Brook
443493.2624,98127.81789,Beaulieu River
443939.4043,99044.02337,The Moor
445399.6333,94295.71962,Thorness Bay
448883.8446,96707.01357,Cowes Roads
441540.5097,92809.06651,Newtown Bay
445000.4443,92246.25132,English Channel
443900.4126,95822.39653,The Solent
441912.9856,90859.4824,Causeway Lake
440093.62,99182.77906,Old Park Wood
440293.816,89972.68203,Upper Hampstead Plantation
447285.6527,93754.53059,Duke's Copse
442727.3902,90637.29083,Taylor's Copse
444708.869,91868.73171,Coffin Copse
441012.2097,91015.84627,Hamstead Copse
448141.7209,91994.72763,Crockers Copse
443675.8674,98955.98832,Little Haxland Copse
448906.484,96529.29345,Jennys Wood
440332.176,97795.45583,Little Bukersleys Copse
442329.945,99222.80177,Aldermoor
443988.692,90480.10143,Clamerkin Copse
446832.2398,94317.38881,Cat's Copse
445306.2228,91385.5412,Youngwoods Plantation
445340.762,91760.80003,Bunts Hill Copse
446219.9741,99870.90983,Stanswood Copse
449507.9322,92654.81814,Bridgemoor Copse
449544.2799,93430.86333,Waterclose Copse
444540.8317,99689.03067,East Hill Copse
446134.8491,98946.3702,Pits Copse
440626.2279,98766.26744,Salternshill Wood
446649.0413,92741.05984,Chalkclose Copse
448322.6385,93359.60871,Ward's Copse
443511.0565,98722.05151,Inchmery Clump
444444.9306,99216.02452,Pophams Wood
443547.0943,99562.62238,Cump Copse
446658.7671,99581.12896,Allwoods Copse
444820.6786,98919.28353,Oldhouse Copse
449285.139,93942.6384,Simmington Copse
449622.9088,92968.37641,Sheepwash Copse
449983.3905,92834.89959,Long Copse
449364.4704,91979.60313,Stag Plantation
446174.0663,92028.63698,Whitehouse Copse
444988.3762,93193.70521,Thorness Wood
443971.7963,92305.22992,Hummet Wood
444243.5383,90267.17737,Corfheath Firs
443564.3508,90291.88433,Windgate Copse
442918.3976,90709.14855,Town Copse
442738.9639,90243.64567,Fleetlands Copse
446802.3211,93655.36575,Sticelett Copse
446219.706,92841.29775,Rollsbridge Copse
444223.4948,91015.71665,Locks Copse
447504.5003,94355.95074,Blackland Copse
443073.3458,90584.23848,Walter's Copse
441787.8594,90620.99545,Corf Lake
440937.1424,90489.81137,Western Haven
447863.5171,93968.09494,Ruffins Copse
444162.4872,92692.23277,Burnt Wood
443305.5496,90971.52134,Clamerkin Lake
443340.8894,91149.66256,Spur Lake
446869.2672,95485.36176,Gurnard Bay
443808.0537,98039.38715,Gull Island
443503.4079,97920.8541,Gull Island Bird Sanctuary
442555.7465,99931.72045,The Mount
442900.7798,97608.19346,Needs Ore Point
445643.9343,98455.30794,Stone Point
448219.9105,90704.75658,Parkhurst Forest
447602.311,95586.53816,Gurnard
449893.526,93787.6051,Calving Close Copse
448662.7686,93735.67389,Northwood
448317.2462,93185.79011,Furzyhurst
449472.3317,90750.77444,Parkhurst
448815.239,90363.55094,Camp Hill
449799.722,96010.55277,COWES
450985.585,79581.35113,Fairfields
458453.3785,79732.11219,Luccombe Village
451906.3485,78843.56923,Southford
452790.8294,78306.96003,Nettlecombe
451151.1982,78130.72909,Bierley
450976.0375,77773.89501,Kingates
451416.046,76043.81261,The Orchard
452344.6887,79593.68136,Stenbury Lodge
457346.3759,79500.39509,Greatwood Lodge
457749.5935,80004.40545,The Lynch
450734.4938,77581.2299,Hillside Farm
450148.7909,79882.65079,Little Dolcoppice Farm
451226.6434,79294.21242,Ford Farm House
452782.4693,77194.10756,Dean Farm
453540.6253,77380.86883,Week Cottages
453737.8532,77918.175,Week Farm
454518.333,78545.87207,Valley Farm Cottage
455293.3489,78655.74922,Homelands Pit Farm
452377.9027,79056.44843,Stenbury Manor Farm
452926.9477,79631.08657,Little Stenbury
453135.2142,79006.72079,Newbarn Farm
453669.2103,79532.64665,Stenbury Down Radio Station
454487.0935,78893.40135,Little Span Farm
454532.465,79978.96677,Appuldurcombe House
455786.8166,79069.29133,Wroxall Cross Farm Cottages
456837.8942,78606.28057,Ventnor Radar Station
457957.8427,79056.67507,Luccombe Farm Cottages
451469.5784,80004.58099,River Yar
456066.5507,78547.56223,Wroxall Down
454541.6615,77923.52339,Rew Down
453995.3297,77961.06804,Week Down
456977.0589,79123.05142,Luccombe Down
456065.218,77986.8321,Littleton Down
451116.5043,76235.91197,The Undercliff
455000.7024,75245.39492,English Channel
457661.3013,77645.09624,Horseshoe Bay
456123.9288,77058.01273,Ventnor Bay
450914.3326,75381.68248,Reeth Bay
453482.4684,75906.10809,Woody Bay
458223.555,78030.94062,Monks Bay
450053.7198,77920.04291,Ash Bed
453953.1826,76765.90425,Pelham Wood
456142.9446,78646.02399,Wroxall Copse
457504.0314,79201.21536,Luccombe Copse
452480.6342,79301.79846,Sim's Copse
450556.4538,78028.54664,Chilling Wood
452627.0977,79140.42001,Horsecroft Copse
453147.9821,76128.38422,Willow Wood
452826.7058,76165.36661,Charles Wood
452129.3839,75867.14205,Poplar Wood
451604.2965,78005.96984,Strathwell Firs
451470.6614,77940.18057,Strathwell Copse
451396.6544,77813.38262,Kingates Copse
458852.8349,79469.28542,Luccombe Bay
451607.3098,75418.38219,Binnel Bay
458166.0602,78332.3542,Upper Bonchurch
457834.6022,77999.34231,Bonchurch
457005.0694,77571.99711,Cowlease
455674.389,77987.09521,Lowtherville
455037.5473,77134.26614,Steephill
453324.3953,76673.07544,St Lawrence
455231.7495,79754.21013,Wroxall
456563.8266,77405.4077,VENTNOR
452361.4596,77827.96672,Whitwell
450852.786,76618.27369,Niton
450633.1281,83924.36313,Rookley
450537.5357,86448.15798,Blackwater
455337.665,81583.7031,Whiteley Bank
456557.3735,83368.94881,Apse Heath
452894.0887,85009.18278,Merstone
454154.0102,86223.72154,Arreton
455897.8575,85307.44179,Newchurch
457011.5821,85282.37757,Alverstone Garden Village
454349.327,81859.43005,Sandford
459651.1128,86160.41469,Adgestone
457885.5966,85409.54279,Alverstone
457322.5697,82607.26099,Ninham
453559.665,84894.85825,Redway
454529.6168,85357.51,Horringford
457696.1032,89243.14578,Ashey
456553.9074,86507.12095,Knighton
453436.5412,87806.47794,Downend
457093.2154,84686.67446,Queen's Bower
456045.3473,85956.41726,Langbridge
456484.2526,84920.73383,Skinner's Hill
454772.9523,84307.70043,Hale Common
455137.7528,83786.6426,Bathingbourne
455562.2093,83562.38885,Branstone
454263.4365,82378.57772,Summersbury
450787.4041,83521.91755,Rookley Green
451597.5942,80231.23454,Roud
455858.3328,82894.80433,Princelett
455782.9194,83983.5167,Winford Cross
454472.715,82794.21173,Brandywell
450754.4874,80838.12634,Leechmore Farm
451966.6028,79961.39405,Sunnyside Farm
454378.1601,80374.98694,Appuldurcombe Farm
454349.19,80563.02864,Redhill Farm
450041.006,81782.24657,North Appleford Cottage
450043.327,83295.32162,Rookley Farm Lodge
451200.8636,83243.75715,Lake Farm Equitation Centre
449886.1147,84880.54622,Champion Farm
450894.9213,84645.86824,Little Pidford Farm
451006.7487,85356.17083,Birchcombe Farm House
449905.791,87020.89989,Marvel Farm
451241.769,87312.61623,Garrets Farm
451423.9224,88194.14083,Little Pan
451761.9048,81175.69134,Lavender's Farm
453629.1616,81307.66931,Godshill Park Farm
452197.2616,83050.43128,Custard Cottage
452647.3566,82806.00073,Munsley Farm
451637.3811,83795.68277,Pagham Gate
452763.3658,87588.33928,Little East Standen Farm Cottage
453116.2585,86206.24123,Gore Cemetery
451704.8267,87807.08924,Great East Standen Farm
452852.6341,88856.76351,Standen Heath
455933.4017,86718.72981,Mersley Farm Cottages
454346.3607,88081.4803,Combley Farm
454646.0295,88594.41501,Combley Legge Cottage
455174.0321,87957.21013,Duxmore Farm
455767.3961,87950.22808,Little Duxmore Farm House
456204.5637,88456.34381,Rowlands Farm Cottages
452759.1951,89368.99562,Blacklands Farm
452077.759,89844.11661,Five Acres Farm
453888.3776,89219.85585,Lynn Farm Cottage
455062.6862,89131.87241,Guildford Cottage
454454.2279,90005.97252,Great Briddlesford Farm
455988.619,88932.80093,Chillingwood Farm
455594.3791,89268.70932,Havencroft Farm
456311.0299,88939.26831,Woodland Farm
456264.483,89744.00354,Havenbridge Farm
457990.6719,86644.56094,Kern Farm
458006.6628,87268.65557,Kern Marl Pit
457633.3016,87844.08789,Ashey Chalk Pit
457373.0411,88206.61597,West Ashey Farm Cottages
458182.9821,87932.32688,The Springs
459173.9682,87768.52558,Nunwell Farm
459786.1405,87719.54443,New Farm
459333.903,88495.53034,Hardingshute Farm
454456.0826,84006.2235,Macketts Farm
455214.6251,84806.70897,Evergreen
455227.4395,84225.97245,Westwick Nursery
454719.2268,85781.45155,Heasley Manor Farm
457013.0761,82074.81057,America Wood Cottages
457216.2775,86268.68927,Lower Knighton Farm
457894.0052,85131.5578,Burnt House Cottage
458847.0924,85994.06252,Homecroft
454303.7854,84469.27096,Hale Manor Farm
460075.3327,85957.28588,Greenwood Farm
452271.788,87168.68384,The Old Farmhouse
452762.4051,87057.25087,Great East Standen Manor
453894.0041,85407.04382,Stickworth Farm Cottage
453323.541,85344.15725,Perreton Farm
452232.6213,86044.37555,New Barn Business Park
451650.0276,85793.59833,Longdown
451603.6974,85169.53961,Little Birchmore
452808.2505,83931.14002,Little Budbridge Farm
451763.5702,84080.99875,Pagham
454166.3965,82768.60511,Lessland Farm
456519.0378,81832.72368,Apse Manor Country Retreat
455748.0629,81881.71339,Rill Farm
456194.5898,81318.80089,Apse Reach Cottages
455683.8963,81355.30548,Island View
454795.8991,82356.97467,Bobberstone Farm
453156.9857,82593.28812,Moor Farm
458642.252,88819.51779,Greenlane Farm Bungalow
450420.8866,89706.46684,Fairlee Hole Stream
456929.794,86221.95328,Lower Knighton Brook
459525.0738,89882.83023,Monktonmead Brook
457363.5389,81028.30523,The Brook
455796.4214,89011.63921,Chillingwood Brook
454879.5204,89022.52374,Deadman's Brook
457348.0495,89055.024,Blackbridge Brook
456749.9714,81996.1553,Scotchells Brook
451472.3556,79973.66265,River Yar
458186.5269,84682.5182,Scotchells Brook
450026.4455,85369.69934,River Medina
452587.5379,83637.08216,River Yar
457662.5931,85744.49338,River Yar
458362.0294,81189.61646,Shanklin Chine
450619.1715,87936.5974,Pan Down
456942.667,80124.61241,Shanklin Down
456068.962,80011.69668,St Martin's Down
453881.7042,80046.49284,Appuldurcombe Park
451432.5617,86898.69422,St George's Down
459548.983,83095.29313,Sandown Bay
455000.649,86445.95473,English Channel
451618.1399,87491.49573,Wroxall Bottom Copse
457213.4257,85416.99522,Youngwoods Copse
457244.0027,84051.62575,Common Copse
453862.7679,88651.07533,Twenty Acre Plantation
457153.4003,84820.53011,Bower Copse
458140.5812,86577.29368,Coltsmead Copse
454287.0897,89902.25093,Dunnage Copse
455932.7342,88376.54193,Little Duxmore Copse
456195.2881,83945.00683,Winford Plantation
458245.9329,86739.49267,Six Acre Copse
457299.837,87051.90355,Knighton East Wood
458128.3093,86415.224,Chiddle's Copse
456172.35,89853.79199,Kittenocks Copse
456083.9438,89354.08688,Chillingwood Copse
455610.7832,89008.65563,Blackbridge Copse
455862.2305,88689.56573,Little Chillingwood Copse
456712.9162,87844.64289,Dills Copse
452566.4412,87366.54334,Standen Copse
454020.3286,81505.62034,Bottom's Copse
459504.7202,85833.22459,Whitehouse Copse
457781.3887,81478.71873,Batts Copse
456744.6466,84266.63507,Jubilee Plantation
457319.9439,79969.27027,Greatwood Copse
453317.5113,81165.72886,Six Acre Copse
453392.1194,80489.32093,Fir Plantation
450026.7697,85694.18022,Gatcombe Withy Bed
450238.7903,84164.84521,Highwood Lane Wood
459313.344,88626.11507,Broadley Copse
458452.512,87766.53124,Bloodstone Copse
458702.7884,86453.0006,Rowdown Copse
455246.9763,89845.96378,Lower Sheepwash Copse
456436.4416,89061.54623,Rags Copse
454145.7184,89764.40705,Vicarage Copse
456093.4274,88589.24038,Shooting Covert
456270.0911,88826.40845,Hill Copse
457386.5392,82741.00408,Ninham Withybed
455427.9157,89331.00496,Walkershill Copse
457272.6576,80888.77517,Hungerberry Copse
456906.3584,80488.92652,Cliff Copse
453960.7713,80764.50375,Freemantle Copse
456371.1523,85657.00104,Lynch Copse
453653.4082,87703.25799,Saltmoor Copse
455718.8235,88441.05822,Wilderness Copse
454562.3665,89678.8686,Upper Sheepwash Copse
457606.0573,86665.38051,Backerwoods Copse
459834.9576,89326.69087,Roke Mead Copse
453725.0508,80801.14369,Sandpit Copse
454221.251,89469.90496,Moor Wood
452951.7795,80698.6685,Sainham Copse
450366.406,84228.03842,Bunkers Copse
457988.4399,87389.26493,Eaglehead Copse
453181.5875,80946.47236,Beech Copse
455576.0617,88795.97415,Ramcroft Copse
455031.3316,88555.98768,Hoglease Copse
456792.6095,89082.36559,Rowlands Wood
454336.8559,88709.51504,Combley Great Wood
456091.1444,89127.50022,Burnt Piece
451376.3743,87198.20844,Cherry Pit
458536.7074,80327.09052,Knock Cliff
458509.2222,85687.62874,Bragg's Hill
459106.8206,83745.34728,Lake
457882.3023,81034.62339,Old Village
450199.7368,88124.57516,Shide
450549.1881,88930.71276,Pan
450630.9302,89372.96614,Barton
457926.1315,81920.39599,Lower Hyde
456994.9743,81581.48738,Upper Hyde
451496.5507,89225.11891,Staplers
457909.07,81218.64442,SHANKLIN
452988.8866,81782.21268,Godshill
456436.9992,83994.30678,Winford
460180.5952,84143.41718,SANDOWN
455771.2079,90261.27695,Havenstreet
458176.489,90335.75361,Upton
453553.369,90668.91859,Littletown
452574.4301,90398.00882,Hillgrove
452332.8651,92966.77174,Dallimores
451002.6025,91332.03026,North Fairlee Farm
449896.1456,92436.75586,Werrar Farm Cottage
451459.7907,95920.01815,Norris Castle Farm
453885.9459,89949.67663,Little Briddlesford Farm
452057.0392,91031.34681,Belmont Farm Cottage
453554.6847,90168.81148,Briddlesford Lodge Farm
454026.4523,91082.41219,Packsfield
454445.3673,90356.41106,Woodhouse Farm
452785.0592,92869.89761,Brocks Lodge
458132.2578,99207.22465,Browndown Training Camp
452262.5053,95432.45816,Pier Landing House
453476.4195,94094.47412,Kingsquay Cottage
456157.711,92769.81139,The Coach House
454345.03,93669.22003,Fair Oak Farm
456070.6518,91731.54811,Puck House
452137.505,93944.48717,New Barton Farm
451679.0781,92430.92146,Heathfield Farm
452348.3714,91632.27488,Isle Of Wight Crematorium
451722.9342,91419.39803,Last Post
454905.8856,92464.59279,Wootton Creek
452731.3448,90701.52032,Palmer's Brook
453602.8314,93844.62203,Palmer's Brook
459701.4449,90602.54293,Monktonmead Brook
450082.3261,94609.02697,River Medina
451828.7183,94940.83988,The Park
458430.5655,93162.76922,Ryde West Sands
454475.0395,93988.49996,Osborne Bay
458123.4575,98713.84302,Stokes Bay
458145.6837,93986.34561,Ryde Roads
457763.1182,99218.17786,Browndown
459574.2497,94608.48469,Spithead
455000.6202,93046.26108,English Channel
455000.6052,96652.07231,The Solent
451367.4606,96454.68358,Western Copse
451717.908,96164.74982,Eastern Copse
453102.0697,94441.34301,Seaground Copse
456789.9358,92442.11034,Quarr Wood
456257.267,92202.67071,Elenors Grove
452779.4409,92701.49182,Brocks Copse
452774.0728,92229.52034,Greatmead Copse
454529.2683,91438.89523,Hurst Copse
459136.3482,90620.53731,Rosemary Copse
457660.7505,90565.56267,Stroud Wood
457618.8701,90476.29865,Colemans Wood
454422.9389,90840.08266,Stockers Hole Copse
454248.0788,90103.74904,Sandpit Copse
451736.5425,95101.61609,Lady Wood
451703.2196,94417.00704,Front Clump
450104.7145,92251.74816,Little Werrar Wood
451675.4331,94666.17328,Mews Plantation
459528.2477,90180.75448,Angels Copse
454107.493,90891.08515,Smythers Hill Copse
454075.4147,90828.28673,Ways Copse
453369.1526,91391.50503,Quarrels Copse
455396.6634,90066.8978,Great Wood
451950.4267,94477.4028,Cork Plantation
452257.8231,94289.38486,Dogkennel Copse
451264.9146,94314.90312,Boundary Plantation
456537.2473,91943.28617,Puckers Copse
455063.125,92978.60734,Lambsleaze Copse
451713.8503,94529.02903,Bartonroad Clump
451178.7469,91477.80991,Blackbush Copse
453516.3756,93979.50821,The Grove
453462.1323,93830.42414,Steps Copse
454795.1634,91354.47514,Swan Copse
455614.1741,89983.10604,Lands Copse
454194.6096,90490.62757,Woodhouse Copse
451406.0689,94438.93162,Wicketts Plantation
451526.4212,94217.01853,Whitefield Clump
450821.404,91226.35204,Little Copse
452426.0591,94941.18679,Osborne Wood
454634.4406,93577.37294,Horseground Copse
454442.3499,93745.31335,Copse End
453782.0397,93791.72359,Curlews Copse
452391.4876,93639.66878,Clavell's Copse
455279.19,92553.18926,Ashlake Copse
456702.8612,90991.15728,Staynes Copse
455445.4729,91965.07881,New Copse
453042.4654,92651.45599,Timber Copse
454729.8387,90983.36851,Six Acre Copse
452081.4718,94566.78228,Proxy Plantation
451562.5942,93006.79459,Heathfield Copse
455301.9463,93478.87675,Chapelcorner Copse
453555.6311,94276.37843,Cliff Copse
453276.5155,94230.68866,Combe Copse
453454.1539,93564.66339,Brickkiln Copse
453150.9017,92990.32159,Little Seaclose Copse
454311.0709,91164.62335,Five Acre Copse
455802.6804,90917.96278,Firestone Copse
451982.8964,95843.60191,Norris Wood
452922.0145,94776.23983,Barton Wood
454947.9519,90319.08132,Briddlesford Copse
454088.8522,93855.76946,Wallishill Copse
451391.4383,94827.8287,Ilex Clump
459191.0672,98917.53684,Stanley Park
455249.3402,92000.85413,Kite Hill
456924.9739,91863.61499,Quarr Hill
453757.2332,91781.40083,Fernhill
454049.7325,91662.86729,Wootton Bridge
459059.6904,91385.5605,Swanmore
458192.5419,91211.58358,Haylands
453567.0215,90997.32296,Wootton Common
450904.5618,94075.19159,Kingston Copse
450636.9109,90295.40479,Fairlee
459559.8641,99734.75769,Privett
459018.4431,92812.07853,Pelhamfield
459088.926,91825.38456,Weeks
457349.0589,92184.93572,Binstead
459670.7658,91797.79838,Oakfield
455356.5871,93194.17611,Woodside
455693.8596,92463.11358,Fishbourne
454568.482,92014.90953,Wootton
451992.1372,93368.33742,Whippingham
450446.9893,95602.55129,East Cowes
459249.8703,92358.18376,RYDE
463736.5339,86548.77634,Hillway
461388.5846,85111.00153,Yaverland
462250.8527,88792.04647,Carpenters
463250.8676,85621.26595,Coastguard Cottages
461917.2589,86569.15474,Great Sluice
462362.771,86607.93599,Longlands Farm
462617.2502,86420.59611,Longlands Cottage
463174.3897,86481.86002,Bembridge Farm
461764.0064,88656.37248,Hill Farm Cottages
463647.6089,88882.06407,The Old Boat House
462917.9063,89813.0507,Kenneth House
463483.4424,89419.88641,The Old Club House
463419.3698,89756.88097,Nodes Point Holiday Centre
460916.1419,87757.03373,Haven View Farm
460207.2871,88587.62414,Rowborough Farm
460264.087,87844.41963,Rowborough Cottages
462862.447,86757.21147,Bembridge Airport
460934.9249,88019.75183,Marsh House Farm
460762.1192,88195.56961,Rowborough Farm Cottage
459831.6964,89033.54469,Truckells Cottage East
461032.2699,89193.86909,Beaper Farm Cottage
461350.3407,89043.71702,Hill Farm
464065.7291,89179.22669,River Yar
462870.295,85762.47293,Bembridge Down
466077.1257,87708.85629,Bembridge Ledge
462856.9092,89111.81666,The Green
461612.051,82245.21698,Sandown Bay
465000.8494,85245.87921,English Channel
464844.923,86535.93006,Long Ledge
463714.4419,88519.78326,Bembridge Harbour
465898.3022,87158.07012,The Run
460832.316,89490.85646,Beaper Copse
462175.3626,86889.19148,Centurion's Copse
460679.313,88608.64201,Lower Rowborough Copse
461885.4575,89263.62388,Eight Acre Copse
463117.034,86252.79728,Parrick Copse
462370.6174,86501.40545,Longlands Copse
461715.4598,89002.71052,Spring Copse
461464.9127,86715.72217,Coleman's Copse
463970.7052,87879.4217,Knowles Copse
463869.6958,86383.12196,Breaches Copse
460300.9658,88801.2427,Little Rowborough Copse
461063.3822,86060.67048,Marshcomb Copse
461622.4335,86002.68632,Northland Copse
465292.9077,86865.71646,Black Rock Ledge
463517.598,85553.79103,Whitecliff Ledge
463955.2059,87010.44141,Steyne Wood
460137.3398,89834.23847,Whitefield Wood
464773.3931,86078.44939,Whitecliff Bay
464722.2161,88873.58706,Tyne Ledge
465727.9511,87137.11641,White Ledge
465914.6558,87613.07495,Foreland
460346.2854,86524.37096,Yarbridge
460177.2805,85972.15604,Morton
462449.7111,89028.41483,St Helens
460377.3336,86988.72632,BRADING
464672.9883,88230.24037,Bembridge
461880.9102,91874.57343,Spring Vale
461393.2719,91249.91107,Pondwell
459995.6905,90084.37425,Bartlett's Green Farm
461613.935,90094.50536,Park Farm
461197.4381,90657.35175,Bullen House
461191.7082,97968.8025,Fort Monckton
462088.5562,98487.78301,Spit Sand
464112.1914,98426.3257,Southsea Common
469714.0871,99118.6375,Sinah Common
461574.0375,92286.28585,Ryde East Sands
463362.5003,96433.594,Spithead
462604.4825,99646.53274,The Solent
465000.8118,92646.22098,English Channel
467648.246,99420.24033,Eastney Lake
461883.1288,99236.64395,Haslar Lake
460946.345,98809.9699,Stoke Lake
463151.1297,91251.01871,Seagrove Bay
462262.3195,90366.16743,Longlands Copse
460814.0598,90727.7134,Cothey Bottom Copse
460706.6382,89972.12875,Barnsley Copse
463377.8727,90290.18987,Priory Woods
469054.3442,99907.889,The Kench
463915.5447,90035.59837,Priory Bay
469173.6482,98928.47339,East Winner
464210.2858,100001.4932,Somers Town
463574.6598,99274.68558,Old Portsmouth
461016.2902,99708.04416,Newtown
461401.3647,99287.25501,Seafield
467318.0027,99248.46832,Eastney
461300.2035,98421.51818,Clayhall
460372.2178,91894.13862,Appley
459946.4909,90988.34455,Elmfield
465031.0496,99072.11077,Southsea
459792.9455,98897.75714,Alverstoke
466231.4004,99994.50235,Milton
462666.4343,90705.60404,Nettlestone
463127.1947,91531.58013,Seaview
461883.9648,99822.50514,GOSPORT
477087.9775,98993.33466,Snowhill Creek
472036.0395,98730.25667,East Hayling Light Railway
475001.0045,94246.27453,English Channel
475001.0011,94846.30086,The Solent
475710.0541,98385.37082,Chichester Harbour
473187.3721,99806.26535,Tourner Bury Wood
473056.7712,99620.33028,Tourner Bury Plantations
475777.5927,99738.08152,Stocker's Lake
475918.9477,98915.09635,The Winner
476819.5241,99223.11802,East Head
477540.7129,98555.80858,Roman Landing
475057.6851,98972.57029,Black Point
476768.8852,98972.48755,The Spit
471303.4214,98550.87061,Hayling Bay
478483.9244,96812.21521,Bracklesham Bay
473706.0363,99008.33264,Selsmore
472318.7488,99699.2888,Gable Head
472435.9539,99008.54363,Mengham
473172.6038,98561.41331,Eastoke
471987.612,98844.98257,Sea View
471184.3543,99907.30997,Newtown
471292.1198,99349.99833,West Town
471397.3998,98858.34889,Westfield
479436.5763,97082.78803,East Wittering
477902.5614,98580.29534,West Wittering
472625.0774,99182.22943,SOUTH HAYLING
484884.2813,99825.16777,Sidlesham Common
484882.046,98984.27553,Fletchers
485480.0363,97959.281,Sidlesham
484744.657,97689.67338,Highleigh
480162.6208,99643.22085,Shipton Green
481647.6498,96923.99732,Earnley
485471.6017,99139.78534,Street End
481776.3672,98233.36524,Somerley
482880.1262,97637.44396,Almodington
485042.6319,97052.92413,Keynor Estate
486948.5041,95117.86193,Church Norton
486107.0202,95434.49933,Norton
480357.7937,98811.21984,Hale Farm Cottage
481248.5166,98416.61509,Agar's Plough
484613.1195,93898.3437,Selsey Rife
482630.4929,96797.9392,Grange Rife
483136.4247,96166.63017,Easton Rife
481576.5822,95923.44225,Earnley Rife
484628.1202,97185.25416,Keynor Rife
485126.2454,95430.86131,Broad Rife
483254.0733,94972.01514,Broad Rife
488433.6136,98848.77561,Pagham Rife
486959.7044,99368.75225,Bremere Rife
486905.5472,94036.25685,East Beach
487089.4491,96676.33073,Pagham Harbour
482525.9504,98048.33069,Batchmere Estate
480607.335,95886.93588,Bracklesham Bay
485001.2384,91446.13773,English Channel
481942.633,91632.11854,The Solent
485368.8775,97483.87904,Keynor Copse
487377.3948,94319.06783,Inner Owers
481418.9981,96222.61379,Bracklesham
485178.7683,93267.16702,SELSEY
488427.7589,97534.16574,Pagham
481916.5118,99891.91544,Birdham
495001.4453,94846.27674,English Channel
493167.3358,97885.98706,Bognor Rocks
497475.067,99782.98494,Middleton Point
493974.5414,99437.23373,Hotham Park
490314.4198,99044.91774,Rose Green
491355.3167,98849.60217,Aldwick
494267.5716,99076.15896,BOGNOR REGIS
