X,Y,NAME
400396.892,827449.752,Waterside
403902.8324,828724.6078,Collieston
400380.7796,826735.7351,Waterside Bridge
400458.7651,829153.7192,Bridge Of Forvie
400901.2116,829444.8626,Forvie
400158.3984,829932.2186,Westfield
401939.1623,829966.8242,Milton Of Collieston Cottage
402335.0958,829472.2317,Crossroads Cottage
405445.7962,830014.2266,Old Slains House
400475.6373,826256.9533,River Ythan
401756.5004,827017.8542,Burn of Sanyne
402530.119,827298.7712,Burn of Hackley
402708.3905,829256.5625,Cotehill Loch
403397.0996,828381.5341,Sand Loch
400378.5976,827869.7111,Waterside Wood
400079.2913,828455.4142,The Snub
400700.187,824479.6455,John's Hole Point
400513.0554,825906.1297,Stinking Head
403593.7591,827711.7969,Poor Man
403423.1825,829814.1823,Kaim Hill
404970.0031,829582.0646,Skite Hole
400450.7135,824468.7999,Black Stones
403888.4771,828995.5537,Kirkton of Slains
400199.1379,824967.7095,Udny Links
400130.9463,823277.2574,Foveran Links
402564.2199,827767.5979,Sands of Forvie
405601.5742,824446.5583,North Sea
406784.2598,839842.8991,Aldie
402711.2276,839869.0813,Stoneygate
400947.5004,839198.7161,Ardallie
407610.9993,835739.4341,Chapel Hill
407865.9152,833431.4685,Whinnyfold
403137.5484,835395.1888,Bogbrae
401326.2033,836242.3217,Eastertown of Auchleuchries
406356.9963,832590.8454,East Broadleyhill
407759.4638,839056.0059,West Teuchan Cottages
405902.7842,839321.2373,Netherton Braco
407811.4551,839695.7446,Eastern Teuchan
408323.0591,839629.8462,North Teuchan Croft
408871.1658,838130.4674,Pear Tree Cottage
409619.8739,838337.3965,East Turnalief
409159.0756,838898.2858,West Turnalief
409646.1339,839943.7471,Greenhill
399819.1989,832087.5891,Artrochie Community Education Centre
400519.5921,831624.1552,Artrochie
400738.57,831964.4976,North Artrochie
402811.9422,830049.368,Willow Croft
404884.6623,830012.5729,Mains Of Slains Cottage
401139.2745,830551.4742,Milton Of Brogan
401994.4843,831453.4484,Smiddyhill
402177.5181,830626.4882,Upper Brogan
402891.2525,830425.832,Easter Brogan
402702.9903,831160.0285,Whitefields Farm House
401581.4652,831747.6523,Mill Of Leask Steading
402758.5366,832458.5939,Knaps Leask Cottage
403475.278,830325.5941,Broomhill Cottage
404323.6317,830969.8834,Bruce Hay Schoolhouse
404063.9096,831430.8527,Blackhill Cottage
405234.1701,830811.4165,Clochtow
403197.0755,831931.0007,Whitefields Croft
403813.0039,832066.6118,Auchnabo
404763.2551,831796.8837,Knapperna Cottage
406050.9977,831577.2964,South Newclochtow
404946.2149,832229.7525,Brownhill Cottage
405064.7491,832367.7525,Nether Brownhill
405850.6574,832311.0924,South Broadleyhill
406546.5147,831959.8132,North Clochtow
402797.9752,835805.7951,South Easterton Bungalow
406900.0586,832261.2338,Ogston
407560.2322,832410.9453,The Pits
399889.9939,834013.0347,Bridgefoot
400510.1282,835819.4733,Mains Of Auchleuchries
400566.0207,836257.8681,Joiner's Croft
400716.9129,836794.699,Moss-Side
400418.6387,837357.3827,Piggersbog
400237.4262,838431.1341,Hawk Hillock Croft
400343.1148,839050.8149,Easter Hawkhillock
400819.444,839547.3953,East Backhill
400999.129,833390.8117,South Tassetshill
401666.0821,833826.864,Bellscamphie
402721.2367,833101.4759,House Of Leask
402127.0285,833429.9013,Home Farm Of Pitlurg
402952.7435,833012.4327,Mains Of Leask
403226.7164,833837.6661,Moss Side
401595.656,834586.4881,West Auchmaud
401579.1041,835044.5207,Heron Croft Of Auchleuchries
402042.0926,834714.087,East Auchmaud
402226.7783,834289.8333,Station House
402647.8015,835129.9088,Bogbrae Cottage
403152.778,834759.4831,Littlebogbrae
404512.4519,833012.1638,Brownhill Quarry
403742.0344,834077.8694,Canach Cottage
405551.1618,833321.728,Broadmuir Farm
405550.8354,833834.849,Kiplaw Croft
404523.732,834546.0289,Hillhead Of Auchenten
405598.1624,834471.6249,Kiplaw
405852.0198,835119.2904,South Mains Of Ardiffery
401138.1593,835526.8967,Westerton Cottage
400952.6403,836283.143,Hillhead
406335.8418,834744.3018,Chanoryknap
401695.0693,836915.4068,South Mains
401080.9094,837348.7159,Jubilee Cottage
402664.581,836677.9143,Mill Of Auquharney
403211.5286,836666.7714,Mains Of Auquharney Cottage
405264.6311,835491.483,Hill Of Ardiffery Croft
405108.792,836418.681,Stones Farm
405813.5996,836090.0924,Ardiffery Croft
403803.04,837317.7604,Yonderton Lodge
405744.4761,837234.8598,Uppermill Cottage
406489.7772,833024.628,Nether Broadmuir
406644.7353,833180.6062,South Broadmuir
406009.1919,833880.3489,Broadmuir Farm House
407476.261,832918.6327,West Sandend
407398.2581,833805.1449,South Hay Farm
406128.763,834416.526,Kiplaw Cottage
406382.1021,834868.6374,Gateside
407892.8679,834556.3719,Hay Farm
406599.0611,836282.4322,Ardiffery Cottages
407941.8017,835416.2553,Aulton Of Ardendraught Farm
407082.3488,836693.7269,Cruden Old Church Manse
408268.1174,836783.6871,The Bungalow
408984.1678,837181.1196,Errollston
409391.9923,837508.0213,East Ardmachron
401039.1146,837994.3108,Nether Hawkhillock
400840.8612,838299.7435,South Hawkhillock
401148.5637,838337.1829,Hawkhillock Cottage
401893.3017,838202.4749,Aulton Of Auquharney
402136.8998,837876.4587,Auquharney House Nursing Home
402448.1402,838500.2747,Earlseat
402262.2052,839162.2598,Hillwood Croft
403040.6776,838814.4441,Cairnhill Cottage
401653.9706,839714.7608,Moss Of Auquharney
403597.4401,838142.0785,Yonderton Cottages
404462.2348,838333.898,South Midtown Cottage
403784.0021,839043.0601,Greenheads
405446.4218,838855.4121,Hillhead Of Braco
404088.0633,839697.9391,Sandray Lodge
404650.0508,839641.2686,Wester Hardslacks
405825.6359,839459.5415,South Stonehousehill
405280.7461,839839.3583,Berrymoss
406182.0635,838554.3481,Hottie House
406746.0913,839055.5549,Stonehousehill
407186.3838,837929.389,Hardhill
408057.6719,838650.2662,South Teuchan
402138.2408,830341.32,Burn of Collieston
404616.6976,832292.3331,Black Stank
400368.9436,835492.8004,Burn of Forvie
401026.6377,837497.6876,Water of Cruden
401194.8839,833219.5925,Burn of Forvie
406875.0713,839560.5975,Laeca Burn
403870.3573,836373.4968,Water of Cruden
407795.4562,836496.3821,Water of Cruden
401339.0063,839638.901,Devil's Howe
404437.6814,833971.2156,Lochlundie Moss
402951.6526,830851.132,Meikle Loch
406684.1219,831393.0036,Broad Haven
401239.4013,839817.8079,Black Stob
403014.1566,831536.9663,Thiefseye Moss
409721.3272,835537.3882,Goats' Hillock
403070.038,831038.4873,Kippet Hills
406581.0293,836627.924,Hangman's Brae
409814.4674,835409.3777,Stirling Craig
406230.336,837519.8222,Fairy Hillock
408988.3509,832945.0488,The Skares
401211.3754,839598.0583,Thunder Hole
405608.8318,829931.514,Horn Craig
405407.1375,829906.472,Little Blind Man
406391.7006,834536.9444,Hill of Mulonachie
405656.2927,838408.6378,Tippet Hill
403267.9937,830202.9709,Gallows Hill
402933.6095,831254.5024,Round Top
403419.9555,830513.2577,Broom Hill
400154.2688,838272.7086,Hawkhillock
405610.3994,830062.2967,Busk Craig
405446.5582,834639.2655,Kip Law
406266.0346,833812.7388,High Law
407905.9714,832783.0601,Green Brow
408317.9523,833068.4891,Little Craig
408167.7499,833058.3029,Poiten
408284.0192,834910.5711,Hawk Law
405010.3862,835284.5193,Hill of Ardiffery
405558.1009,835459.9581,Diery Hill
404717.8224,836713.9303,Crow Hillock
404880.71,836585.8528,Knockie Hillock
406470.1636,836497.7989,Gallows Hill
406359.0817,837093.946,Muiry Hill
402115.2893,839735.0207,Moss of Auquharney
400980.0643,836896.8513,Moss of Auchleuchries
408975.1606,834726.8036,Bay of Cruden
400660.9087,836484.9043,Hill of Auchleuchries
405268.8824,837168.7841,Hatton
408880.6861,836288.6496,Cruden Bay
407648.4249,847657.4451,Torterston
401861.5586,846382.8895,Inverquhomery
400508.025,846160.8482,Yokieshill
400436.4604,845202.7161,Millbreck
400696.3261,843925.862,Durie
408393.0114,840231.1564,Gask
405176.0501,843849.9482,Nether Kinmundy
401637.5196,841039.9429,Smallburn
400795.6773,841352.0551,Kinknockie
405255.0747,846930.7652,Flushing
409740.506,847539.194,Inverugie
404255.3246,840226.4757,Croft Of Hardslacks
405616.2518,849249.6224,Howe Of Rora
404781.9285,849450.7136,Westlandhill
405645.7208,849575.6242,Viewfield
406628.2615,848308.5522,Buthlaw Cottages
405885.49,849561.9938,Middleton Of Rora
408700.659,848300.1727,Westerton Of Barnyards
409180.2432,848961.008,Stonemills
409450.9699,849138.406,Cairnhill House
410038.1369,849103.3352,Hallmoss Cottage
410051.7,849732.6303,Hillcrest
400348.6092,840116.3444,High Field
400366.1836,840839.3668,Nether Kinknockie
399934.3902,842285.2871,Wester Pettymarcus
400374.5086,842948.4029,Easter Pettymarcus
401534.2244,840200.344,Bogengarrie
400004.0603,846944.7142,Baluss Bridge
405537.9451,840352.3937,Moreseat
401204.3848,842102.1805,Tigh Na Coille
401270.4212,842639.0945,Greenmyre
402194.1085,841995.1594,Glenview
402140.1881,842779.6194,Easterton Of Lenabo
404419.8271,842838.6125,Redbog Farm House
404708.8497,842244.9972,South Redbog
405654.9775,842674.2095,Muirend
407688.7089,840160.6939,Bissethill
406147.0342,840559.7698,Berryley
407132.9999,840754.3252,North Aldie
406545.9254,841895.7678,Newton
407193.5595,842438.5938,Cairncatto
407705.1544,842370.0177,Hill Of Dens
409728.5805,840513.1435,Colliehill
409842.7615,842564.6767,Greystone
399893.3176,843059.2825,West Winds
400282.5445,849138.3487,Hillhead Of Mintlaw
401121.8201,843599.4833,Home Farm Kinmundy
401982.8045,844287.0818,Millhill Cottages
402818.0849,843755.2696,Newton Of Ludquharn
402573.9065,844249.448,Oldmill
402925.4502,844748.8141,Clayhills
403265.7854,845170.6852,Newmill
403218.9656,843342.7932,Auchtydore
404154.2635,843393.103,Lenabo Lodge
403653.5136,843823.7675,South Braeside Of Ludquharn
405486.2611,844040.186,Knockleith
403704.4346,845071.0506,Mains Of Ludquharn
405735.2152,844470.0025,Anvil House
405511.5687,845264.8167,Inverveddie
401276.599,845550.1788,Fordmouth
403183.5773,846022.9713,Drumlovat
401793.2934,847925.1282,Auchtydonald Cottage
403086.2976,846758.6173,Longside Farm
403433.1604,845701.3756,Bridge Of Ludquharn
404393.3692,846268.3916,Mill Of Tiffery
404834.8704,847273.5087,Woodend Cottage
404690.7343,847720.6598,Strawberry Bank
406225.4526,843301.9768,Nether Savock
406154.4461,843889.0693,Upper Savock Cottage
406476.2844,844696.0205,West Toddlehills
406970.7566,845194.8531,Toddlehills Cottage
407654.2835,844389.7658,Dens
408323.1141,843279.3336,Blackhill Farm House
409771.1372,843536.9544,North Collielaw
409689.1679,843924.3138,Westerton Of Auchtygall
409321.0611,844522.275,Cowsrieve Bungalow
406415.8986,845921.5071,Parkhill Farm
405806.4803,846314.8247,Longleys
406342.0743,846657.817,Faichfield House
406985.3426,846680.7811,Thunderton
407195.6604,846100.7792,West Thunderton
407935.3985,845461.2732,Denholm Farm House
407075.3955,847269.919,West Longhill
406232.2667,847933.2362,Bridge Of Buthlaw
407622.7973,846809.6043,Longside Airfield
408349.5729,847706.7815,Smiddyhill Cottage
408724.0211,845733.1929,Howemuir
409213.7821,845838.9722,Forehill House
409187.2129,846470.7812,Berryhill Villa
409211.0836,846135.5042,Forehill Treatment Works
409488.9168,846637.5417,Berryhill
410101.2261,846355.9534,Wood End House
408619.0759,846712.3731,Downiehills Farm
403149.7863,849116.0098,Ardlaw
400662.6046,849466.9542,Boghead Cottages
401875.6148,849349.0266,South Longmuir
402313.4124,849434.1615,South Dumpston
404075.0933,849174.2303,Riverview Cottage
405131.9766,849200.6178,Wester Rora Cottages
403711.3595,847666.3794,Coble Stank
407344.6963,841193.356,Laeca Burn
401849.304,842931.125,Burn of Ludquharn
406512.4395,848804.694,River Ugie
407227.455,845024.8135,Burn of Faichfield
402003.5539,841718.2669,Small Burn
403939.8368,847048.6962,Burn of Cairngall
400159.6239,843248.1039,Quhomery Burn
403265.9192,845478.3396,Burn of Ludquharn
406057.4274,847087.6341,Burn of Faichfield
400349.3231,844943.5724,Quhomery Burn
404772.3236,848020.6803,South Ugie Water
404798.0688,848882.2304,North Ugie Water
402790.2575,847964.4698,Glen Ugie
403956.8167,840769.2953,Moss of Cruden
401294.2308,842840.1312,Greenmire Wood
408935.0542,842262.0095,Blackhill Wood
405112.1319,841971.9551,Redbog Wood
403330.8439,848860.7692,Ardlaw Hill
401143.2049,849059.3173,Moss of Longmuir
403284.2443,844200.0841,Hill of Ludquharn
400993.4885,844681.1713,Mill Hill
409665.4771,839988.5665,Green Hill
402454.0166,845830.5064,Gallows Hill
407935.7533,844649.9583,East Den
402313.2229,842391.5288,Lenabo
406001.003,842158.1175,Moss of Savock
406108.3981,848828.5597,Haughs of Rora
405185.257,842834.2528,Moss of Kinmundy
405555.7971,841616.8514,Hill of Aldie
401516.5196,840414.3184,Smallburn Hill
408814.6556,841902.8569,Hill of Longhaven
400813.7142,840490.8225,Kinknockie Hill
403911.8308,847466.9325,Longside
400202.3139,848334.386,Mintlaw
404315.8538,850284.1459,Cuttyhill
400760.8568,851417.8383,Hythie
405812.4693,850559.8073,Rora
404200.4099,859738.9691,Fiddler's Green
404524.1721,858494.6824,Millhill
401564.3774,859093.5384,Cortes Village
408959.0181,857804.9644,Old Rattray
407354.1519,855369.3105,Keyhead
401731.15,856974.049,Blackhills
409460.3749,852126.4962,St Fergus
409084.4564,851917.1788,Kirktown
400945.5614,853603.1559,Corse
401265.1515,851154.7217,Middle Hythie Farm Cottage
404672.0344,858693.9508,Millhill Treatment Works
405008.8884,859612.9121,Mains Of Lonmay
405265.1423,859758.4784,Mosstown Of Lonmay
400383.6899,850305.379,Dumbmill
400657.7005,851739.6094,Pitscow
403942.2161,850086.8332,Braeside Of Fortrie
403162.5013,850257.5998,East Cortiecram
404998.901,850268.0262,Moss-Croft
405440.0822,850156.4243,Greens Of Rora West
407691.6851,852050.6115,Blackmyre
402175.9041,851562.2916,West Cortiecram
402211.8714,851018.8129,South Cortiecram
402822.0031,851056.1497,Cortiecram
401498.3692,852061.3721,North Hythie Croft
401789.7093,852482.1821,Fernieslack
402971.2316,852118.0675,Croft Of Cortiecram
403641.1263,851074.7455,Greenwards
403424.5019,852700.4533,Newton Cottage
404883.8201,852819.4946,Blackhills Farm Cottages
407389.4785,849956.8287,Artlaw Bridge
408243.2001,849938.1615,Ednie Cottages
406079.792,851404.975,Gowrie Cottage
407339.5536,850900.6453,West Ednie
408183.9006,850917.8336,Little Ednie
407157.9933,851403.2185,North Gallowhill Croft
408059.6744,851322.3536,Gallowhill Croft
406473.1749,852205.0611,Rora Boarding Kennels
406897.3563,851880.4217,South Burnhead
408382.0705,852123.6623,South Essie
407741.3643,852802.4724,Shielhill Farm
408864.6035,851294.5038,Bruxiehill
408740.4936,851643.0513,Corhill
409840.7364,850671.0554,Kinloch
409069.1243,852804.0424,Netherhill
400582.6791,853134.0589,The Saddlers
400564.5444,854382.2969,Littlehill
399845.6044,855309.2367,Stephensden
399912.9428,855688.7918,West Cairnchina Croft
399957.1071,856207.2972,Mosspark
400808.3511,856143.5027,Southpark Cottage
400348.7548,856161.2378,South Park Villa
400578.0651,856722.4871,Mains Of Park
401151.8695,853342.6872,Corse Farm
402013.3137,854043.3701,Loch Cottage
402001.7631,853324.6458,Rowanhill Farm
403226.9735,853195.0518,Home Farm Cottages
401466.8398,855097.6582,Lochside Of Belfatton
402571.2535,854869.1616,Upper Ridinghill
404177.7114,853216.2434,Terryfield
404543.9893,854397.5429,Latch Croft
403821.5124,855381.9912,South Crimongorth
404625.6977,855127.4319,South Lothian
405066.3404,855125.2156,Three Acres
404827.6997,855571.8481,Holly Bush Farm
402115.6492,855957.609,West Cairnlob Farm
400968.4299,856506.8124,The Meadows
402562.0615,856757.2216,Berrybrae
400758.7879,857610.122,Auchmore
402088.5449,857835.7033,Bauldycairn
403201.3711,857140.1564,Chantry Hill Smithy
402903.7561,857687.7016,Lumbs
403864.4959,856259.5702,Mains Of Logie
403649.2686,856527.5362,Milltown Of Logie
405400.2023,856081.7705,Moss-Side
403772.5242,857056.7608,Logie Cottage
403984.3349,857418.6821,Old School House
404303.955,857226.3819,Netherton Cottage
404172.0239,857705.609,Mill Of Crimond
404367.6526,857779.1091,Middle Millhill
404871.4593,857609.6567,Spreaderhill
405903.6485,857591.178,Johnston Lodge
405879.8059,858040.7474,Starnafin
406752.2096,853196.7622,North Pitbirn Steading
406449.0815,853631.5443,St Helena Croft
407241.1124,853579.3435,Smiddyhill
406930.3559,854017.585,Greens Croft
408480.6562,853528.8671,Time Shadow Cottage
407580.2197,853762.9116,Mid-Essie Croft
408311.9397,854151.3707,Middle Essie
406484.8235,855095.9878,Greenwellheads
407326.6643,854786.6335,Bylands Croft
407942.3034,855189.4174,North Essie
409566.2832,853836.0257,St Fergus Gas Terminal
406422.3501,855914.3156,Miramar
408301.1476,855955.9293,North Blackhill
407219.5238,856755.7251,Dipplebrae Cottage
407760.3893,856711.3861,Greenmyre Cottage
408194.9271,856626.4949,Greenmyre
407807.982,857201.7208,Haddo
408223.9526,857080.4465,Ryehill
409393.853,856042.0146,Home Farm
409384.0769,856926.1368,Middleton Of Rattray
402491.5448,859264.2365,Tillykeira
401914.4429,859646.8558,Hillhead Of Craigellie
402622.7654,859769.9822,Burnside Croft
404805.7655,853293.4449,Latch Burn
405188.6993,858567.2455,Burn of Savoch
407419.5618,850317.3867,Crooko Burn
400399.569,857031.7345,Kilbirnie Burn
403086.1361,856206.2418,Burn of Logie
408126.0725,853966.335,Black Water
402242.6752,858271.9182,Green Burn
404058.2423,857175.4106,Burn of Logie
404483.1383,851611.8534,Rora Moss
405441.3413,853625.5206,St Fergus Moss
407765.8405,859356.1387,Back Bar
400701.1298,854198.03,Longhill
404600.6252,859789.3877,Savoch Belt
407859.9514,856467.6602,Greenmyre Wood
403798.984,856910.6761,Crow Wood
403247.7817,857018.9493,Logie Wood
404245.5184,851025.8667,Bruxfin Wood
408721.5759,856048.8101,Rattray Wood
404240.2574,851937.9854,Cairntawie Wood
403810.4961,859006.9888,Savoch Wood
406087.3821,857115.6242,Crimond Belts
403335.5304,858180.9413,Upper Broadsheds
401261.9318,851512.7349,Hythie Moss
406749.3542,851318.7618,Burnside
408014.6061,852622.6363,Shielhill
408835.9279,857907.19,Castle Hill
409223.6215,851666.9144,Broom Hill
400504.4786,859937.675,Hill of Forrest
409622.106,858960.0408,Maut Craig
407920.7019,858451.9027,Loch of Strathbeg
407660.2565,851578.2833,Gallowhills
405578.6973,856751.6776,Crimond
403289.4767,862966.7732,Gowanhill
402832.0744,861107.726,Strathellie
403987.3309,860884.6293,Cairness
400901.5798,862470.4313,Oldtown Of Newmill
400654.8085,859884.6816,Hill Of Forrest Cottage
400680.1184,861633.7696,New Mill
400273.2316,862171.4751,South School Croft
400302.5188,863064.2267,Mains Of Philorth
401411.5908,860163.7973,Hillhead Cottage
405291.8742,860399.1868,Middleton Of Lonmay
405905.97,860525.2241,Netherton Of Lonmay
401583.8788,860960.3765,Cairn Of Concraigs
402143.1894,860795.0208,Sleepyhill
402871.9187,861850.2525,Parkside Farm
402588.0915,863773.9534,Cairnbulg Mains
402287.0008,862536.4692,Little Invernorth Bungalow
404314.9968,861554.8181,Middlemuir
405519.5048,860905.3335,Loch View
404836.1948,861557.7619,Hillside Cottage
405200.9935,861925.0619,Corsekelly
403735.265,863262.0721,Hillhead
404488.0919,862693.7977,Castle View
404248.3945,863176.9047,Mains Of Inverallochy
404652.8429,862279.8052,Wardend Croft
405109.2711,862223.6101,Corsekelly Smithy
405556.5998,862142.5785,Corsekelly Cottages
400438.4316,864081.6122,Home Farm Cottage
400735.9908,864745.3527,Fraserburgh Golf Course
401368.4581,863254.5983,Milltown
401757.0704,863855.093,Gardeners Cottage
402279.3757,864468.489,Game Keepers Cottage
403027.0449,864003.6654,Gowanfold Rathen
402860.8677,864513.473,Bent's Cottage
404289.1923,863629.1336,Craigiepots
404689.3044,863679.923,Hallmoss Farm
403531.3662,864075.8802,Cairndrome Bungalow
404778.8036,864575.4969,White Links Inverallochy Golf Course
403499.7923,860144.7445,Ellie Burn
402535.6275,864889.8531,Water of Philorth
401183.461,863766.9945,Mill Haugh
401490.5955,865069.0607,The Bents
402441.498,865080.615,Fraserburgh Bay
405001.7618,867046.5782,North Sea
400006.2541,864745.5713,Kirktown Wood
400372.9857,864231.9394,Flagpole Plantation
403265.3259,861855.2792,Cairness Wood
400121.2977,863917.0462,Coronation Plantation
400475.0393,860063.2054,Hill of Forest
400261.7897,866864.8696,Balaclava Harbour
406153.9487,862901.1408,West Cample
406486.4522,862191.6028,West Inch
401055.9474,865032.469,Corbie Hill
400568.1033,863441.3433,Kempen Hillock
400253.8357,863603.747,Hippy Hillock
400644.414,861376.3903,Gallows Hill
405788.1865,862616.4092,Tillyduff Hill
400027.0027,861489.7898,Trefor Hill
402288.6878,862163.1059,Termanity Hill
400330.0532,861976.5223,Reio Hill
401284.5546,864033.4044,Wet Fold
403628.9791,862105.5443,Fairy Hillock
399964.2679,864903.312,Kirktown Hill
400700.8471,864956.4967,Rose Hill
402578.1807,864494.9635,Tershinity
406042.5012,861824.6237,Gallow Hill
400990.7627,861686.4884,Hill of Ardglassie
402609.1506,863942.3066,Moat Hill
401853.2646,863133.1051,Bairnie Hill
403185.6796,862414.1453,Bruxie Hill
401311.801,861077.9637,Hill of Concraigs
402331.5965,863018.6398,Muiries Hill
403993.3798,865042.0327,Cairnbulg
405129.618,863365.4292,Charlestown
404449.3911,865123.8302,Inverallochy
405219.9658,863034.818,St Combs
410337.7693,839569.3116,Longhaven
411478.0588,838876.4857,Blackhill Quarries
410125.5006,837268.8824,Badninish
410556.372,837295.9619,Fountainbleau
410795.0962,837891.1182,Bullers Of Buchan
410433.9375,838557.7153,Greenleaves Cottage
411785.2628,839676.7515,Murdoch-Head Quarry
411445.0023,839876.8015,Station Farm
410566.9179,836789.0047,Twa Havens
411227.4812,838365.708,North Haven
410991.1004,838438.7184,Craig Brady
411568.9618,839165.8696,Black Hill
410658.0766,837050.6831,Harper's Stone
415001.5349,835246.7565,North Sea
411576.975,842012.4474,Sandfordhill
410074.2762,843966.1425,Auchtygall
411558.0254,842847.8787,Buckie Farm
411591.1527,842398.1506,Denend Croft
412081.342,842912.642,Newton Of Sandford
411924.5517,847698.3565,Craigewan Links
413521.2194,844726.7752,South Breakwater
410830.2641,843323.956,The Lodge
411024.0996,845088.0768,Wester Clerkhill
412297.9607,843293.7851,Sandford Lodge Cottage
410974.5354,840884.0871,Hillhead Of Coldwells
410178.3243,841465.3321,Wellsforest Farm
410946.3254,842038.2719,Mains Of Springhill
410499.6618,842938.7326,South Collielaw
412590.1868,842991.7621,Peterhead Power Station
410382.7009,844004.6611,Wellington
410408.6732,845390.692,Richmondhill Cottage
410891.5877,845541.5571,Windy Ridge
411108.8922,840192.0494,Mains Of Coldwells
411510.4802,841250.4837,Denhead
412311.1246,840834.618,Seaview Cottage
412275.7169,841219.3484,Hill Of Boddam
412598.1596,841110.1782,Cliftonbank
410264.4716,846089.4916,Collie Burn
411905.975,847395.8802,River Ugie
411156.7628,841339.3539,The Den
412189.2985,842170.1269,Den of Boddam
416349.0345,844846.7969,North Sea
412380.8307,840390.9865,Long Haven
413073.1223,845088.7855,Ellen Skellyis
413165.1468,845526.9949,South Harbour
413199.8669,844761.9654,Peterhead Bay
413079.9854,844123.3798,Sandford Bay
413119.7255,847009.4434,The Ive
411216.6871,842265.5795,Saddle Hill
412131.3442,844579.3135,Meet Hill
410280.9352,848616.5646,Castle Hill
412824.4649,847298.951,Mid Rock
411593.0271,840065.1259,Blackhills
412571.0331,841348.6004,Stirling Hill
411008.2626,847045.5681,Collieburn Park
413148.8076,841323.4602,Little Donnon
412658.8738,842172.1667,Stirling
412054.7541,846131.1943,Grange Gardens
411268.6535,844416.3968,Whitehill
411669.7887,845440.3793,Meethill
412235.3401,844281.3692,Invernettie
411818.3834,845991.1937,Clerkhill
411752.5259,846269.3176,Middle Grange
411215.7686,846579.5438,Coplandhill
413152.4082,846118.3512,Kirktown
412142.9084,846806.9115,Blackhouse
411034.7886,847481.5267,Waterside
412499.1066,847018.7658,Buchanhaven
413797.1616,845827.9495,Keith Inch
413897.8429,845992.8566,Green Hill
413754.9527,846531.8113,Roanheads
413534.6209,842211.5977,Boddam
412764.2634,846403.1145,PETERHEAD
410814.4106,851932.5224,South Scotston
410535.1628,852282.9777,Scotston
410637.2239,853029.4257,Annachie Bridge
410348.7722,857742.9532,Lighthouse Cottages
410304.1902,853162.9175,Black Water
410845.7767,850076.9564,Cuttie Burn
410222.0283,852155.6649,Annachie Burn
410652.5829,857970.6871,Rattray Head
412058.247,850429.0435,Black Stones
411816.0406,851938.6849,Scotstown Head
411884.8369,851795.7107,Scotstown Craig
412037.3534,850579.6611,Kirkton Head
411335.8426,851696.8915,St Fergus Links
415201.6216,855446.793,North Sea
