X,Y,NAME
609395.3682,117448.2835,Dungeness
605203.4441,118465.9784,Brickwall Farm Bungalow
600497.6568,118970.1278,Jury's Gap Farm
606258.3519,116827.3969,Dengemarsh Gut Shafts
606223.1538,117621.7215,Muddymore Pit
604374.3549,119001.5249,Lydd International Raceway
606609.6393,118157.8803,Twenty Acre Pit
608036.848,118797.1014,Long Pits
606404.3052,119631.018,Boulderwall Farm
609040.5881,117708.2973,"Romney, Hythe and Dymchurch Railway"
600754.6012,119476.7177,Widney Fleet
600289.593,119732.4623,Pig's Creek Petty Sewer
607034.36,119486.6836,Gravel Pit Water
603186.9338,119320.163,Southbrooks Sewer
602735.7431,119935.8843,Wick Petty Sewer
600125.485,118961.0946,Jury's Gut Sewer
605306.0708,119837.7259,Dengemarsh Sewer
602375.1197,118713.8067,Holmstone
603168.2259,118386.8498,South Brooks
606804.782,119127.3301,Walkers Outland
608246.4043,116549.8002,Denge Beach
604598.475,119722.7391,Denge Marsh
601359.1474,119902.6246,Walland Marsh
605005.0041,112847.1661,English Channel
603072.8743,114284.3843,West Road
609590.6568,118702.9147,East Road
601026.8481,118000.6978,The Wicks
606642.3738,116701.133,Denge Marsh Denge Beach
600227.8658,118199.8574,Midrips
601845.5485,118914.0232,The Forelands
603894.7425,119926.6345,West Ripe
609352.6727,118558.8047,Lydd-on-Sea
609541.9499,128580.4741,High Knocke
602890.2543,127701.7532,Ivychurch
600439.4757,127275.6148,Brenzett
603242.2714,125031.1427,Old Romney
606648.972,127822.0019,St Mary in the Marsh
600973.5562,128830.6292,Brenzett Green
601446.0774,129538.453,Snave
600838.3915,122961.1296,Scott's Marsh House
605357.6966,128599.8854,Brookfield
605575.568,129292.3205,Popton Bridge
606239.5442,128794.5808,Pickney Bush Farm Cottages
605911.4578,129339.0928,Pickney Bush Farm
607354.2191,127119.2708,Slinches Farm House
606976.2906,128037.4546,Shingle Hall Farm
607328.9131,128562.3706,Turnagate Cottage
607037.9536,129051.5388,Marten Farm
607754.8644,128775.7357,Swallowtail Bridge
608663.9537,129100.0893,Sellinge Farm
606843.6108,129442.1649,Blackmanstone Bridge
601504.0256,120160.3062,Scotney Bridge North
600532.1769,120597.7417,Scotney Court Farm
602551.9387,119949.9311,Lydd Caravan Park
605959.5935,120229.431,Nessfield Farm
601529.8205,125798.8546,Bush Farm House
600892.2029,123773.7344,Cutter's Bridge
601595.7649,122098.4181,Newland Farm Cottage
602342.3436,122323.6393,Newland Bungalow
602468.1978,122729.9768,Hawthorn Cottages
603556.1525,122360.5691,Westbrook Farmhouse
603735.6816,122710.7762,Swamp Crossing Farm
601467.9908,123575.4817,Midley Cottages
602280.2539,124329.2295,Old Romney Bridge
603622.5428,123472.7129,Swan Farm
601095.2565,125029.3618,Coldharbour Farm
600328.9983,125047.4296,Court A Moor
599996.5924,125443.9293,Barnhouse Farm
600243.3023,126536.0935,Homelea
600816.9343,126511.3635,Finn Farm House
601269.9099,126549.4172,Callington Court Farm
601769.8336,124454.6606,Coldharbour Bridge
601370.2237,125079.3919,Coldharbour Cottages
602079.6675,126029.188,Yoakes Bridge
602279.3502,126448.2937,Wenham Cottage
603632.7546,126629.9802,Yoakes Court Farm
601436.304,127273.8415,Brenzett Place Cottage
599928.3213,128182.6862,Hook House
599920.2751,128646.9685,Godhall Farm
602030.4467,127989.1601,Spring Farm
603355.8686,128023.1795,Melon Farm
602580.8911,128490.2307,Robinson Farm
603039.9522,128931.5727,Murton Farm
603579.3014,129622.0939,Lodgeland Farm
604255.9025,121920.175,Westbroke Cottages
604331.1563,122560.4006,Marsh Farm Cottage
605636.4804,122085.7202,Forty Acre Farm
605784.3126,122835.2335,Belgar Farm
604751.9976,124048.7973,Romney Farm Caravan And Camping Site
605839.2035,123773.2289,Bendle Bell Farm
604080.353,124961.0208,The Venture
605256.1677,124721.8207,High Haven
604612.706,124660.6594,Plumtree Farm
604755.3895,125516.2887,Chapel Land Farm
605307.156,124460.9579,Kemps Hill Farm
605186.9423,126600.6149,Beechcroft Farm
605524.7824,125844.7638,Goodwill Barn
605848.6089,126358.6137,Paternosterford Bridge
607906.1559,125388.962,Romney Warren Golf Course
608584.6436,125758.0837,Marsh Mallow
605545.2835,127139.1682,Honeychild Manor
605094.0619,128143.1592,North Fording Bungalow
607341.9825,124030.8288,"Romney, Hythe and Dymchurch Railway"
609136.4245,128385.6874,"Romney, Hythe and Dymchurch Railway"
602729.4429,121031.297,Dering Petty Sewer
608203.9072,125068.1905,Nashe's Run
609067.9021,128029.5522,Golden Sands Sewer
606799.29,122828.3172,Paine Field Sewer
602850.2628,123911.8518,Oliver House Petty Sewer
600936.3396,120769.8845,Grattens Petty Sewer
605697.9577,124768.9658,Running Water
605075.2318,123081.668,Prospect Petty Sewer
600480.162,124756.7701,Coldharbour Petty Sewer
600755.9058,123616.0064,Baynham Petty Sewer
605495.5447,123947.0959,Kemps Hill Petty Sewer
602427.8978,121696.5278,Tore Petty Sewer
607323.8686,129231.2955,Clobsden Sewer
607229.3185,121589.9742,Mockmill Sewer
601582.5902,123974.5823,Cutter's Bridge Petty Sewer
600897.1358,120095.7364,Scotney Petty Sewer
603368.9076,121475.9993,Westbroke Petty Sewer
607449.8672,125437.0763,New Romney Main Sewer
605443.5609,124503.4143,Caldecot Petty Sewer
601863.9565,120080.7738,Jury's Gut Sewer
602758.2495,120278.0093,Lydd Petty Sewer
600099.5306,124924.0609,St Thomas's Innings
600036.5394,127626.4144,New Sewer
607699.1773,127216.2846,Jefferstone Sewer
604966.879,125292.3057,Wallingham Sewer
606473.6369,124266.6453,Dengemarsh Sewer
603077.8844,124317.3746,White Kemp Sewer
601251.362,128574.6784,Brenzett Sewer
608827.9047,128655.5682,Clobsden Sewer
606827.7041,128844.2077,Sheaty Sewer
605324.6286,126448.3903,New Sewer
603904.1817,127850.6687,Brenzett Sewer
606397.6533,126398.313,New Sewer
602475.4653,120417.4591,Burnthouse Wall
605144.7309,121955.0783,East Ripe
608568.8183,123616.0726,Romney Sands
600407.0202,127884.1668,Walland Marsh
605583.3911,123639.7706,Denge Marsh
609264.7885,124830.4515,East Road
604754.5227,120805.25,Apple Tart Orchard
604686.3259,120857.0589,Ketchley Copse
606799.3414,123673.2028,Romney Salts
608447.3801,126522.169,The Warren
608468.479,121961.0806,Romney Sands Holiday Village
608554.1183,120751.0995,Lade
608690.9017,127496.1347,St Mary's Bay
606760.0162,124748.1095,NEW ROMNEY
604369.5335,120861.651,LYDD
608064.1929,124337.2477,Littlestone-on-Sea
607737.7964,122856.072,Greatstone-on-Sea
605956.1609,136972.5198,Claphill
605462.0531,131301.146,Newchurch
606571.989,139791.0876,Smeeth
605100.0494,135861.8708,Bonnington
604161.7889,134424.7516,Bilsington
602446.2934,133665.4465,Ruckinge
599798.1328,139019.1984,Kingsnorth
606560.496,136541.084,Aldington
604639.7347,136865.0167,Aldington Frith
601901.222,136749.4483,Rowling Street
603755.7799,138445.8344,South Stour
607768.0413,135627.673,Postling Green
609403.6623,135374.6463,Court-at-Street
602767.3251,138763.3364,Cheeseman's Green
603286.699,137324.8209,Chequertree
602816.7075,137536.3269,Bliby
602998.0114,136600.6108,Stone Cross
604203.8714,138011.9854,Broad Oak
606592.822,137699.2814,Stonestreet Green
608864.282,139473.27,Lilyvale
609208.929,138852.2087,Stone Hill
602530.1647,139168.586,Bilham Farm
603745.7891,138706.2722,Swanton Cottage
603753.3472,139749.3814,Hillcrest Farm
604987.4388,132470.1399,Toll Farm
604124.4716,132973.0984,Pear Tree Farm
605503.1882,132725.2024,Honeywood Farm
604812.4792,133812.7274,Bridge Farm
606002.8823,134426.4253,St Rumwold's Church
606493.3279,132661.3798,Bellfield Farm
607274.5477,134043.3078,Hurst Poultry Farm
607675.9605,134416.5253,Falconhurst
608491.4862,133518.9295,Lower Wall Farm
608042.7162,134468.5618,Marwood Farm
608723.0201,134478.6979,Honeywood Cottage
605640.911,134676.6528,Parsonage Farm
603991.6819,136034.5041,The Priory Home Farm
607052.2187,135326.4897,Strawberry Hill
607859.6795,136420.2698,Middle Park Farm
607980.0837,136710.6546,Lower Park Farm
609080.2273,133650.4935,Brambles
609380.419,133870.2757,Harveyland Farm
610077.9919,135508.1772,Coldharbour Cottage
604860.6906,137799.5439,Spring Cottage
605383.5253,137449.9371,Becketts Green
606375.1432,138165.1561,The Mill House
606310.454,138964.8873,Little Stock Farm
607579.7653,137186.736,Hogben Farm
608994.2557,137456.372,Partridge Farm
608302.8171,137799.7678,Bested House
608420.8684,138163.3331,Sellindge Sewage Treatment Works
606936.0668,138501.2888,Park Wood Cottage
608024.9554,138818.1905,Water Farm
607862.7711,139309.1779,Paddock Hill Farm
609146.2178,137090.0877,Harringe Court Cottages
609491.7958,137775.0575,Harringe Bridge
609551.2681,138798.1364,Hoddiford Farm
609705.9489,139333.7031,The Bungalow
610020.4508,139724.1185,Southenay Farm
602820.7853,132960.1494,Munn Cottage
601309.1761,130385.6184,Poplar House
600455.3216,130242.4378,Wick Bridge
601107.3373,131099.1101,Stockbridge House
599999.5293,131557.232,Ham Mill Farm
600633.8274,131529.2054,Heronsgrove
603685.3769,130044.3595,Lodgeland Cottage
601879.0321,131175.1876,Weystreete Farm
603482.1444,131098.4557,Langdon Cottages
602773.882,131761.4255,Wey Street Farm
604060.8591,130403.8654,Hill's Farm
604501.7093,130539.4311,Norwood Farm Caravan And Camping Park
605862.6104,130468.6908,New Barn Farm Cottages
604100.8683,131513.2639,Will's Farm
605163.5846,131850.7787,White Gates
608110.8035,130661.172,Chapel Cottage Farm
607058.147,131050.9965,Gammon's Farmhouse
607490.809,131890.0015,Chapel Farm
608017.9754,131077.6291,Newbarn Cottages
608814.3389,130820.5936,Orgarswick Farm
608844.3586,131973.0684,Tame Lane Cottage
609249.772,131925.1026,Forty Acre Farm
600178.4203,132071.4461,Ham Lees Farm
600941.2095,133042.3365,Carter Farm
601535.4771,132483.7182,Kits Bridge
602512.084,132184.4088,Lords Farm
602807.1294,132037.9526,Stonebridge
603013.8718,132608.5983,Hans Farm
601397.528,133532.2176,The Woodlands Farm
602353.2474,133908.9056,Noakes Farm House
603084.3764,133359.0473,Mill House
600222.3322,134589.0527,Court Lodge Farm
601023.1123,135871.7294,Chestnut Farmhouse
604838.5694,134876.4641,Gorsedown Farm
601624.2932,134661.2282,Gill Farm House
602893.8304,135873.1454,Swanton Farm
601571.0779,135888.7315,Rosedene
601811.1905,135744.3498,The Old Butterfly Farm
601536.566,136123.9523,Harding's Bridge
601602.5778,137064.619,Brisley Farm House
601124.9124,137126.8955,Lone Barn Farm
601523.4962,132931.4029,Royal Military Canal
606693.6718,134239.9478,Royal Military Canal
606379.7464,132935.8289,Eastbridge Sewer
602929.2859,130566.7369,Brenzett Sewer
605189.679,130850.3753,Sheaty Sewer
603943.8383,133216.8872,Wallsfoot Sewer
605240.0845,132384.9414,Bilsington Sewer
605214.1489,133998.6012,Marshland Sewer
603243.5668,139505.2294,East Stour
608075.2358,133225.9368,Hurst Sewer
600139.4631,130431.808,Sedbrook Sewer
603325.2754,133177.517,Sedbrook Sewer
609143.499,130167.2634,Marshland Sewer
609119.9383,137812.3278,East Stour River
609025.2823,132555.5817,Hoorne's Sewer
607294.5913,131059.5856,Eastbridge Sewer
605529.8406,138486.3481,East Stour River
607028.9787,134994.4082,Golden Hurst
608372.5898,137556.8538,Partridge Plantation
601783.0714,133940.2003,Hanger Wood
606991.4768,135442.19,St John's Wood
609917.0824,134778.2489,Aldergate Wood
608717.2117,137300.9043,Round Wood
602831.9927,134679.3057,Carving Wood
601510.8684,135475.7175,Newhouse Wood
607258.004,138974.9665,Park Wood
601537.6844,133847.5513,Hibbet's Wood
602798.7833,135494.7013,Dyne's Wood
603244.9496,134275.0964,Horn's Wood
604897.1658,136323.1123,Bourne Tap Plantation
605262.3654,136601.6279,Handen Wood
607633.8986,135347.9085,Bolden Wood
606332.1881,139870.2416,Hatch Park Deer Park
608229.1265,139622.1486,Fishpond Wood
609418.0101,139570.6721,Coopers Wood
606403.8385,135988.6381,Blackthorn Wood
601329.8207,138970.5024,Parklane Wood
601050.1162,138579.4639,Stumble Wood
605030.7051,135588.138,Great Crump Wood
600056.025,134270.06,Huntbourne Wood
607928.3298,139558.9915,Scott's Hall Plantation
608824.5588,138757.2644,Cooper's Wood
609383.0265,137511.8224,Rabbits' Wood
609587.0242,136633.694,Springfield Wood
606288.5167,136905.1211,Quarry Wood
607253.6789,135013.8267,Curtis Wood
606483.5317,135052.9918,White's Wood
606247.2971,134914.1435,Shalley Wood
601237.2859,137668.737,Sticket Wood
602518.5488,137326.4934,Bliby Wood
601720.0313,136921.4499,Brisley Wood
605258.8718,135293.7876,Little Crump Wood
602758.3512,135005.9107,Hodge's Wood
605933.1534,136435.5482,Poulton Wood
606897.8945,135219.5586,Knoll Wood
602953.3895,139234.9667,Captain's Wood
600719.0472,138545.2537,Isaac Wood
601578.1318,135955.0378,Lamb's Wood
600168.0153,136931.8624,Bishop's Wood
600694.8266,135087.2662,Packing Wood
600890.7065,134522.468,Bourne Wood
603335.9513,134786.7463,Countryfields Wood
601093.5958,133862.1534,Barrow Wood
603482.9436,134917.5487,Crowhill Wood
603881.4827,135808.3964,Priory Wood
602937.7651,133976.9918,Herne Hill
604309.546,134979.4097,The Park
603766.4777,137968.6924,Collier's Hill
608782.0303,136901.3344,Hungry Down
607147.9907,135186.2172,Aldington Knoll
607311.8751,135888.4808,Ruffin's Hill
607645.0947,137711.1159,Bested Hill
604883.4087,138972.8468,The Forstal
601116.2472,139498.989,Park Farm
605495.9934,139797.2933,Mersham
599919.3553,133337.5871,Hamstreet
607355.3703,139987.1972,Ridgeway
605154.3576,144737.6738,Naccolt
602584.2575,147291.133,Boughton Lees
606407.8449,144015.5172,Brook
605586.1477,149077.1468,Bilting
609446.7982,144851.145,Hastingleigh
607046.3912,144337.4495,Troy Town
605835.3954,145676.0057,Withersdane
605071.2034,142547.1704,Hinxhill
600651.8678,147587.7543,Eastwell Park
604301.8328,147926.2436,Boughton Corner
603643.3644,140707.6613,Sevington
608498.93,141463.3408,Bircholt Forstal
603106.9435,146723.4407,Kempe's Corner
608874.8258,145200.3937,Folly Town
603385.2482,147864.0552,Boughton Aluph
608948.5194,146387.7528,Hassell Street
607943.498,149084.7297,Crundale
609581.5084,149313.0368,Sole Street
607056.3762,143028.7033,Elm Tree Farm
608558.7493,143336.3183,Old Bulltown Farmhouse
608730.2844,143835.8323,New Barn Farm
605042.1408,145700.7486,The Hermitage
604501.766,146050.3759,Browning Bridge
606680.2742,145824.5814,Silks Farm Cottages
607195.9211,145412.4921,Mistletoe Cottage
607291.0358,145912.9402,Amage Farm
608352.8553,144981.1168,Wyncot Kennels
607949.8791,145518.2838,The Firs
606717.6123,147100.869,Sidelands
607804.0096,146814.4214,Downs Farm Granary
608141.7708,146400.2382,Big Coombe Cottages
608619.9889,147057.4321,Pett Street Farm
610012.604,142253.4097,Pilgrims Way
609424.5023,142826.5392,Ten Acres
609796.6734,144057.4668,South Hill Farm
609532.8526,145770.3076,Lyddendane Farm
609971.2707,145477.5584,Lyddendane House
609753.1999,146339.8495,Hazelwind
609346.078,147169.168,Ashenfield Farm
605337.9741,147740.151,Sparrow's Bridge
604312.383,148425.5885,Buckwell Cottages
605263.6764,148738.8699,Bilting Cottages
606603.1002,149513.1904,Tyewood Cottages
607609.0409,147801.3622,Marriage Farm
606845.7484,148466.5077,Little Olantigh Farm
607898.5183,149550.2673,Thornham Lodge
606869.7006,149839.4091,Ripple Farm Cottage
609067.7378,148576.0828,Huntstreet Cottage
608304.2868,149333.9803,Winchcombe Farm
603395.2469,148925.2704,Warren Farm
604508.2276,140167.3968,Hillcrest
605781.4594,140230.6182,Hatch Lodge
606091.8694,140315.7514,Mersham-Le-Hatch
605459.0085,141407.0411,Bockham Farm Cottage
605762.2482,141163.1493,Quarrington Farm
607478.3901,140690.8582,Brockham Farm
606704.7966,141464.4319,California Farm
607644.4602,141207.4813,Bircholt Court
606755.322,142063.0785,Burch Farmhouse
607118.6538,141915.4018,Fallon Farmhouse
609715.3025,140626.6005,Park Farm
603913.1725,143328.7246,Holly Cottage
604081.6441,143713.7835,Great Bromley Farm
600499.1188,145001.1603,Enterprise House
600724.0973,146875.7751,Hallsland Lodge
602370.2629,145725.1541,Ulley Farm
602971.3546,145901.9294,Wilmington Cottages
602889.1238,145702.089,Wilmington Farm
601689.5586,146382.189,Brookies Lodge
601438.7987,146750.4907,The Pump House
602749.5377,146262.8267,Park Barn Farm
603411.565,147075.5342,Hillview
603811.8549,147088.0552,Perry Court Farm
601045.0859,149069.6608,St Cosmas And St Damian's Church
602245.0923,148000.3459,Woodlands
603098.638,148339.7755,Kingswood Hill Lodge
602175.7107,148688.6058,Hayward's Garden
604007.2768,148700.5243,Soakham Farm
603201.2154,149737.8466,Jackets Field
604942.1228,143198.625,Goodcheap Farm Cottages
606138.5909,142639.4068,Naccolt Tiles
605797.936,143577.4945,Terry's Wood Farm
605152.4182,143852.8496,Bourne Dyke
601276.7772,140934.4476,East Stour
607716.0966,148989.639,Crundale
607547.4338,145435.8512,Pickersdane Scrubs
606050.8884,143695.7127,Spelders Hill
608658.683,140156.7958,Warren Hill
609671.5538,143883.6547,South Hill
607680.8422,145967.8214,Wye Downs
603944.1209,141879.556,Lacton
608025.7767,144789.2259,Newgate Scrubs
607903.6888,145079.0028,Broad Downs
603945.6648,149445.2271,Soakham Downs
609690.1848,142947.8832,Brabourne Downs
606020.1734,140716.434,Hatch Park
602228.6445,149044.6085,Crow Down
601540.5896,148888.9026,Mount Ephraim
603504.1872,146198.8986,Great Stour
601075.3154,146989.5727,Eastwell Lake
605872.3878,147986.9986,Paddock Plantation
609023.8696,149576.4279,Coombe Wood
609184.0102,145618.1416,Newlands Wood
609458.6106,145419.5046,Haines Wood
609452.8277,144134.2827,Ham Wood
609256.5162,144173.637,Becks Wood
601062.5882,147546.123,The Beeches
604870.9014,141897.0938,Knuckle Hill Wood
604152.7942,142579.7438,Lords Wood
601737.8539,149983.5165,Ashes Wood
601038.2009,149594.6931,Brabourne Hill Plantation
604677.308,147583.6638,Maiden Wood
600792.2462,147033.6217,Aviary Wood
601036.9189,146320.4266,Old Rectory Plantation
604485.948,143580.5075,The Plantation
607572.4917,142947.1495,Fallon Wood
607183.8268,142195.4228,Broadoak Wood
605597.3563,140975.7415,Spring Wood
604215.9422,142338.7507,Fostal Wood
604389.6312,143390.3462,Plain Shave Wood
609331.1102,147964.056,Capon Wood
609409.7741,146921.4076,Park Wood
608628.7232,146779.3365,Hurst Wood
609397.4922,145519.877,Moorlands Wood
607560.9436,143946.2025,Hampton Alders
607221.4298,143872.5517,Goldingbank Wood
606367.7722,143554.1983,Oxenlees Wood
602855.4205,148279.6447,Wise's Wood
602634.5965,148438.4694,Yewtree Toll
601603.4977,149260.4434,Prickle Down Wood
604815.7616,147933.9778,Gottye Wood
600214.2981,147222.6143,Dogkennel Plantation
609948.7501,144365.1959,Westfield Wood
607700.0773,141672.6377,Bircholt Wood
608399.8823,139999.6159,Fishpond Plantation
607569.3239,149427.3612,Seaton's Wood
607675.2908,149758.9409,Thornham Shaw
608202.7952,149221.5509,Viney's Wood
604554.0434,143105.9009,Brickclamp Wood
606246.3446,149170.2414,Tye Wood
608175.85,146775.6003,Prout's Spinney
606531.6879,146446.4184,St Barbe Grove
608726.2499,145622.1382,Round Wood
608352.8179,145448.0015,Hook's Wood
605423.1609,148257.713,The Alders
601530.9146,146276.589,Lake Wood
601756.5863,146159.2211,Running Water Plantation
600472.9735,146195.2473,Podberry Wood
605229.177,142701.8558,Boarfield Wood
604623.0274,142876.9739,Cowlane Wood
605332.6533,142170.8853,South Oaks
609334.9524,148378.9326,Home Wood
608819.0331,146960.9085,Town Wood
605297.2867,149558.929,Bilting Plantation
601851.7588,146684.1006,Rectory Plantation
605104.3662,143509.7419,Alder Bed Wood
600804.6853,146735.5347,Rectory Wood
604428.9645,141743.5834,Breeches Wood
608390.728,148971.9224,Church Wood
607001.4971,147822.8409,Sawbridge's Clump
606471.0079,147908.2072,Six Gate Clump
609003.2621,144171.1947,Reed's Wood
600961.6615,144147.5474,Bockhanger Wood
600226.663,145472.9492,Alders
609273.6641,148907.7311,Hobbs' Hill Wood
608455.5294,145923.392,Mill Down Wood
607202.0033,147983.1273,Round Wood
606668.1264,147785.5765,Kidney Clump
601162.9303,146101.4141,Tower Wood
607224.84,142722.1282,Foreland Wood
606068.8885,147578.0123,Long Plantation
608044.7558,143001.3652,Cadman's Wood
602254.9608,149332.8087,Well Wood
600849.302,148561.5698,Round Wood
601748.4257,148380.4196,Old Rook Toll
601219.047,148554.4292,Pear Tree Toll
601619.9615,148016.8335,Browns
601273.9329,144542.5932,Bockhanger
601253.5723,145189.0544,Kennington Lees
602877.9524,141939.3213,Willesborough
601147.037,145842.8916,Goat Lees
601963.6718,140950.037,South Willesborough
601698.4481,141382.5162,New Town
600586.105,141193.9447,Beaver
602526.0316,141479.0553,Aylesford Green
602154.5056,144979.0569,Kennington
600765.5766,142991.5229,Barrow Hill
603118.8942,142485.9878,Willesborough Lees
601639.5174,144205.1207,Bybrook
600628.94,141768.2377,South Ashford
607786.5866,140466.8112,Brabourne Lees
605396.206,146877.805,Wye
601153.4063,142613.1962,ASHFORD
603535.9984,141554.2019,10
600665.1765,144269.0468,9
605114.1061,156925.841,Neames Forstal
607658.8171,154858.0564,Old Wives Lees
602774.1835,151669.8597,Molash
600254.5584,159323.1817,Whitehill
606998.2419,150572.8704,Godmersham
601275.6121,156125.0189,Sheldwich Lees
603392.2589,156810.2715,Hogben's Hill
604351.7985,154108.856,Shottenden
604231.817,155580.9771,Perrywood
610114.5039,156599.4924,Chartham Hatch
607728.3673,158870.8857,Dunkirk
604019.4285,156430.0267,Selling
600395.4676,150523.1536,Challock
601211.274,157966.1236,North Street
606290.5199,158381.1102,Hickmans Green
606024.9472,156605.4931,Rhode Common
606683.9119,158010.8152,Winterbourne
605837.2769,157480.1775,Oversland
605698.5746,157794.0041,South Street
605194.413,158084.0897,Crouch
604283.2145,157400.1308,Gushmere
609881.6746,153954.2665,Mystole
607085.0127,152705.3195,Mountain Street
605660.6586,152906.1872,Dane Street
600913.3151,156731.03,Sheldwich
600682.1642,154042.3349,Leaveland
601177.454,154047.0947,Badlesmere
600841.5076,151854.7684,Pested
600526.1515,150329.5972,The Lees
604381.9041,155180.4168,Sand Bank Farm
604745.8643,155368.4618,Ladymead
606577.4253,155430.3981,Lane House
605830.1576,155611.7437,Little Stone Stile Farm
605861.1299,155951.7159,Westfield Farm
606767.7422,157226.9594,Fax Cottages
610094.2587,153390.4131,Long Lodge
609355.9176,155505.13,Nicklegreen Farmhouse
609745.2577,155467.3415,Corn Mill Cottages
604150.5735,158098.055,Dane Court Farmhouse
604688.2273,157527.1549,Danecourt Bridge
605456.5519,158509.6311,Boughton Golf Course
604454.8994,158854.9114,Parsonage Farm Cottages
606585.2582,158408.5224,Wedgewood
607664.299,157997.924,Forester's Lodge Farm
608806.9868,158863.4162,Willow Farm
608352.6264,159896.6533,Courtenay Farm Cottages
608914.3996,159684.9934,Bossenden Farm
609518.2602,158717.6798,Woodside Cottages
609727.1012,158421.034,Stumps Farm
609946.2637,158705.0104,Church Wood Cottages
610116.2817,152862.1743,Upper Mystole Park Farm
602984.8423,152929.0523,Bower Farm Bungalow
600032.5827,151329.7272,Norvaleen
601828.0879,151179.6586,Horseshoe Cottage
601954.3892,151292.8939,Tower Farm
601565.8859,152304.9746,Howlett's Farmhouse
602464.4384,152205.2111,St Peter's Church
604249.4898,152168.0857,Cutlers
606305.8741,151457.8976,Park Stud Cottage
607807.9674,150393.1172,Bridleway Cottage
607020.1431,151279.8051,Mosewell
607047.0017,151432.105,Brookswood House
607702.5098,151380.1433,Pope Street Farmhouse
606578.4217,151830.1645,Hurst Farm
607382.3034,152018.5531,East Stour Farm
608114.715,151217.4139,Woodsdale Farm Cottages
609318.726,150773.9677,Woodside Cottages
609622.8246,151305.5226,Upper Thruxted Farm
600319.3664,152930.3787,Broomfield Farm
601124.4974,153043.8184,Boundgate Farm
600700.3494,153317.308,Ransom Lees
601935.8756,152468.2705,Pontus
601893.7905,153192.4401,Dryland Farm
602705.6486,154317.7952,Fisher Street Farm
600824.1264,154967.1108,Waterditch Cottages
601202.6985,155467.2471,Normans Cottage
600963.8177,155854.2438,Lords Farm
600294.2739,156265.0964,Parsonage Farm Cottages
601359.4365,155142.1586,St Leonard's Church
602072.1953,154757.6658,Keeper's House
601793.0343,156090.5188,The Dairy House
603091.1525,155829.2187,Shepherds Hill Farm
601006.0908,158130.32,Littles Manor Farm
600390.5018,158747.4754,Plumford Farm Cottages
601329.8306,158869.523,Selgrove
600337.9223,159887.9317,Little Brook Manor
603178.677,157751.069,Saffery Farm Cottage
603857.278,157652.0788,Poppington Bungalow
603395.1882,157966.7269,Little Owens Court
602296.5033,159369.0538,Westwood Court Cottages
602983.5972,158890.7527,Sole Street Cottage
602784.9355,159150.5654,Selling Road Cottages
603968.8193,158973.7197,Brenley Farm
603395.3821,159303.5057,Colkins
603846.1488,159442.3251,Brenley Lane Cottages
605267.0302,152680.3855,Young Manor Farm
605717.9707,153855.7162,Lion Farm
608640.3148,153617.4594,Stile Farm House
608134.3261,157931.638,South Bishops Den
603495.4824,159937.8244,Chalkpit Hill
606419.421,158128.3341,Iron Hill
609159.4464,153066.9079,Denge Wood
604376.7944,150566.0173,King's Wood
605539.9097,150932.9048,Godmersham Park
602226.9154,155790.2485,Lees Court Park
606350.4993,152638.4331,Chilham Park
605004.1151,152238.952,Great Stour
602739.8941,156431.4575,Winding Hill Wood
604484.286,154991.367,Conduit Wood
604937.0089,153652.8409,Dolfinch Wood
603212.5999,154165.5509,Old House Wood
600044.7995,154877.5045,Black Shaw
600648.8799,153988.9993,Tenant Wood
608077.5388,155412.869,Chestnut Plantation
608205.0012,151699.8521,Wintergates Wood
606056.5458,150243.9643,Church Plantation
608675.7624,153026.8914,Long Wood
605398.5846,158680.1069,Currant Wood
601270.8315,156637.5581,Church Plantation
605872.5716,152191.1297,Felborough Wood
606374.6676,155693.8446,Gorewell Wood
605332.9355,156941.3932,Woodgate
600083.8026,158206.6132,Square Wood
605837.2083,153167.0376,Danecourt Shaw
605601.7285,153627.4346,Great Hurst Wood
605579.6693,154451.8681,Wales Wood
608825.2273,153329.109,Sprats Wood
607235.8498,155632.5537,Shiversalls Shaw
606270.7116,156943.0068,Fox Wood
606423.3395,157755.7203,Chrislocks Wood
606760.633,158202.8588,Arnolds Wood
607234.7089,159227.5228,High Wood
608777.7038,153875.0696,Pickelden Alders
605235.1358,155339.332,Priviss Wood
604839.2552,155103.0338,Cheese Wood
603381.5112,155376.9559,Albox Wood
603143.9602,155453.387,Step Wood
605361.2088,153176.4607,Pigeonhouse Wood
602369.2046,154300.8949,Holly Grove
601475.5584,153422.9829,Eleven Acre Wood
601280.7798,153463.4733,Dennis Nash Wood
600343.7142,153414.5284,Birchetts Wood
600161.8087,153339.7556,Willow Wood
605623.1795,152274.7593,Ridge Wood
607224.4932,151474.6644,Brooks Wood
601883.2724,151662.6636,Knock Wood
600610.8626,150699.6208,Carpet Wood
600660.7675,151499.2343,Butt House Wood
606352.0471,157968.1912,Mount Wood
609002.9085,155662.1468,Dunning Shaw
604986.6943,153799.7107,Little Hurst Wood
607400.2926,151689.107,Black Brooks Wood
600211.7371,151011.9394,Round Wood
606037.5791,158500.9704,Trent Wood
606572.6507,157092.749,Goulds Wood
601180.2031,152939.6443,Cradle Bottom Wood
606011.7416,155741.9861,Greenlane Wood
608640.4428,153737.4332,Stile Farm Alders
603871.3721,156082.7782,Grove Wood
604259.2488,155051.1099,Round Wood
601148.3314,153612.8671,Tattenden Wood
604098.2463,154644.3041,Franklins Wood
602251.7678,153155.8524,Bowerland Shaw
600121.6124,154363.9138,Workhouse Wood
607497.0764,150950.0885,Coneyearth Wood
604917.6352,152838.7388,Old Park Shaw
600245.3933,151152.2046,Loamhole Wood
606344.5216,157881.0536,Meadow Wood
604296.5593,152752.6184,Park Wood
608547.1142,152013.942,Down Wood
604797.7595,155578.907,Perry Wood
607272.896,157423.5078,Court Wood
607182.8895,150101.4587,Purr Wood
601884.1367,154091.439,Badlesmere Park Wood
602797.8924,155116.3486,Stocking Wood
606021.2972,154119.409,Pole Wood
607191.4117,156754.3353,Joan Beech Wood
608104.5692,156716.4819,Bower Wood
608808.354,157052.113,Denstead Wood
607029.0802,157996.7253,Winterbourne Wood
608985.0077,158188.8143,Fishpond Wood
609284.2208,158965.6477,Manson Wood
603869.1944,152053.8021,Stanners Wood
600125.9444,157950.0423,Badgin Wood
609104.4688,150689.2243,Eggringe Wood
608879.0167,159419.3657,Bossenden Wood
607436.769,153557.0997,Bagham
606325.4999,159297.9582,Boughton Street
606788.65,158919.5273,Horselees
607025.1766,153626.7032,Chilham
610201.635,154692.1595,Shalmsford Street
606191.991,159377.9722,Boughton Under Blean
601537.5841,159819.8794,6
604202.1878,159908.2478,7
605159.9193,162013.6568,Culmers
600663.7979,162997.1563,Oare
609378.7004,163258.6239,Yorkletts
607938.9889,161498.6149,Dargate
606652.3471,160748.2596,Hernhill
604952.2826,162362.9711,Graveney
606150.9596,160121.2443,Staplestreet
605095.2864,168032.5149,Hamlet of Shellness
606043.953,160432.0787,Slutshole
607250.0904,162743.3206,Waterham
606745.2977,161458.3072,Fostall
604858.7557,161465.981,Goodnestone
608081.4397,162731.282,Highstreet
604495.3067,162754.5583,Broom Street
605877.6062,161071.1508,Kemsdale Cottages
606477.275,162580.1783,Horse Hill Farm
602693.5882,166253.3343,Sayes Court Cottages
605031.4555,163731.2631,Cleve Farm
607425.2456,163186.0876,Hern Hill Nursery
606339.533,164668.6336,The Sportsman
605432.9549,163668.8085,Graveney Hill Farm
604387.0425,169252.5278,Muswell Manor Country Club
609653.2532,163685.706,The Bungalow
609605.9153,162912.0635,Ellenden Farm
606987.9609,164981.1227,Coastguards Caravan Park
603039.1562,160226.615,Tin Bridge Cottages
602833.2712,160014.9874,Boughton Field Cottages
603570.2835,160087.817,Quarry House
604023.9884,160252.5361,Homestall Cottages
603579.0491,161050.3298,School Farm Cottages
604418.3495,160132.3905,Nash Court Cottage
605300.2549,160763.9635,Fairbrook Farm
605621.2259,160393.702,Kemsdale Lodge
608810.7953,163420.3117,Mount Pleasant
606049.3174,161607.9514,Wey Street Farm Cottages
606895.3321,160399.292,Crockham Farm Cottage
607888.6696,160416.3404,Holly Hill Farm
608554.8663,160352.4927,Firtree Cottages
609128.2434,160834.8888,Bradbourne Cottages
606835.8784,161941.4881,Lavender Farm House
607706.9804,161916.7731,Dargate House
609126.8463,162199.0658,Lamberhurst Farm Bungalows
609642.693,161150.0678,Denstroude Farm
600155.5534,163543.0996,Broomfield Farm
601270.6775,162616.9686,Marsh House
601078.5917,163971.3268,Harty Ferry Cottages
601950.6737,162609.9293,Ham Farm Cottages
601521.7576,163243.3619,Boncoeurs
601741.8993,163413.0971,Hollowshore House
603251.3571,163168.3636,Nagden Cottages
603694.326,163224.6274,Warm House
601209.4694,166394.5944,Mocketts Cottages
601777.204,166131.5971,Park Farm
602646.9836,167306.2785,Elliotts Farm House
602950.5128,167543.8775,Brewers Hill Farm House
600706.2161,169631.4223,Capel Hill Farm
601728.5765,169583.6373,Newhouse Farm
604058.224,162679.7982,Sandbanks Farm
601277.8295,163345.4849,Oare Creek
604026.9792,168706.6757,Capel Fleet Drain
603665.975,169099.2684,Capel Fleet
603086.6827,162879.8701,Faversham Creek
600235.8988,168565.0725,Capel Fleet
601959.6626,163706.5086,Faversham Creek
600927.5299,166078.6923,Lily Banks
602755.7979,165608.8555,Horse Sands
607643.2859,160526.8595,Holly Hill
607859.8762,166634.2097,Whitstable Bay
601964.6788,169345.3683,Old Counter Wall
605071.2135,166885.3494,The Swale
609837.0696,164198.6016,The Oaks
606595.2133,160101.6356,Mount Ephraim Wood
600993.3473,164741.2732,Oare Marshes
605079.5091,164603.8735,Cleve Marshes
600216.6025,165069.6391,Uplees Marshes
602618.9752,163783.6298,Nagden Marshes
602411.2644,162837.797,Ham Marshes
606093.6331,165036.5213,South Oaze
609719.6618,162674.6368,Ellenden Wood
608272.7113,165750.8833,The Oaze
605165.8892,163379.4816,Graveney Marshes
602626.3277,169488.9599,Leysdown Marshes
608154.0402,164307.6873,Seasalter Level
608303.9733,161016.8292,Blean Wood
601838.2086,166841.7369,Harty Marshes
609228.3375,162020.6132,Victory Wood
609350.774,161325.8538,Clay Hill
605011.8373,163940.7748,Cleve Hill
606244.6678,163353.9574,Denly Hill
605691.184,160085.7357,Butts Hill
606571.3863,162447.3107,Horse Hill
601139.6502,163502.4319,Norman's Hill
608695.0952,164809.755,Seasalter
601529.6199,160671.8346,Preston
600780.3047,161660.314,Davington
600080.0323,160619.6382,Ospringe
601593.1142,161685.6241,The Brents
601664.0366,161347.6291,FAVERSHAM
601878.0925,170217.5803,Bay View
600688.1806,172077.714,Mud Row
600390.4742,170300.478,Old Rides Farm
600966.4806,172734.1312,Barrows Brook
605003.6013,175649.055,North Sea
603400.3832,170551.7143,The Spinney
603424.9655,171410.836,The Bay
601684.3229,171861.5051,Thorn Hill
602179.3094,171923.3186,Furze Hill
603451.5153,170074.1154,Priory Hill
602984.9431,170465.6486,Leysdown-on-Sea
602549.0063,171548.1903,Warden
600508.6391,189565.6261,The Broomway
604198.878,186789.562,Blacktail Spit
601601.1707,188761.7366,Maplin Sands
605003.4149,184249.2656,North Sea
602227.2885,193553.1922,Foulness Courtsend
600030.1834,192879.7591,Foulness Churchend
600583.6725,197598.192,Old Montsale
599844.6394,190298.138,New Burwood Farm
599807.838,190992.9447,Great Burwood Farm
599890.7199,191992.2046,Rugwood Farm
601833.6204,192115.1176,East Wick
600735.2776,193789.2489,Nase Wick
601351.9576,193077.1669,Lodge Farm
601900.0138,194264.1583,Ridgemarsh
600044.8451,196371.3998,East Wick Cottages
600846.8351,196076.8644,Holliwell Farm
600927.3691,197108.0584,Deal Hall
600306.6573,198107.8008,Montsale Bungalow
600774.1203,198523.7323,Middle Wick Cottage
601332.4075,198992.2175,Court Farm
601771.2341,199815.5261,Bridgewick Farm
604999.5489,197199.8194,River Crouch
599975.6123,195392.2677,River Crouch
603138.5753,198253.4812,Shell Bank
603641.7873,192909.7233,Fisherman's Head
602622.3113,196213.7225,Holliwell Point
601570.6801,190726.335,Rugwood Head
602585.3835,191710.6722,Eastwick Head
603567.2493,198454.6993,Ray Sand
606185.7976,196162.8144,Foulness Sands
608319.2984,192514.6815,North Sea
610868.3148,123447.5529,East Road
615005.1991,125047.6259,English Channel
615005.209,124647.6127,Strait of Dover
610308.0431,131964.7023,Burmarsh
618430.9591,137414.494,Newington
618934.7923,137462.5083,Channel Tunnel Terminal
618558.7658,137841.7706,Peene
616880.0035,139398.9661,Etchinghill
612706.0403,134351.2365,West Hythe
612280.0463,136186.6893,Newingreen
610966.9032,137518.9077,Barrowhill
613060.2664,137799.3823,Stanford
614727.3929,139013.4333,Postling
614586.6552,136749.7548,Sandling
619876.1575,139751.0722,Paddlesworth
619370.301,139162.0285,Arpinge
615711.9348,139846.7669,Newbarn
617812.5228,137527.9124,Frogholt
613056.0065,139798.0825,Monks Horton
610325.1707,138808.7159,Moorstock
613003.4709,136786.4967,Westenhanger
614072.7745,135612.0754,Pedlinge
610886.6203,132090.313,Donkey Street
611860.2557,133465.0147,Botolph's Bridge
610675.5657,133624.0112,Selby Farm
611443.5343,134507.678,Port Lympne
610249.022,134821.333,Palace Of The Apes
611444.3104,136266.9417,Upper Otterpool
611153.5148,136520.7466,Otterpool Manor
612945.0482,135147.4191,Oathill Cottages
613430.9901,135873.9594,Ashford Lodge
611701.0063,137103.1123,Folkestone Race Course
613194.8782,137062.8982,Hillhurst Farm
610243.7352,137189.8016,Somerfield Court Farm
610651.3945,139154.4125,Horton Priory
611178.7407,139325.5272,Gables Cottage Farm
611977.2168,138378.0337,Gibbins Brook Farmhouse
612674.5036,138622.9586,Hayton Manor Farm
612667.6732,139218.144,Blindhouse
614330.3578,136616.0114,Sandling Park House
614143.5666,137012.192,Honeywood Cottages
615266.4009,136712.2542,Hayne Barn House
617710.9278,136131.3486,Dibgate Farm
617761.9182,136515.8855,Dibgate Camp
617462.3084,136611.5047,Bargrove Cottages
614223.9278,137319.4269,Shrine Farm Bungalow
614826.2492,138002.2599,Woodside Farm
615764.0198,137040.8198,Stone Farm
615865.9186,137831.6223,Bluehouse Cottage
614785.6086,138278.4439,Douglas Farm Cottage
614007.1313,139155.5903,Pent Farm
615442.309,139459.3355,Staple Farm
616603.2195,137224.2937,Truck's Hall Cottage
616717.2186,138005.6171,Beachborough House
618098.4528,138505.7585,Elm Gardens
618769.2599,138751.3339,Hungar Down
618586.1482,139298.4678,Shearins Bungalow
617872.5753,139684.0376,Shearins Leas Farm
619420.5999,137783.8429,Channel Tunnel Terminal
619882.3724,138668.3696,Grove Farm
615918.3358,137232.2981,Stone Cottage
612609.6216,133638.2582,Cinderella Farm
610738.5096,130974.805,Haguelands Farm
611276.6086,131898.2651,Dymchurch Sewage Disposal Works
610057.8633,132442.4017,Abbott's Court Cottages
611661.8096,132468.7892,The Little Piece
611478.6133,132973.4959,Daleacres Caravan Park
609968.7108,133824.1728,Apple Tree Cottage
609930.8409,134176.1495,Aldergate Bridge
611905.2428,132240.0367,"Romney, Hythe and Dymchurch Railway"
617155.643,134742.1711,Royal Military Canal
612189.5462,134258.3136,Royal Military Canal
610995.4878,133820.0226,Willop Sewer Selby Arm
612805.2663,133905.7775,Willop Sewer Gill's Pipes Arm
611672.5971,131333.0721,Willop Sewer
617526.0141,138058.8919,Seabrook Stream
610131.0578,133477.3924,Hoorne's Sewer
611366.1015,137090.8102,East Stour River
613674.3383,133847.994,Willop Sewer Oaks Arm
614857.9348,135513.1357,Brockhill Stream
618558.9555,136246.3667,Seabrook Stream
614107.6767,135978.4258,Black Hill
619584.5697,135478.5986,Sir John Moore Plain
618152.4274,138851.4739,Arpinge Range
618626.8557,136480.2279,St Martin's Plain
619887.8146,138109.8431,Cheriton Hill
615543.9617,138164.719,Tolsford Hill
613923.338,134570.1108,The Roughs
614166.4971,133164.8599,Hythe Ranges
616454.4966,132041.8017,English Channel
615908.4174,130949.2318,Strait of Dover
614758.9306,135081.8986,Little Redbrooks Shaw
615046.8121,136208.8688,Willow Wood
617412.6711,138929.7236,Coombe Wood
616002.8427,137630.5101,Bluehouse Wood
611511.2158,139658.303,Holly Wood
615178.2252,136590.5939,Heane Wood
617896.9887,135300.246,Whitenbrook Wood
612174.0243,139660.0815,Brickclamp Wood
611614.3152,139485.0378,Cottage Wood
613943.1917,137100.1563,Honeywood Plantation
614384.135,135493.5579,Harp Wood
610249.5933,135471.1738,Danehurst Wood
619679.9457,138713.712,Pigeonhouse Wood
618165.4046,138044.2119,Wick Wood
616247.3764,137825.8399,Little Stone Wood
615169.6382,138214.0701,Tolsford Plantation
617142.7226,136692.8719,Bargrove Wood
614359.7482,135949.5524,Chesterfield Wood
614905.8354,135168.2676,Redbrooks Wood
616329.5759,138263.6288,Brockman's Bushes
618257.366,136092.7238,Casebourne Wood
615025.6819,137435.0337,Cowtye Wood
610146.9229,134757.7702,Hill Hurst Wood
616998.7544,135885.034,Ash Plantation
616603.7266,136732.4009,Grange Alders
617490.5716,136206.2884,Little Dibgate Wood
616138.3572,134608.5487,The Grove
610903.9154,139186.8201,Little Priory Wood
614554.3959,137754.3493,Bartholomew's Wood
613846.727,137599.2147,Perry Wood
610580.7271,137222.5147,Park Wood
612109.0857,134415.8755,Lympne Park Wood
613190.8789,136013.77,Kiln Wood
610142.5556,135963.4244,Harringe Brooks Wood
617830.2747,137969.1425,Ashley Wood
618262.7225,135654.4773,Paraker Wood
613127.3524,135539.4419,Folks' Wood
615044.1779,137839.1996,Thorn Wood
615028.7173,139859.2591,Postling Wood
617150.2451,139339.4783,The Lince
618968.9361,135790.1307,Horn Street
618741.727,135079.2788,Seabrook
613348.5113,133454.7434,Palmarsh
614085.0455,133825.7108,Pennypot
614813.8713,134837.7516,Orchard Valley
612385.191,135229.7623,Lympne
610315.3868,137969.7756,Sellindge
615594.2651,135780.9356,Saltwood
615920.5059,134778.9058,HYTHE
613454.2272,137453.5291,11
619533.7692,137037.7437,12
617505.8228,137466.2748,11a
612377.7759,141800.0809,Stowting
609841.9234,141955.2596,Brabourne
615286.5398,148973.8756,Bossingham
615087.5795,142960.8554,Rhodes Minnis
610712.7857,148648.9062,Waltham
614621.0807,146959.3179,Stelling Minnis
611308.2239,144301.564,Whatsole Street
616927.5249,149879.0502,Westwood
616631.1684,148323.983,Palmstead
618012.9322,146973.1986,Bladbean
619588.5444,142348.5546,Acrise
618914.9005,146560.479,Wingmore
614779.056,145617.5915,Wheelbarrow Town
618418.0399,144662.033,North Elham
616870.0258,144346.9358,Exted
616897.3836,142387.0497,Ottinge
612248.0118,148946.0218,Ansdore
610622.6525,149612.6941,Anvil Green
613572.6292,144301.2026,Sixmile
611825.7287,145464.8561,Hill Street
611827.1952,144909.7396,Elmsted
612420.657,143873.091,Lymbridge Green
612498.8922,144650.054,Maxted Street
618555.1079,141105.7436,Shuttlesfield
614742.7128,141514.7501,Woodland
614304.316,140959.3685,Skeete
614119.0543,141938.5901,Hemsted
611026.6065,140195.1851,Broad Street
612617.3973,143323.5801,Stowting Common
611113.9342,145773.3903,Bodsham
613056.4093,144125.3119,Dinas Bran
619748.3077,147724.3299,Breach
613212.0539,146842.8008,North Leigh
618204.6079,145671.6516,Worldswonder Farm
617137.4417,146768.062,Bladbean Stud Farm
619374.8062,143105.2282,Terry's Chalk Pit
619291.4347,145491.6811,Oxroad Farm
619452.0026,145871.1245,Wingate Farmhouse
619818.5129,146135.1441,Bunkershill Farm
619531.2375,146899.5413,Whitehall Farmhouse
615076.4503,147393.1508,High Chimney Farm
615328.3375,148004.9012,Split Lane Farm
616264.1749,147725.828,Little Palmstead Farm
614325.142,148682.588,Stelling Lodge Farm Cottages
616179.3445,148663.8435,Lynsore Court Cottage
617260.2802,147297.292,Fir Tree Farmhouse
617802.5386,147761.7439,Dane Farm Bungalow
618680.7058,147617.7315,Redoak Cottage
616910.3169,149004.994,Kingswood Manor Farm
617755.1084,149244.2313,Covet Wood Cottage
618324.7907,149149.4877,Horsehead Farm
617516.1596,149835.5534,Reed's Mill
618101.3697,150024.8993,Marleywood Bungalow
619961.8323,149249.8091,Millfields Farm
619812.1477,149949.6898,The Old Farmhouse
617157.5208,146286.5495,Old Jacques Court Cottages
611302.3091,146767.4146,Podlinge
610669.4469,140435.9478,Water Farm
610642.4767,142094.9424,Napwick Farm
612264.9509,140570.376,St Peter's Church
613241.1695,140441.3841,Heathfield
613881.2002,140424.3171,Hempton Farm House
612778.8044,141224.5749,Whiteways Bungalow
613261.7543,141615.9672,Roundwood Hall
614376.5434,140010.7467,Postling Wood Cottage
614653.5146,140748.7093,Little Hollow Farm
616151.0068,140371.5545,Broadstreet House
615430.3148,142022.0317,Longage Farm
618465.0779,140594.8335,Tan Barn
617809.4739,141379.9674,Great Shuttlesfield Farm
618644.5825,141595.65,White Lodge
617899.2317,141858.3673,Mill Down Farm
619428.8242,140244.9894,Paddlesworth Court Farm
620160.3944,141041.5393,Lower Winterage Farm Cottage
610474.8201,143446.9316,Vipers Cottage
610381.7317,144441.3626,Court Lodge Oast Farm
610804.884,143993.0399,Kingsmill Down Cottages
611168.3154,143893.886,Dundas Park Farm Cottage
612086.7685,143034.6832,Park Farm
613341.9279,142380.57,Tumulus Farm
614003.6245,142327.7181,Park View West
613306.1704,144633.418,Hindmarsh
610772.6676,145388.9893,Evington Park Farm
610454.3447,146635.205,Bavinge Farm
611427.4864,146231.0672,Little Holt Farm
612568.8034,145802.204,Spong Farm
613326.7749,145173.7109,Great Field Farm
613663.4391,144711.5782,Stone Farmhouse
613154.357,145931.1823,Great Dowles Farm
614040.3771,145474.4109,Lower Courthope Farm
612469.9214,146943.9033,Little Buckett Farm
613321.6486,146309.4004,Dowles Farm Cottages
613682.9585,146522.1164,Horseshoe Cottage
610235.0291,147433.6605,Grandacre Farm
611123.5711,147997.8841,Whiteacre Farmhouse
612239.8405,148281.8967,Beech Bank
612358.7375,147936.3385,Long Meadow Farm
613028.0876,148406.791,Waddenhall Farm House
613771.8978,148473.4552,Doghouse Farm
611799.1347,149424.3857,Yawlings Wood Farm
615095.5995,144455.9114,Park House
615732.6783,143427.1297,Lower Mount Farm
617404.3734,142610.7887,Bereforstal Farm
617939.4158,142349.22,South Lodge
618463.3186,142703.8838,Wick Farm Cottages
619275.4006,143559.1118,Standardhill Farm Cottages
618849.5895,144218.1092,Sherwood
615883.5714,144847.9837,Hawes Farm
616201.0616,146490.2265,Farthingsole Farm
615663.6031,146981.2395,Fryarne Park
616641.0209,146917.4112,Wildage Farm
616354.01,147173.4338,South Lodge Farm
616840.7895,145234.8535,Upper Park Gate Farm Cottages
617819.8212,145533.1996,Grimsacre
619243.301,144833.134,Little Oxroad Farm
617629.5838,143150.9451,Nail Bourne
616572.2481,140244.5459,East Brook
616236.4704,148126.4644,Mill Bank
612373.9962,148300.9142,Yockletts Banks
613083.1716,142957.7337,Stowting Rough
618827.5462,147122.3523,Baldock Downs
618871.8166,146040.4341,Hall Downs
619526.5824,141843.5316,Acrise Park
613045.8229,141182.3028,Cobb's Hill
619292.5363,143246.5035,Mount Pleasant
612791.902,142470.2809,Swinyard's Hill
616869.1119,143486.2677,The Ridges
612988.7106,145096.4415,Edards Wood
610036.3923,146472.8585,Doves Wood
613334.4579,141037.9601,Wick Wood
612013.9796,140434.3114,Horton Wood
610048.0365,143333.3826,Partridge Wood
619003.6334,149580.7562,Long Ruffett Wood
618759.5218,144965.8062,Pierceley Wood
619694.5225,149442.6355,Mill Field Shaw
619246.5802,143942.5509,Sheriff's Wood
617084.907,143461.3993,Collards Wood
618939.1516,143320.6416,Burnthouse Wood
619261.801,148714.1875,Hoath Wood
616248.5455,144831.4524,Clavertye Wood
615577.4159,146814.4722,Lodge Wood
614783.0512,141654.5457,Great Blacklands Carvet Wood
619358.4758,141738.8014,Crabstock's Shaw
618673.4389,141937.4519,Acrise Wood
618314.3374,140407.3942,Willow Wood
612806.0923,149085.227,Stubb's Wood
611440.3765,147407.5498,Cox Hill Wood
611199.8117,146910.6244,Podlinge Shaw
610566.6048,146989.3756,Bavinge Wood
611514.8952,148976.4019,Sarness Wood
619460.3799,147130.1917,Whitehorse Wood
619975.3303,143504.0814,Ladwood Wood
618561.6957,149263.6101,Harbour Wood
619755.3241,149885.4987,Old Wood
610363.0943,140756.766,Forty Acre Wood
616586.642,148896.0265,Middle Wood
611947.7045,140777.4404,Woodlands
613635.8504,140788.1089,Skeete Wood
611428.4666,142246.9334,Combe Wood
612226.7748,141292.9174,The Alders
610444.4166,142520.1204,Long Wood
613293.558,141492.7036,Palmer's Wood
613335.2341,141732.4174,Round Down Wood
614426.9175,141153.7567,Dingleden Wood
614350.1479,141405.8158,Woodland Wood
610215.2573,146774.8489,Woolfinch Wood
613848.3845,144337.3804,Sandgate Wood
610588.2615,147285.4657,Grandacre Shaw
610724.8943,147844.771,Partridge Wood
610459.1538,148234.0231,Belsize Wood
610386.9634,148119.1377,Copington's Wood
614217.9772,147820.4375,Bower Wood
611338.6785,149221.7838,Sutton Hook Wood
619568.0254,140368.767,Paddlesworth Court Wood
618934.4053,140627.7872,Holmes Shaw
615806.0686,142865.8851,Boyke Wood
617765.5093,141630.3866,Hunt's Rough Wood
619435.3803,142699.3644,Garden Wood
617119.7516,147611.2947,Peafield Wood
619314.345,146660.055,Thomas Acre Wood
616193.1388,149704.7519,Mount Wood
614189.4576,145297.4697,Eastleigh Wood
619770.6522,149594.3103,Old Scrutch Shaw
614305.6524,148179.9037,Church Wood
613292.1542,143730.2496,Hedgecock Wood
611469.5012,145092.9242,Elchin Wood
619848.8398,141981.0988,Limekiln Plantation
619518.8003,140717.3384,Little Souge Wood
619853.3651,140037.9639,Holmes Wood
612735.5004,149928.0882,Brockhanger Wood
610054.814,148425.3053,Terry's Wood
610319.5047,146962.8394,Grandacre Wood
610990.8207,143712.0062,Planted Wood
610938.2038,140593.0603,Bolden's Wood
612997.5681,141367.207,Fan Wood
616853.5516,148881.446,Featherly Wood
619782.6332,144259.237,Green Shaw
619642.75,143979.4423,Craft Shaw
619591.771,143054.4462,Parsonage Wood
619572.7941,141669.8084,Little Knowlhill Shaw
616661.4,143037.3728,Tye Wood
619289.5485,140758.179,Souge Wood
614828.4195,149528.4558,Round Wood
611961.3107,149608.7925,Yawlings Wood
612544.5937,148998.8298,Dunlies Wood
611325.8384,147081.2424,Podlinge Wood
619662.0775,149186.341,Red Gate Shaw
619072.1637,148024.2535,Collardshill Wood
614179.4522,149695.3064,Upper Hardres Wood
615948.4381,148177.0538,Atchester Wood
617262.6613,148926.0517,Covet Wood
614216.4537,142042.677,Sibton Wood
616019.888,145918.9272,Elhampark Wood
618281.6029,148545.0673,Colehill Wood
613735.1719,143018.5896,West Wood
614574.5849,144453.6358,Park Wood
618383.1652,148378.1026,Covert Wood
614477.8335,147807.4872,Common
616570.4274,140988.4295,North Lyminge
617836.6194,143980.2183,Elham
615979.7794,140870.5953,Lyminge
619279.1933,155619.2826,Bekesbourne
618644.6077,155358.5477,Patrixbourne
612918.169,151596.6493,Petham
610971.8687,158157.587,Upper Harbledown
612615.3902,158058.4944,Harbledown
615314.7186,152914.5905,Lower Hardres
614517.2629,153423.6344,Street End
618622.2312,152622.921,Bishopsbourne
610561.8694,155024.6492,Chartham
619450.8274,155985.1573,Bekesbourne Hill
615444.2927,150796.3499,Upper Hardres Court
615163.0632,154681.3804,Nackington
618795.3528,150142.2368,Marley
616152.0756,152093.4902,Pett Bottom
611202.5194,152588.8524,Garlinge Green
616423.203,150082.7407,Lynsore Bottom
614511.759,153034.0343,Rosedown
616235.2456,152676.5072,Little Eaton Farm
616718.8425,153113.5422,Little Pett Farm
617008.8693,153342.6037,Middle Pett Farmhouse
618128.9571,152459.6506,Crows Camp
618091.4044,152689.7509,Lenhall Farm Cottage
617979.4258,153604.0612,Flint Cottage
618908.0076,153174.9042,Bourne Park
617023.7903,154980.2099,Old Renville Farmhouse
616989.0693,155762.0295,Milestone Barn
617844.8458,157093.064,Hoath Farm Cottages
618967.5335,156732.6081,Woolton Farm
619537.2567,152371.7286,Northolm Lodge
619231.3389,153649.2342,The Coach House
620002.6854,153687.316,Highland Court Farm
620094.5094,154392.0394,Shepherds Cottage
619606.2172,156230.4882,Howletts Farmhouse
618756.0368,157705.3454,Old Quarry Farm
617564.1832,159292.7983,Canterbury Golf Course
618133.2149,159124.2479,Moate Farm
619450.3775,157449.7579,Firdown Cottages
620154.176,159821.1979,Higham Farm Cottage
617413.8803,155455.3423,Pond Cottages
611020.7927,155499.1011,Lakeview House
610419.2105,149946.0314,Buckholt Barn
610802.8673,151430.5351,Capel Farm Cottages
611641.8502,150291.6978,Buckholt Park
612547.963,150043.569,Duckpit Farmhouse
612224.0896,150585.0417,Earley House
613630.6865,150994.7195,Limetree Farmhouse
613989.647,150971.0785,Pear Tree Farm
610925.2105,153142.9235,Perry Court Farm
612335.75,152718.634,Kenfield Hall Farm
611787.1405,153155.3436,Little Cob
612982.2995,152767.4402,Swarling Manor Farm
614155.179,152711.2069,Harmansole Cottage
614166.09,152561.3774,Harmansole Farm
613534.8237,153504.7236,Tree Tops
611906.5492,154854.8424,The Cobbs
612920.6414,154292.2117,Upper Horton Farm Cottages
613080.4778,154755.7022,New House Farm Cottages
613815.0705,154305.084,Iffin Meadows Farm
613704.5158,154680.6139,Chalkhill Farm
611300.4295,155980.8614,Howfield Farm Bungalow
610798.8431,157267.5604,Petty France Bungalow
611090.4527,156855.0148,Howfield Wood Farm
611640.9098,155130.5816,Horton Farm
611937.9321,155817.8505,Milton Manor Farm
612230.3411,156943.0355,Tonford Manor Farm
609979.3314,157634.0073,Denstead Farm
610324.7089,158614.9984,Boundary Cottages
615925.6558,150482.5548,Palm Tree Farm
614453.311,151572.0002,Little Catt's Farm
614929.5207,152019.4884,Young's Farm
615912.4689,151402.8091,Broxhall Farm
615591.8285,152073.1141,Cook's Farm
617743.4962,150453.1772,Reed Farm
617771.3425,151165.826,Langham Park Farm
617830.8539,152197.1931,Keeper's Cottage
618760.2938,151854.6783,Charlton Farm
619920.8691,159291.4368,Lampen Stream
619354.3862,151995.3672,Nail Bourne
619068.9485,151947.9817,Charlton Park
619743.155,156800.5919,Howletts Zoo Park
618573.4492,154776.0793,Bifron's Park
618148.8047,153025.1742,Bourne Park
611772.5385,154364.9362,Chartham Downs
611304.3997,151238.9492,Great Stour
612954.1383,153350.6215,Little Iffin Wood
612462.3312,153700.7558,Red Wood Lees
611551.6703,153563.3489,Perry Hill Shaw
614958.827,151332.729,Cattshill Shaw
613371.7741,154481.2757,Hand Wood
613111.7131,153855.5881,Long Shaw
612436.6182,153026.9542,Rabbit Bank Wood
617475.3357,152902.1109,Redhill Wood
614893.3997,150943.1943,Homeshole Shaw
614983.4306,151074.7811,Holmeshole Shaw
612137.1953,153618.7009,Rabbit Wood
614449.3092,152107.6511,Cobsdane Wood
618769.2072,153336.0575,Horseshoe Plantation
614734.2542,150813.792,Bowhill Shaw
614834.036,152310.3812,Well Wood
617322.8819,152435.7963,Avenue Wood
618658.3614,151216.4852,Crane Hill Plantation
618534.4784,151516.6455,Benhill Wood
612326.4707,153900.9205,Oakfield Shaw
617488.6406,153193.0988,Warren Wood
615214.8001,157806.7691,The Oaks
618815.683,156664.8784,Conduit Wood
619732.9651,156589.1438,The Great Oak
618381.864,157476.9989,Fishpoolhill Wood
619395.9696,158626.356,Down Wood
619467.779,158776.7705,East Wood
611745.0878,152637.2093,Walk Wood
614714.3254,151289.6559,Cattshill Wood
611267.4087,150363.7337,Dunstan's Wood
618349.1545,151339.2346,Charlton Plantation
615669.826,151340.107,Broxhall Wood
619314.9735,150020.124,Knowle Wood
618156.9032,159276.3137,Sandpit Wood
615235.1173,155963.29,The Langton Wood
611922.5531,153751.9824,Beech Toll
619941.6277,150117.032,Round Wood
615548.5598,151537.1073,Pilot's Wood
615379.1154,151033.1001,St Andrew's Wood
614731.7796,150034.1144,Hunt's Wood
618586.7179,159376.1967,Hospital Wood
617774.6731,158987.7045,Chequers Wood
613494.232,152652.6738,Scotch Dane Wood
619046.4058,158439.3555,Oldridge Wood
616163.3988,158389.1666,Timpson Wood
619188.8921,157601.1524,Court Wood
618884.2986,157277.4068,Farthings Wood
618438.6292,156964.8153,Firdown Wood
617739.5501,156300.6476,Haystack Wood
618465.239,153523.017,Warren Plantation
616014.7345,158326.7453,Realm Wood
611573.2793,157089.7302,Bigbury Wood
616033.5287,150308.7687,Bursted Wood
611622.5659,150890.5439,Capel Wood
616004.5883,153585.5066,Whitehill Wood
611805.563,159039.2395,Homestall Wood
612017.9191,159148.5631,Stock Wood
619874.7221,157742.2459,Pine Wood
610972.2519,158846.3378,Willows Wood
611089.6417,156652.5753,Howfield Wood
619378.6271,159250.8415,Trenleypark Wood
616842.3251,151478.1823,Gorsley Wood
611097.6866,159402.5037,Church Wood
610635.6436,152329.6031,Denge Wood
610896.0447,154074.3536,St Augustine's
613035.4299,156498.437,Thanington
614862.6522,156894.4607,Martyrs' Field
613916.846,158268.9051,St Dunstan's
615295.1069,158217.4899,Northgate
616030.5818,157858.5917,St Martin's
614430.5068,159256.984,Hales Place
614696.266,158833.9594,St Stephen's
617647.6575,158297.6634,Scotland Hills
618267.6922,154447.9718,Bridge
612793.7884,158942.3572,Rough Common
614703.1091,157920.6175,CANTERBURY
613970.2753,160910.3888,Tyler Hill
618110.6259,165022.976,Herne Common
619284.8703,161045.997,Westbere
613521.5062,164399.5195,Radfall
610606.6749,161749.2279,Denstroude
611481.5969,161464.3735,Honey Hill
617504.1965,162557.7483,Calcott
618218.4518,163745.2926,Hicks Forstal
615382.4136,165933.5621,West End
616833.1683,165857.2657,Bullockstone
619559.6758,164089.8519,Knave's Ash
619881.6763,163531.2999,Little Rushbourne Farm
614551.2678,166076.8829,Woodcroft
619097.4981,161878.0626,Greenacres Piggery
616525.7808,162191.8992,New Vale Farmhouse
616492.6309,161944.6222,Brookside
613941.2353,163415.2945,Mill Farm
615750.2041,162057.6983,Mayton Farm House
616246.7561,161588.8077,Mayton Cottages
617416.1972,165803.8908,Strode Farm Bungalow
619329.1256,163034.2401,Buckwell Farm Cottages
614326.325,161857.4164,Brittoncourt Farm
614936.8716,160328.1271,Little Hall Farm
612292.269,161673.2954,Walnut Tree Farm
613527.1344,160867.3114,Hothe Court Farm
610496.3713,163018.8803,Oakapple Cottage
616922.8319,164582.6322,Braggs Lane Farm
616381.4284,163185.7448,Blaxland Farm
615365.5161,166266.6494,Red House Farm
617228.2891,164295.7676,Hollybush Cottage
617670.1033,163732.1039,Boarded House Farm
615375.9296,164653.2697,Warren Farm
613664.0738,161815.5747,Well Court
615694.2689,162630.106,Brambles Farm
614551.365,163364.1403,Heather Cot
612853.2416,164777.5537,Red Bridge
611989.9375,163847.4904,Burgess Farmhouse
611951.0541,162787.5474,Clowes Farm
615089.7046,165243.2022,West Brook
617275.886,166545.3492,Plenty Brook
617938.7121,165953.5593,Lower Herne
615157.5133,165422.2564,The Wilderness
618558.7627,168395.4345,The Downs
612354.9807,167413.2194,Tankerton Beach
612114.5027,167275.6141,Tankerton Slopes
611049.0564,167267.9705,The Paddock
615756.149,159991.4597,Barton Down
619013.0576,165817.4065,Hawe Shave
611566.2984,167486.4862,Tankerton Bay
614823.9973,162206.4378,The Radfall
615004.1272,169270.7546,North Sea
615543.569,160505.5255,Brickhouse Wood
613737.9761,164627.5381,Long Shaw
612760.4463,164640.3206,Convict's Wood
613359.8894,162565.077,Mintey's Wood
613759.7058,160034.9946,Brotherhood Wood
616638.526,165422.2142,Whiddet's Wood
613832.6758,164804.6697,Coffin Shaw
616242.8615,160906.8894,Beecham Wood
617303.5237,165105.446,Chestnut Plantation
615809.6463,165002.3721,Bleanbottom Shaw
617551.6109,164474.3049,Underdown Wood
616999.5226,163086.6825,Farthings Wood
619803.5442,162480.188,Ash Plantation
619748.0803,161540.4918,Bushy Close Wood
614717.7137,166140.56,Ash Plantation
613267.8727,163965.0046,Woodside Wood
614959.4051,161318.3153,Paddock Wood
613955.2973,161359.8334,Daw's Wood
610279.0502,164066.1098,Willow Wood
611866.0473,161804.9299,Butler's Court Wood
619882.5069,165126.7457,Beacon Wood
619670.6558,165369.5049,Crowdown Wood
617955.8409,165269.2968,Curtis Wood
618743.1316,163551.5427,Calfs Wood
615626.4569,164046.2537,Cripps Wood
615753.6132,160947.972,Barton Wood
614908.1246,166701.6695,Purchas Wood
614164.9118,165944.1403,Rabbit Shaw
612860.451,165173.037,Longtye Wood
619216.862,163249.8823,Buckwell Wood
617782.2324,163526.6298,Hicks Forstal Wood
616592.1993,160664.8129,Lynne Wood
618432.7507,161753.8378,Stonerocks Plantation
617811.8879,162427.0138,Cadehill Wood
619471.1942,162192.3245,Square Wood
616608.1208,164756.9662,Banker's Wood
616326.2896,165151.7502,Round Wood
616607.7397,165215.6785,Little Wood
617174.0767,165479.1029,Bullockstone Hill Wood
619349.4948,166399.0129,Broomfield Orchard
619419.7029,162856.5971,Clangate Wood
617082.8966,165329.2538,Hare's Wood
611345.3303,167799.4583,Whitstable Street
619355.8699,160550.9782,Westbere Marshes
615221.9393,160846.2283,Little Hall Wood
614863.825,161703.4654,Timber Wood
616131.5013,163570.4587,West Blean Wood
614719.3021,163526.7319,Thornden Wood
612691.4507,162877.2357,Clowes Wood
618690.5559,164377.5744,East Blean Wood
610626.9251,160611.281,Grimshill Wood
619879.8434,161320.4182,Hersden Hill
615442.5639,164290.641,Knockhimdown Hill
615698.4646,165531.3363,Knowel Hill
617301.0939,165333.8084,Bullockstone Hill
613977.8817,167974.3056,Long Rock
619791.9598,168522.8734,Beltinge Cliff
614292.5106,166385.7938,May Downs
617527.849,167839.2854,Memorial Park
610171.2706,160597.0972,Great Den Lees
613875.1898,164707.304,Shrub Hill
610864.4994,165109.8638,Duncan Down
611386.9958,166151.3512,Thurston Park
610127.273,166358.7723,Lower Island
619595.0865,168182.8889,Beltinge
615981.6025,167801.0368,Hampton
615285.1053,167235.844,Studd Hill
612044.7698,166829.7105,Tankerton
612019.2987,166250.8034,South Tankerton
612331.154,165392.2023,South Street
611924.8638,166040.0709,Church Street
613675.6795,167194.3775,Swalecliffe
613311.1988,165899.6254,Chestfield
616473.7694,167131.6661,Greenhill
618149.8941,165831.0903,Herne
617748.3201,167208.8405,Eddington
618395.6517,166778.5228,Hunters Forstal
612100.4782,160720.1044,Blean
616895.8011,161177.758,Broad Oak
620003.5954,166939.5639,Broomfield
617633.7176,160252.0231,Sturry
617880.6529,168028.4453,HERNE BAY
610313.2583,166450.6232,WHITSTABLE
615003.5195,195049.5565,North Sea
620412.6315,138449.112,Elvington
627805.984,140004.2578,Church Hougham
625580.1746,139289.8757,Satmar
620864.6329,139023.8796,Gibraltar
623145.6124,139973.3351,Hawkinge Hall Farm
628291.2167,139797.6846,Farthingdown
629351.3637,139837.3397,Channel Tunnel
629695.2678,139205.6263,Channel Tunnel Ventilation Facility
623936.8015,135509.2074,Pier Head Lighthouse
620056.7534,137861.5616,Channel Tunnel Terminal
620970.1566,138162.1369,The Cherry Garden
623112.8055,139289.8691,Hithervale Farm
623571.803,138403.3051,Hope Farm
626836.2017,138612.8648,Abbotscliff House
626446.2768,138896.4314,Abbotsland Farm
627663.6743,138737.8617,Abbotscliff Tunnel
627504.7873,138943.7049,Court Wood
627128.479,139464.9446,Great Hougham Court Farm
624385.5353,139532.7937,Swinge Hill Cottage
627384.2261,139780.8726,Bridledown Childrens Farm
621502.822,136922.0846,Pent Stream
629612.3657,139475.4489,Round Down
624139.5589,136416.9628,Copt Point
622136.3778,135324.9932,West Cliff
627813.6871,138609.9504,Abbot's Cliff
621529.97,135315.6704,The Leas
621285.6518,135281.843,Radnor Cliff
623531.9628,136198.5671,East Cliff
622096.6515,136419.2017,Radnor Park
629306.0718,138979.1228,Samphire Hoe
622985.693,137880.6574,Creteway Down
627268.6411,138374.115,East Wear Bay
624809.2968,138133.2272,Steady Hole
621448.7131,137972.6294,Castle Hill
622118.7502,138270.9748,Round Hill
623777.3616,137641.2576,Dover Hill
622389.7679,138527.0541,Palmer's Hill
626905.1421,139977.0776,Rose Hill
620852.4261,137939.1987,Cherry Garden Hill
628970.5467,138448.1242,English Channel
625005.4701,133847.9601,Strait of Dover
620576.0346,138750.6129,Argrove Wood
626139.1827,139261.5576,Dawkinge Wood
620280.0698,139017.295,Elvington Shaw
621910.3226,139289.6562,Killing Wood
626991.8698,139765.6458,Chalk Pit Wood
628080.2561,139299.3688,Church Wood
622369.7984,139628.7354,Coombe Wood
624642.1997,137805.3666,The Warren
620348.2239,135538.9516,Sandgate
623146.0579,136950.9959,Foord
620849.0134,136662.656,Morehall
620765.3341,135927.3123,Coolinge
619955.3452,136773.974,Cheriton
624469.4356,138465.9503,Capel-le-Ferne
621431.2015,140031.4012,Hawkinge
622461.5563,136139.3529,FOLKESTONE
621277.0235,137768.8175,13
626818.6134,140136.6654,West Hougham
621668.2993,147158.9602,Denton
620925.8055,147192.3829,Lodge Lees
620447.9931,149148.563,Derringstone
623962.4823,149247.6916,Woolage Green
625521.7637,142321.7218,Alkham
626700.1284,145494.6448,Lydden
626869.2432,146861.6505,Coldred
626269.551,143256.7008,Ewell Minnis
622480.9883,146368.0539,Wootton
625047.9342,143531.9497,Chalksole
622084.4894,145368.1153,Park Side
625040.8823,147322.5569,Halfway Street
626779.4632,142813.9604,Wolverton
625326.1415,143071.5047,Chalksole Green
622053.2308,147183.6675,Shelvin
621831.7508,144721.4388,Selsted
624826.6906,141540.6719,South Alkham
629150.6971,140345.6782,Farthingloe
621894.7445,143343.6853,Swingfield Minnis
623107.1623,143248.6375,Swingfield Street
621445.8676,149756.1729,Gravel Castle
620598.2181,142188.1393,Ridge Row
624279.7004,141045.9716,Drellingore
627819.1394,143116.2609,Chilton Farm Cottage
624426.6663,145644.3053,Wickham Bushes Cottages
624617.4983,146492.0118,Five Oaks
624866.3591,146833.1242,Hope Wood Farm
625781.4482,146712.5154,Upton Wood Farm
629332.3468,145545.957,Longfield Farm
628985.8241,145935.3193,Singledge Farm
627154.0131,146134.7772,Chalk Wells Farm
628631.3635,146405.0091,Newsole Farm Cottages
628969.8641,146568.3543,Four Winds
627966.999,146831.5486,The Winding House
630113.8384,146924.1425,Eastling Down Farm
626007.717,148796.1573,Long Lane Farm
626707.4918,148716.0889,Mount Firs
627328.1982,148100.2895,Little Hayes
627480.2542,148302.5921,Haynes Farm
627703.1576,148212.867,Canterbury Lodge
628126.8121,147543.9591,Belvedere
629314.7493,148292.6159,Home Farm
629334.8987,148662.8792,Huntsman's Cottage
630132.9515,148413.0939,Minacre Farm
629666.4702,149160.5457,Malmains Farmhouse
619821.883,148488.9497,South Barham Farm Cottage
621735.3988,142197.2374,Pound Farm
620248.5619,140091.0759,Redsole Farm
620283.8904,140921.6511,Roods Meadow Farm
623647.9552,140185.5686,Lower Standen Farm
622957.9692,140403.8432,Upper Standen Farm
622667.131,141070.2472,Stombers Farm
623266.6234,141966.7105,Great Everden Farmhouse
624199.4097,142030.213,Wentworth House
624474.461,140139.3992,Hockley Sole
625225.3973,140379.5688,Tumble Tye Farm
625923.6149,140023.9652,Capel Church Farm
625216.0023,141130.8433,Meggett Farm Cottage
625955.5755,141581.6181,Lonebarn Farm
626463.3535,141753.875,Mount Ararat
628149.8206,140772.3434,Elms Farm
627018.8382,141067.3514,Poulton Farm Cottages
627702.7907,141976.8795,St Radigund's Abbey Farm Cottages
629335.4661,140893.9916,Mount Elms Farm
628994.4439,142100.7344,Abbey Manor House
620083.3225,143265.5329,Ladwood
620968.5898,142951.2937,Ashdown House
620150.086,144247.1596,Rakeshole
620583.8955,143650.8434,Winterdown Farm
620661.4724,143781.396,Blandred Farm Bungalow
621580.5247,144074.0235,Woodpecker Hollow
622673.525,142969.3314,Boyington Court Farm
624307.78,142286.8515,Colfir Farm
623444.0372,142857.5687,Beard's Hall Farm
622238.928,143525.9838,Smersole Farm House
622715.5475,144487.5392,Stockham Cottages
623069.5237,144084.1281,St Johns Farm
620789.0804,145805.41,Gatteridge Farm
621607.9905,145657.6199,Keeper's Lodge
621003.2109,145963.5722,Tappington Cottage
622887.9767,145816.4911,Hill House Farm
624005.0045,146468.686,Geddinge Farm
623090.9286,146820.5947,Gibbletore Cottage
623795.0347,146924.8389,Lydden International Motor Racing Circuit
622165.7774,148053.1784,The Stewards House
622481.4456,148543.0712,Broome Quarry House
622873.6804,148744.1674,Ropersole Farm
621700.1523,149313.0589,Courtlands Farm
622526.3516,149106.0186,The Round House
620240.6199,149828.3835,Greenlands
622667.9178,149840.7986,Denne Hill Farm
624112.9301,144680.5967,Swanton Farm Cottages
625225.1574,144219.9062,Lyoak Wood Farm
626667.8569,148866.6092,East Kent Light Railway
629965.4432,143091.122,River Dour
629495.1022,143673.8736,Mill Stream
620000.9647,148194.2879,Nail Bourne
625536.5811,145085.9556,Warren Bottom
621735.1522,146461.8534,Denton Park
629957.8034,142403.666,Coombe Down
630103.5437,148223.2453,Northbourne Carvette
628230.3267,143940.3556,Scotland Common
628516.2297,147737.3023,The Wilderness
625270.4232,148639.7249,West Court Downs
629367.8985,141455.3203,Whinless Down
628913.2983,142980.7241,The Common
629984.1385,140950.9127,Stepping Down
626431.078,141156.7757,Bramble Hill
621874.2432,148098.0695,Broome Park
627557.7832,141122.0507,Park Hill
626116.454,141952.3407,Moseling's Hole
629721.783,140703.1,Coney Hill
629261.7753,146626.3903,Jennings Hole
627108.3615,141378.3222,Gorse Hill
629612.7265,141023.7882,Mount Horeham
620412.8831,145184.8457,Primrose Hill
629549.9371,142405.0604,Gorse Hill
627543.3123,143944.2031,Ghost Hill
626714.9939,141030.5257,Copt Hill
628479.5296,147957.6753,Waldershare Park
624976.8992,145284.8683,Long Carvett
627243.4085,143972.7764,Ghost Copse
622703.4998,148900.4015,Wick Wood
624443.7821,147960.9556,Puckland Wood
623806.1011,145989.8256,Crab Wood
629750.8169,148327.0123,Church Wood
626005.4185,149673.8962,Little Stafflands Wood
624862.0851,142081.5164,Langhams Wood
629740.7179,147136.251,Waddling Hill Plantation
629535.4213,146935.8901,Waddling Wood
625211.232,145453.0407,Fishbury Wood
624844.4626,144528.0603,Cannon Wood
623543.401,149564.8506,Finnis Wood
623827.1695,149691.6536,Forstal Wood
624555.2728,145882.0296,Round Wood
621161.4629,147240.4047,Maydeken Wood
621474.2633,145890.6997,Denton Wood
621116.9324,145520.835,Summer House Wood
620395.2863,144887.231,Canter Wood Shaw
629160.5392,142315.1987,Holmstone Wood
629320.4845,142616.2943,Bob's Dean Wood
627887.1221,142869.1474,Stonyhill Wood
627083.5765,142251.2304,Oak Wood
625895.4327,142862.5883,Sladden Wood
624988.4629,142775.3543,Slip Wood
624997.6606,142510.4534,Econdale Wood
623975.2426,141739.7139,Lockeringe Wood
625534.3981,146956.6848,Claysole Wood
627744.9815,143605.3586,Charters Copse
625326.4439,145326.3686,Shave Wood
628964.7916,140675.6259,Elms Wood
620100.9954,142625.3482,Ridge Hill Plantation
621205.202,146943.774,Willow Wood
620325.2859,141762.4235,Whitegate Plantation
624202.464,145526.944,Prickett's Wood
620622.9905,144950.8756,Round Wood
628926.9933,141993.4058,Hollow Wood
628038.2246,141223.4342,Square Wood
627286.6304,146355.6975,Caens Wood
626351.439,143017.9198,Neck Wood
628997.656,140407.6101,Martins Wood
627389.4796,140029.4978,Hougham Woods
623232.0771,142995.1959,Hall Wood
620924.5277,147433.9421,Bankyfield Shaw
620129.2426,143048.6632,Ladwood Shaw
620051.9646,141254.6157,Shop Wood
624361.2922,139989.5005,Cuckoo Wood
623066.1094,140773.2655,Shadows Hill Wood
620556.3137,144633.9329,Butcher's Wood
621343.7891,143911.533,Stoney Lane Wood
620733.3657,144884.2464,Oaks Wood
620854.1844,145157.1747,Stockhill Wood
621023.3236,145104.274,Stock Hill Wood
620141.8108,145567.9787,Roxborough Wood
623884.4138,143760.8036,The Shaw
624537.1065,143707.6801,Fidge's Wood
624626.3961,143889.166,Little Fidge's Wood
624498.061,144226.4254,Callow Wood
623555.3105,145201.3628,West Lees Wood
620594.1259,146192.4977,Osierground Wood
620279.0422,147738.6215,Clip Gate Wood
621020.6936,147846.4905,Walderchain Woods
625140.7094,144703.5766,Lodge Wood
625515.4869,144724.3092,Rough Wood
620741.9702,140537.842,O'Gorman's Wood
628650.6198,146201.3161,Captain's Wood
620387.5336,144328.5576,Billets Wood
628584.3824,141930.5489,Sleed Wood
627608.9014,141281.367,Long Shaw
624745.9106,143176.6469,Chalksole Green Wood
626891.1732,141381.1579,Newlands Shaw
626248.082,141361.482,Ingleton Wood
629271.0139,140570.6764,Lunnons Wood
628510.6374,140141.7892,Broomfield Wood
626777.9422,140834.2207,Brickeltons Wood
623782.7689,143376.6794,North Court Wood
624661.3651,142847.8654,Stonehill Wood
623642.4454,142486.3119,Maison Dieu Wood
622508.6283,142593.3597,Boyington Wood
620063.07,146301.1441,Bedlam Wood
620544.5616,142729.9139,Longcraft Wood
621009.506,147346.395,Agester Wood
626012.7687,149146.719,Bromley Wood
629707.8693,147983.3098,Poutty Wood
624256.6105,143988.7811,Cobdean Wood
629158.9626,142516.5843,Hunger Down Wood
623672.694,142988.705,Fall Wood
623898.8445,142994.9613,Pead Wood
625473.508,149914.7778,Lower Soles Wood
629941.8404,143569.1422,View Wood
628984.565,146308.4261,Singledge Wood
624747.4613,147017.3878,Hope Wood
624916.4773,146283.9871,Lyddenhill Wood
628365.4574,143879.8965,Palmtree Hill Plantation
625215.7081,146025.9743,Old Road Plantation
622578.764,148414.5729,The Firs
626612.8831,143877.0097,Lord's Wood
620967.5648,148044.2124,Walderchain Wood
626018.6763,144008.1558,Brown's Wood
629740.3039,144157.7394,Old Park Wood
621149.0017,144975.3425,Biggin Wood
621956.3564,141438.8986,Reinden Wood
628226.7379,141100.6943,Long Wood
623321.279,148615.8718,Woolwich Wood
622867.5533,145196.5154,Park Wood
628261.8984,142316.957,Limekiln Wood
628058.5098,140868.9387,Soval
624749.1625,149585.409,Three Barrows Down
628097.2489,143694.6041,Bushy Ruff
629913.0915,140176.5488,Long Hill
629856.697,143429.9303,Oldpark Hill
628717.774,143437.7645,Coxhill Mount
627275.9192,141121.2355,Joiners' Hill
627438.5204,141378.9442,Sainfoin Hill
622469.235,146797.6374,Wootton Park
628839.919,144406.1368,Temple Ewell
629640.9022,142885.3548,Crabble
630102.6619,143857.3792,Old Park
628688.5151,149461.8354,Upper Eythorne
627846.5334,149608.5437,Lower Eythorne
629376.9218,143361.3983,River
629136.5469,143732.7349,Kearsney
628135.0893,149129.5907,Eythorne
625489.1062,147855.2454,Shepherdswell / Sibertswold
621251.0338,141538.3027,Densole
623662.5904,150141.2083,Woolage Village
625468.241,154743.674,Goodnestone
622355.9587,159055.4628,Wickhambreaux
622163.2391,157891.9907,Ickham
622691.3202,153569.2745,Adisham
627855.3835,150378.2563,Elvington
624299.3694,151279.7133,Snowdown
619946.8159,151168.0672,Kingston
628063.8832,158228.3069,Guilton
623538.5589,156965.7663,Wingham Green
620769.1411,149991.4618,Barham
625671.5673,158532.4818,Shatterling
628018.3439,156366.7607,Barnsole
627156.5109,156733.9603,Staple
626898.2199,153494.7159,Chillenden
625536.0162,152265.0387,Nonington
626684.3012,159011.7982,Nash
629796.6031,157468.2439,Coombe
629143.6014,159608.2104,Cop Street
629106.868,159064.4151,Weddington
627053.3251,159684.6556,Hoaden
627724.5111,157965.9268,Durlock
626328.2077,156817.3327,Twitham
625676.088,159090.3056,Perry
629354.0362,154307.5988,Heronden
622563.5117,150555.6142,Womenswold
620596.7561,150851.1943,Out Elmstead
624242.1577,153462.0694,Ratling
623146.6128,153842.3677,Bloodden
623567.4595,155020.8679,Bossington
622584.3112,156700.6247,Bramling
623095.8741,156694.3745,Wingham Well
622733.1613,158679.6383,Seaton
627995.2132,153400.3162,Knowlton
628972.5687,154704.207,Tickenhurst
625797.5731,155191.3108,Claypits
626298.0523,150268.1449,Barfrestone
627981.2149,155751.9538,Summerfield
628931.7586,155464.7113,Hammill
628945.7383,156766.238,Flemings
625746.0934,150298.176,Frogham
627318.4624,151447.9874,Kittington Farm
629078.033,152242.1385,Thornton Hill Cottages
629382.2654,152238.6006,Thornton Farm
629762.3564,150670.1675,Falconsview Meadows
620559.5165,152614.9845,Gipsy Cottage
621417.9933,153047.3026,Woodlands Cottage
620509.1442,154035.201,Chota
620728.7328,154585.2579,Mill Cottages
622802.4129,152968.1239,Little Cooting Farm
621804.4415,154643.5496,Flybridge Cottages
620912.907,156220.1059,Lower Garrington Farm
621727.2105,156795.4439,Lee Priory Farm Cottage
621754.4119,157242.4632,Barton Fields Farm
622644.822,156028.5533,Old Chalk Pit
624289.0156,155690.6036,Dene Farm Barns
623969.7278,156438.6764,Neavy Down Cottage
620428.1163,158308.3465,Brick-Kiln Cottage
619916.4361,158910.3216,Swanton Farm
620970.683,159854.8125,Highwood Bungalow
623219.6075,158401.1528,Britton Farm Cottages
622608.1396,159402.802,Frognall Fruit Farm
623669.0228,159321.5202,Myles' Garden
623603.7817,159680.1295,Deadmill Bridge
624005.9023,159878.6587,Deerson Farm
622662.8852,160033.6083,Supperton Farm Cottage
624585.5364,152939.6654,Listways Cottages
625147.8027,152704.9926,Old Court House
624336.4797,153298.2869,Old Court Farm
625559.5573,153279.2102,Pinners Farm
624947.5935,153764.5936,Bonnington Farm
624375.7354,154775.8486,Uffington Court Farm
626387.5713,154482.3649,Copman's Cottages
627035.6313,152345.3521,St Alban's Downs Cottages
626815.2973,152887.8481,Gooseberry Hall Cottage
627744.6947,152712.7154,Dover Lodge Cottages
628545.6607,152620.62,Shingleton Farm
626987.4094,154274.4119,Chillenden Windmill
627450.9273,153716.7875,Knowlton Lodge
624578.96,155313.8395,The Old Engineers House
624801.5756,155988.3181,Crockshard Farm Cottages
625855.5537,157360.1287,Brook Farm
628225.3556,155077.3848,Lower Rowling Farm Cottages
627282.4896,155613.0078,Buckland Lane House
628751.0273,155168.3043,Tramonto
628247.6722,155969.8509,Little Britten Farmhouse
626854.6243,157249.9411,The Dove Cote
629022.0728,156309.4801,Onionbeds
629699.7934,155891.978,Denne Court Farm
625392.4809,157313.4588,Dambridge Sewage Works
624625.0296,159213.833,Heart's Delight Kennels
627241.1599,157812.7194,Pedding Lane Cottages
628147.7702,157509.2197,Poulton Farm Cottages
626995.8707,158840.0459,Kingsland Farm
627097.5546,159300.0376,Finchley Farm
627594.5345,159864.5704,Overland Farm
628317.8088,159454.9426,Little Knell Farm
621985.444,150683.0968,Aylesham Cemetery
620827.4804,150570.6549,The Old Rectory Cottage
621845.174,151027.4042,Upper Digges Place
620822.8846,150997.1055,Overland House
620510.6633,151940.6165,Keepers Cottage
621078.5416,152363.0421,Ileden Farm
622117.2776,150401.0061,Westmore House
625149.59,150810.2593,Nightingale Cottages
625416.3766,151242.7245,Keeper's Cottage
628803.0458,150867.8008,New Purchase Farm Cottages
627156.6946,151674.6345,Mill Cottage
623000.4387,159519.6121,Blackhole Dike
623830.269,158535.3053,Wingham River
620387.9156,156624.6899,Little Stour
622904.3148,158891.9182,Little Stour
621808.1445,155493.963,Bramling Bottom
625901.4302,151092.4866,Fredville Park
627886.1455,153034.2496,Knowlton Park
622377.3872,151992.9966,Cooting Downs
625459.3786,154212.6959,Goodnestone Park
621033.5832,151712.5742,Barham Downs
623018.5019,155399.6131,Firth Wood
620543.7988,150329.8355,The Shrubbery
620566.9468,159924.5673,Stodmarsh Court Wood
623843.2748,157017.9553,Vineyards Wood
623026.8061,155530.8418,Appleton Wood
629191.2158,151952.815,Thornton Wood
627367.1875,151926.6209,Brown Pudding Plantation
626024.1036,154338.003,Long Wood
625219.1798,155019.1835,Loverswalk Wood
626144.607,153760.4828,Nooketts Wood
629697.3779,151903.8143,Garden Wood
625248.7589,154811.9382,Church Wood
624992.4343,152814.5076,Long Pinners Wood
626589.9643,153175.8534,Gooseberryhall Wood
625401.7265,150830.2379,Nightingale Wood
624579.8634,153394.5858,Old Court Wood
624383.4194,154420.2075,Fitzwalter Wood
622043.3027,153217.7913,Oxenden Wood
629700.275,150900.971,Craythorne Firs
628604.2197,152750.3431,Shingleton Wood
628388.8601,152373.9196,Round Wood
625968.8938,152312.0932,Beauchamp Wood
626329.2278,151019.3194,Box Wood
626077.5787,150437.1919,Limekiln Plantation
625198.3566,150056.884,Upper Soles Wood
624987.9814,150263.6659,Ruberries Wood
624672.2273,150408.9116,Oxney Forstal Larches
623696.5549,151397.8921,Ackholt Wood
623467.9786,150780.9106,Chalk Wood
624146.451,150515.8629,Cony Wood
623839.2554,159027.3044,Hanging Bank Wood
628393.639,153556.4738,Home Wood
627392.5595,153268.5603,The Warren
625227.1423,153499.7856,Goodnestone Wood
626434.8336,151311.9862,Beech Plantation
622910.258,155360.1114,Frith Wood
629915.5236,151637.6853,Nightingale Wood
629588.4074,151655.3058,Strawberry Wood
626580.0853,151234.7823,Summerhouse Plantation
621850.3756,152404.7954,Boughtonland Wood
625390.5986,153166.9548,Great Pinners Wood
624213.6383,150887.6671,Snowdown Firs
622065.4924,152920.5366,Pitt Wood
621474.7842,153520.4714,Oxenden Shaw
620891.7958,151990.6517,Walk Wood
628085.3866,152890.5964,The Grove
622301.0279,151530.2575,Well Wood
621360.107,152844.3787,Woodlands Wood
627025.36,152482.3752,St Alban's Downs
626012.1094,155920.4869,Twitham Hill
627624.5222,152079.5208,Kelk Hill
622393.4855,155717.6168,Bramling Downs
623659.244,159544.561,Wenderton Hoath
626250.5267,153444.4527,Mount Ephraim
625415.1735,156457.8538,Blackney Hill
624721.1522,158217.5445,Broomhill
620600.7127,157402.0911,Littlebourne
623398.7343,152126.9251,Aylesham
624558.373,157588.0072,Wingham
628750.0891,158440.0507,Ash
621814.6622,160561.9341,Stodmarsh
627892.4206,161397.9596,Westmarsh
621076.9125,162814.352,Chislet Business Park
620302.8717,164212.398,Hoath
620485.9949,164800.5647,Maypole
623022.6736,163134.9826,Upstreet
622181.2588,165464.3325,Boyden Gate
625687.6434,162626.347,West Stourmouth
625800.8169,164834.3517,Sarre
628397.5773,165085.1146,Monkton
624932.5668,160847.9367,Preston
625921.6657,160414.3399,Elmstone
626271.7039,162473.8604,East Stourmouth
621467.9166,164151.6525,Chislet Forstal
626683.8222,163260.8212,Plucks Gutter
629574.8868,160936.9948,Lower Goldstone
628691.9021,161047.8834,Paramour Street
627951.0763,160670.6191,Ware
623771.1457,162073.697,Grove
622516.84,169238.2224,Reculver
629580.1093,164910.5719,Hoo
625712.0684,167398.1238,Potten Street
629384.6311,160308.1982,Upper Goldstone
622602.6038,166560.9324,Marshside
622148.163,166411.7964,Under The Wood
620984.4895,167218.6817,Hawthorn Corner
621256.9818,166226.3967,Highstead
622875.3449,164722.081,Chitty
623904.7271,163785.1593,Wall End
620560.0871,165660.0989,Ford
620489.5373,165285.5281,Millbank
622253.0823,164470.7278,Chislet
622103.0194,164162.787,Hollow Street
620948.9511,164597.4683,Old Tree
627001.6283,160683.3176,Sheerwater Farm
628726.9898,160147.6923,Great Knell Farm Cottage
629015.3863,161385.6614,Lower Paramour Farm
621592.0015,164686.9188,Smock Acre
624213.5474,162842.55,The Boat House
620332.4685,166273.2321,Farm Oxenden House
620800.4234,166715.898,Heart In Hand
621412.9462,166846.3479,Upper Grounds
620446.6348,167510.4035,Maystreet Bridge
622539.9044,165233.7709,Tipper House
621184.0185,165053.2193,Sandy Meadows Farm
621873.7947,168013.4134,Brook Farm
623030.9811,167620.2262,Grays Farm Cottages
622115.0748,168532.1885,The Old Barn
623496.1378,168086.3666,Fowler's Bridge
623070.6168,169393.0353,Shellfish Hatchery
625055.8923,164192.1002,Riverside House
625096.6645,164715.6867,Sarre Ferry Cottage
628106.8422,167479.1027,Nether Hale Farm Cottages
625845.3507,166249.0899,Down Barton Cottages
625182.6196,166789.5958,Belle Isle
624929.1679,167223.1728,Wagtail
624889.7932,167485.2971,Warehorn
629416.3427,164291.5153,Sherriffs Court
629524.4046,167284.399,Monkton Road Farm Cottages
626054.709,167947.4287,Wade Farm
626735.0521,167736.4206,Ballards Cottage
620185.3466,161375.3812,Haseden Farm
629587.7733,167871.3424,College Farm Cottages
626950.1118,169297.379,Brooksend-Wade Marsh Sluice
627540.1499,169149.8809,Plum Pudding Equestrian Centre
629212.9663,168309.626,Great Brooksend Farm
629015.2241,167907.8074,Little Brooksend Farm
628608.3475,167736.1467,Spare Penny Cottage
620843.7781,160368.1221,Greater Puckstone Farm
630076.5149,166400.1961,Plumstone Farm
621970.7218,159959.2591,Kingsley House
622647.5537,161069.6562,Undertrees Farm
622882.9339,160286.0063,Newnham Farm House
623182.5123,161385.6075,Newborn Farm House
626246.2935,161311.0727,Santon Farm Cottages
624707.4921,164602.9338,Sevenscore Dike
622086.7236,163469.3555,Nethergong Penn
624563.3608,168800.6384,Twelve Foot Dike
628561.0221,163923.4168,Eastern Monkton Stream
623020.7606,169058.8249,Hogwell Sewer
623709.1907,164654.8678,Sarre Penn
625662.52,168140.4383,Wade Marsh Stream
626835.3137,162165.4239,Stourmouth Stream
628117.895,168647.0349,Brooksend Stream
628123.631,163511.4926,Western Monkton Stream
623951.3677,163578.7698,Sarre Wall Drain
624697.459,165541.6142,Whitfield Sewer
629224.9615,163195.3116,River Stour
622360.977,165964.0288,North Stream
625964.882,164395.1277,River Wantsum
622149.6523,160779.3612,Lampen Stream
624899.4466,169279.679,River Wantsum
627082.3577,162292.5864,Richborough Stream
626111.5272,163460.3095,Little Stour
626897.2698,162541.1027,Elmstone Valley
620946.8147,160976.9923,Stodmarsh Valley
623924.0083,161048.4886,Preston Valley
625975.6302,163644.0585,Stourmouth Valley
621839.3574,169016.6134,Reculver Country Park
623652.4279,166888.6315,Pamphlet Wall
628106.88,169592.0649,Minnis Bay
621461.0929,165617.3356,Shelving Wood
620734.3806,162286.1434,Little Joiner's Wood
622824.5222,163645.3104,Puddledock Wood
622574.8125,163600.998,Nethergong Wood
623872.5988,160115.9145,Deerson Wood
626819.9519,164125.9237,Sarre Marshes
627732.8887,163424.9007,Monkton Marshes
620476.4257,162815.4578,Park Rough
626314.7222,167629.4178,Wade Marsh
625115.68,163362.5329,Blood Point
623449.9075,163686.5366,Walmers Hill
620527.6625,168610.1818,Hillborough Cliff
629187.1545,161183.6181,Ash Level
624106.7277,165262.204,Chislet Marshes
621050.0617,168107.0444,Hillborough
620843.4123,168226.8015,Bishopstone
629618.4947,168738.6963,Birchington
626927.2117,166600.3373,St Nicholas at Wade
620280.1685,162192.5773,Hersden
628432.6028,171817.6528,South Channel
625004.3929,175049.1295,North Sea
633045.3523,139998.6019,Admiralty Pier Lighthouse
630393.9249,139575.6226,Shakespeare Cliff
635005.9455,135448.067,English Channel
635005.9512,135248.0608,Strait of Dover
634524.8191,149864.0635,Ripple
633689.8616,149144.5892,Sutton
632111.2993,149528.434,East Studdal
635827.1284,148175.3315,Ringwould
630844.6944,148760.2363,Ashley
633767.1722,147009.4034,Martin
634245.5077,146385.6852,Martin Mill
633540.1305,146025.6211,East Langdon
632369.2155,144748.6906,Guston
632498.3162,142943.5976,Fort Burgoyne
632543.7025,143461.4877,Duke of York's Royal Military School
632324.9354,146885.3814,West Langdon
631423.012,147171.5884,Napchester
631711.4726,145620.5343,Pineham
631117.5004,145864.8328,Church Whitfield
634825.2294,144786.4321,West Cliffe
631498.6183,149039.8975,Studdal
636044.6441,146133.7472,East Valley Farm
637050.4773,146519.8481,Walmer And Kingsdown Golf Links
636513.4495,147550.0834,Hill Farm
634786.4685,148725.7844,Ripple Court Farm
634695.9169,149526.9658,Hillside
636287.6881,149115.2883,Ripple Mill Cottages
637114.8433,148078.2372,White Farm Cottage
632858.6215,147957.2116,The Firs
632697.9263,140284.1626,Prince Of Wales Pier Lighthouse
634224.7286,141384.4218,Eastern Arm South
631735.602,143375.7393,Whiting Farm
632311.2324,143972.7348,Cranbrook
633109.8798,144611.3086,Cherry Tree Cottage
633733.6765,143987.2082,Swing Gate Cottages
633894.9757,143646.0151,Bere Farm
632713.7486,145791.1432,Enifer Downs Farm
634001.0006,145127.1862,Solton Manor Farm
633901.727,145887.3734,Hawthorn Farm
630525.1721,148074.7571,Little America
631605.2786,147736.0248,Maydensole Farm Cottage
631912.3701,148181.8171,Inglenook Farm
631526.261,148387.292,Regency Cottage
634155.8299,147554.0237,Appleton Manor
633831.4776,148431.7897,Winkland Oaks Farm
634305.4596,149397.5825,Wingleton Farm Cottages
630894.6049,149964.3337,West Studdal Farm Cottages
634741.7473,143480.3164,Sherleys Farm
635700.5829,143321.4748,South Foreland Lighthouse
635238.2784,143487.285,Wanstone Farm
634958.3236,145957.8482,The Owl House
636557.9884,145604.5305,Upper Freedown
635331.8358,146630.6812,Oxney Cottage
634814.8345,146805.7633,Martin Lodge Farm
631311.9599,142343.9519,River Dour
637199.7052,149503.1654,Rays Bottom
637002.9912,148951.0201,Knights Bottom
637015.5533,147015.7628,Otty Bottom
633080.9046,148062.0396,Sutton Downs
637330.8748,145031.7915,The Leas
632081.5135,149106.4948,The Old Downs
633339.1071,141389.802,Outer Harbour
631715.0145,143571.5889,Sandwich Hole
631349.2657,143170.7689,Long Hill
632980.9795,144375.6074,East Hill
631332.172,144937.675,Light Hill
636162.5764,146331.7516,Free Down
637162.6634,142347.2372,Strait of Dover
638132.8135,143426.8815,English Channel
632586.7878,140036.5666,Inner Harbour
632647.1983,145659.3589,Poison Wood
630598.2777,148010.7662,Chill Wood
637052.3221,147819.117,Kingsdown Wood
632629.6445,147093.376,Walk Wood
630349.1212,147984.1288,Pain's Wood
630620.5006,149837.7508,Long Plantation
630806.8358,149159.2131,Nunnery Hay Plantation
631241.9759,146271.668,Caneclose Shaw
635842.0374,147309.4857,Follyclose Wood
635484.2364,146953.4315,Old Wood
637275.157,149223.1793,The Firs
635559.334,148371.0244,The Forest
633325.5756,147510.9163,Martin Gorse
633623.0416,147118.9065,Leeze Wood
632196.0674,147928.4972,Crabhill Wood
631473.6952,146714.0875,Cane Wood
632540.3617,145419.2883,Gifford's Covert
632732.7297,148055.7755,Sutton Plantation
637394.0011,144673.3152,St Margaret's Bay
636637.7862,148281.4452,The Butts
635753.3344,143159.3668,South Foreland
636103.3837,143136.9835,The Parlour
637141.9974,145138.0724,Bockell Hill
637231.2922,146384.9496,East Hill
637938.2255,146318.8002,Hope Point
637899.1881,148034.1043,Stag Point
633446.2984,142013.8021,Langdon Cliffs
636281.2686,147667.135,The Lynch
635271.6508,145415.8026,Nelson Park
633322.638,145072.5451,Famine Down
637024.7715,147904.716,Wood Hill
633544.135,142322.6911,Fox Hill Down
631077.9518,143463.1589,Green Lane Hill
634013.5697,146529.7446,Hollands Hill
636990.7356,148592.2935,Knights Hill
637505.2698,149232.5812,Hawkshill Down
636998.127,146154.1504,Barrow Mount
636906.6265,149021.5878,Claytons Hill
631853.6645,142388.3493,Connaught Park
632154.702,147690.2683,North Down
637367.9141,145166.6445,Leathercoat Point
636847.7657,147471.8191,Barrows Hill
633847.0723,145710.0202,White Hill
630433.0019,146402.2974,The Mount
634298.9667,142498.2359,Langdon Hole
636213.5138,144416.0954,Bay Hill
635028.4331,145623.6165,Mill Hill
631153.9884,141190.0748,Clarendon
630949.4219,143264.2305,Buckland Valley
630917.9685,142787.0098,Buckland
630409.8338,142271.7534,St Radigund's
630273.3779,141111.17,Elms Vale
631263.5209,140807.1463,Western Heights
630571.2889,141700.9048,Tower Hamlets
630600.2512,140036.2971,Aycliff
630153.6081,140787.416,Maxton
635591.5568,144685.8053,St Margaret's at Cliffe
629950.048,144696.443,Whitfield
637336.33,148222.6329,Kingsdown
631378.3444,141676.9329,DOVER
633769.3506,153931.4833,Finglesham
634633.5982,151567.4207,Great Mongeham
635681.0286,152571.7307,Sholden
633258.6288,156042.71,Worth
636316.5644,157203.9474,Sandwich Bay Estate
631679.3539,152681.5041,Betteshanger
633595.3686,152096.4305,Northbourne
629988.2424,151218.0201,Tilmanstone
630746.562,157306.5717,Marshborough
631347.1573,156992.0566,Woodnesborough
632808.7925,156032.6371,Felderland
633223.2101,159819.3826,Great Stonar
630415.1113,158819.1841,East Street
632734.5177,154703.5669,Ham
632896.1771,154266.5496,West Street
633295.1943,153626.7488,Marley
632797.6959,152355.2034,Little Betteshanger
633590.8515,150892.8243,Little Mongeham
630758.5294,158451.7018,Each End
631917.3327,155703.9408,Statenborough
630156.7428,155396.204,Selson
634223.6737,154567.3022,Hacklinge
632361.1347,152053.0316,Coldharbour Cottages
631892.41,157947.5511,Great Poulders Farm
630447.0306,159182.5445,Brookestreet Farm Cottage
631984.0154,159167.0642,Reed Pond Cottage
632077.4264,159679.114,Harlice
634500.5168,158726.4306,New Downs Farm Cottage
635689.8943,151025.9023,Little Coogee
635271.8658,152891.0681,Hull Cottage
634881.3749,153453.9906,Cottington Court Farm
634437.5746,153937.2119,Foulmead Farm
636890.6732,154378.5149,Redhouse Wall Farm
635305.1394,156812.9216,Little Downs Bridge
636574.3471,156469.1938,Royal Cinque Ports Golf Links
635567.6274,157497.7543,Old Downs Farm
635187.5903,158417.5038,Royal St George's Golf Links
635030.6517,159338.5043,Prince's Golf Links
629906.6384,150268.3396,Barville Farm Cottages
631108.4892,150294.1885,Pilgrims Nook
631235.3358,151111.4084,Telegraph Farm
631007.3224,151924.3253,Swing Gate Cottage
632115.7011,150218.9292,Newlands Farm
632338.4728,150662.4442,Stoneheap Farm
634115.7968,151138.3559,Beaconhill Cotttages
630317.0846,152641.3455,Lower Venson Farm
631488.0587,153418.0662,Updown Cottages
633247.1306,152835.5528,Plum Tree Cottage
632272.5042,153000.9861,Betteshanger Cottage
633798.602,153056.1249,Produce Packing Plant
632153.3157,153739.9733,Updown Farm
631946.544,154303.6966,Cherry Trees Farm
634266.9567,153631.479,Rourkes Drift Farm
630649.2382,156056.8973,Hill Cross Farm
630358.7864,156665.9952,Beacon Lane Farm Cottage
631883.4813,156402.9725,Buckland Farm
632761.3316,155219.1329,Westbrae
633544.5644,156610.3702,The Round House
633865.7206,156553.2765,Temptye Farmhouse
630081.7136,157989.6195,Each Manor Farm Cottages
634854.8839,156430.0626,Fry Dike
634733.7986,158019.1797,The New Cut
633864.3778,158066.7187,Vigo Sprong North Stream
634428.9413,154389.405,Brook Stream
636217.1205,154033.2914,Penfield Sewer
632635.5995,155455.6797,South Stream Drain
634632.7047,157062.9715,Poll Bay Dike
635098.821,155465.5203,North Stream Roaring Gutter Dike
634127.9837,152494.874,Broad Dike
634940.0702,155000.3092,Roaring Gutter Dike
632342.6771,155272.0501,South Stream
634440.6409,156099.2482,Minnis Sewer
635298.7995,155905.3008,New North Stream
632035.9893,157952.0625,South Poulders Stream
636127.2365,155040.272,Old North Stream
635538.9548,154740.3074,Ring Sewer
631686.6493,159542.6012,Goshall Stream
636662.6494,154012.6225,Deal Town Dike
633650.385,154855.6043,North Stream
634782.9963,154616.1271,South Stream
634338.1869,158247.9018,North Stream
632364.5105,159332.0514,River Stour
631299.8057,159732.7963,Goshall Valley
635330.7657,155486.7189,Lydden Valley
634067.4569,152191.2466,The Park
635727.3659,153912.0311,Fowlmead Country Park
632217.4051,158246.3068,South Poulders
631163.2882,152176.1722,New Park
634235.5108,159840.9661,Sandwich Haven
634698.7821,155070.0182,Worth Minnis
638850.3737,153743.6854,The Small Downs
637467.6368,158185.2836,Sandwich Bay
638929.8839,152648.6018,North Sea
633550.3999,158930.4176,Stonar Lake
630983.3395,152630.6209,Longlands Plantation
631028.7607,150794.736,Nine Acre Wood
630724.2643,150446.7155,Boys' Firs
632499.38,155574.7781,Reedbrook Wood
631174.6476,153346.5511,Sangrado's Wood
632338.1842,150813.6614,Stoneheap Wood
630545.6918,152086.4981,North Court Plantation
631332.646,150411.9995,Willow Wood
631134.9803,150632.1226,Six Acre Wood
634389.1083,156024.6494,Great Wood
632592.6373,158016.1156,Woods Yard
632974.1361,150865.9901,Great Pintsch Plantation
631722.7306,152937.6177,Caesar's Camp Plantation
634018.6615,155611.8352,Cornfield Wood
631173.2044,156661.1647,Howson's Wood
633295.0736,154957.8403,Ham Brooks Wood
633977.772,158481.3341,Chalk Neal
633529.2885,157259.6708,The Delf
636544.3114,158145.3036,Sandwich Flats
635428.8634,152373.7772,Sholden Downs
637253.7963,154723.8581,Tenants Hills
634362.5296,150630.1164,Black Hill
630932.7559,152740.697,Longlands
631443.7702,151814.0479,Admiral's Hole
633468.3622,150077.4606,Sutton Hill
630743.7938,151967.1361,Lower Longlands
633993.2717,150748.3735,Beacon Hill
630957.6052,156777.6855,Firtree Hill
631264.2933,155846.051,Highborough Hill
630276.7596,157024.1787,Beacon Hill
633627.633,156346.8649,Worth Hill
632564.1076,156684.3278,Stone Cross
631101.4666,154126.8128,Buttsole
631459.7435,154881.2216,Farthingate
630695.7913,154992.581,Gore
632387.7807,157299.2209,Poulders Gardens
636725.3181,150167.4809,Upper Walmer
636375.7448,150944.7258,Mill Hill
636058.423,151846.5253,Upper Deal
637077.3139,150719.4849,Walmer
637115.1846,152158.9068,Middle Deal
637878.0219,151457.1218,Lower Walmer
631105.739,154926.3557,Eastry
632829.8316,158182.6858,SANDWICH
637658.6535,152474.1613,DEAL
635353.7674,167529.7127,Lydden
634901.5299,166170.1966,Manston
630834.1925,167105.819,Acol
633675.2099,161849.4732,Richborough Port
632965.7464,164420.9181,Sevenscore
631011.7212,165892.9999,Mount Pleasant
630427.1907,160031.0948,Cooper Street
632109.1405,164875.5971,Way
634827.6174,167922.6432,Flete
635962.5955,166981.9216,Haine
632703.5277,167566.7913,Woodchurch
632218.8424,166245.8881,Alland Grange
632848.7635,166819.8131,Pouces Nursery
632201.1031,166901.0279,Cheesemans Farmhouse
634239.5618,166992.377,Kent International Airport
631931.1259,168013.5817,Two Chimneys Holiday Park
634262.7144,167688.8829,Vincent Farm
635856.8472,164400.3129,Little Cliffsend Farm
635459.9334,165643.8519,Ozengell Farmhouse
635820.2675,165607.6791,Ozengell Grange
635536.0848,166840.9203,Coldswood House
634816.2117,160359.9917,Prince's Golf Links
630721.1882,163053.3955,Marsh Farm
634643.7887,167036.6806,Fleete Court Farm
629920.0914,164198.9376,Marshside Scout Camp
633342.233,162603.6314,Stonelees Cottage
633573.7051,163073.8082,Ebbsfleet Farm Cottages
633491.2717,164777.5822,Thorne Farm
631458.1172,165442.7787,Telegraph Hill Industrial Park
631670.2967,165890.3768,Kent International Airport
631004.3368,166336.0697,Cleve Court Farm
632339.9538,165453.2083,Mill Cottage
634154.0592,163049.2598,St Augustine's Golf Course
630394.2729,160721.3734,Pott's Farm Cottages
632076.2428,160579.2632,Richborough Farm Cottage
632441.2656,160300.3579,Castle Cottage
630513.7453,161369.1943,Richborough Stream Drain
633427.2717,162367.6058,Minster Stream
634327.5724,162416.0804,River Stour
631887.531,161372.7393,Richborough Stream
633229.422,160542.4674,River Stour
631023.9492,163052.0521,Minster Stream
638867.8934,164852.101,Ramsgate Sands
631379.5254,168217.19,Quex Park
635706.4587,163373.4745,Pegwell Bay
634606.8498,160675.7976,Sandwich Haven
636496.0856,163847.6411,Sandwich Bay
639418.9285,163763.0705,North Sea
638462.8387,164511.2539,Royal Harbour
632177.8299,168438.4408,Shottendane Copse
638045.9447,168682.8417,Mocketts Wood
633898.6452,160785.2822,Flagstaff Reach
632565.5643,162816.0406,Minster Marshes
635924.6474,161024.8826,Sandwich Flats
631441.3596,165797.4907,Telegraph Hill
633657.4837,163906.0822,Cottington Hill
631674.4211,166488.8613,Manston Park
634963.3338,164018.9952,Cliffsend Point
636065.6905,169130.4605,Chapel Hill
637236.6019,164128.434,West Cliff
639251.897,165726.5796,East Cliff
639787.4701,167067.7644,South Cliff
639944.2308,168275.4528,East Cliff
632280.514,160013.6923,Richborough Hill
637518.0185,165275.7025,Ellington Park
631103.0573,162814.8921,Ash Level
631390.0361,164258.5097,Durlock
639064.6486,169529.7669,Reading Street
638507.051,168339.9929,St Peter's
638720.5302,167704.6543,Upton
637995.9213,167845.9947,Fairfield
638365.3471,166509.3931,West Dumpton
637679.8705,167581.3146,Bromstone
636850.4319,167779.0795,Westwood
637243.1314,167303.2088,Northwood
637028.4176,166603.83,Whitehall
637227.0607,165445.3029,St Lawrence
636633.1724,166080.2828,Newington
636615.8692,165421.7909,Nethercourt
631874.9194,169723.3382,Westgate-on-Sea
636331.1069,164653.8824,Chilton
636448.7384,164253.0969,Pegwell
633473.7771,169503.5365,Garlinge
630489.238,164829.2064,The Freehold
638597.8343,166619.898,Dumpton
634811.8871,164338.3946,Cliffs End
631142.2763,164721.7222,Minster
637920.8617,164962.1894,RAMSGATE
639814.268,167897.2395,BROADSTAIRS
635004.807,175708.5695,North Sea
632543.5829,170444.3687,St Mildred's Bay
631893.0535,170339.4213,Westgate Bay
637746.5846,171534.8043,Palm Bay
637051.2293,171567.7499,Walpole Bay
635008.0822,171147.9952,The Bay
633618.9005,170899.3295,Westbrook Bay
638540.5395,171947.19,Long Nose Spit
636482.306,171262.6782,The Oval
638354.536,171583.2124,Foreness Point
635696.3292,171463.3494,Fulsam Rock
636465.2588,171433.9776,Walpole Rocks
634510.4928,170857.8408,Nayland Rock
639907.7099,170439.0062,Hackemdown Point
638031.4443,170275.7166,Northdown Park
636187.6352,170466.6664,Dane Park
634862.4324,170082.4467,Hartsdown Park
633280.6419,172731.7472,South Channel
639240.1593,170215.6872,Kingsgate
637863.3475,169996.924,Northdown
633813.1617,170272.0167,Westbrook
637328.2117,170612.6406,Cliftonville
635059.425,170828.0381,MARGATE
640171.4379,169114.4823,Hope Point
645005.5777,165448.992,North Sea
642266.8935,160184.3845,The Downs
645005.2939,174849.2363,North Sea
640210.2062,170093.3193,Joss Bay
