X,Y,NAME
300495.9066,913247.3196,Portgower
303348.4214,916794.4303,Navidale
301383.3392,914502.9109,Gartymore
301852.1411,915329.32,West Helmsdale
301981.9718,917063.5745,Marrel
301754.4893,917786.7612,Caen
303500.46,919507.2323,Allt na Learnaich
306576.9543,920013.8549,Allt na h-Eang
306671.048,918706.3965,Allt a' Bhurg
302664.4554,917830.4772,Allt Sgrigil
303165.3061,918896.6301,Allt an Dubh-bhaid
303258.6113,919771.6166,Allt na Larach Ruaidhe
301585.8763,914938.1849,Auchvadlie Burn
301091.5296,916875.5465,Allt Sgealbach
301464.4767,918239.681,Caen Burn
300922.1452,919607.852,Allt an Dir
304204.5912,916681.0109,Sput Burn
305072.8434,918461.547,Ord Burn
304161.5687,916867.5126,Allt Briste
300389.3112,915257.6009,Gartymore Burn
302066.9074,916797.0947,River Helmsdale
300976.6477,917503.5043,Strath Ullie / Strath of Kildonan
304118.8923,918672.5151,Creag Thoraraidh
305386.736,919274.6133,Langwell Forest
309331.2207,919645.6843,North Sea
305701.1703,913645.5262,Moray Firth
307478.0409,918540.927,Eas Poll an Damarin
308571.8066,919784.482,Badbea
306194.821,917519.5184,Ord Point
304063.2783,915576.2861,Sr<f>&#x00f2;</f>n a' Chr<f>&#x00f2;</f>chair
302362.4273,916474.9579,Cairn Laggie
308301.3224,919827.4121,Creagan M<f>&#x00f2;</f>r
301143.7613,919511.1085,Clais an Ruigh Mh<f>&#x00f2;</f>ir
306813.3698,918371.3111,Cnoc na Stri
301441.5612,916214.4242,Creag Marail
305755.7928,917634.0393,Ord of Caithness
302953.674,916103.4612,Creag Bun-Ullidh / Helmsdale Rock
308148.4713,919307.8716,Creag na Cuinge
305206.5011,918759.7431,Cnoc an Tubhadair
301984.886,918172.8481,Caen Hill
300577.5568,915910.7756,Creag a' Choire
302585.5489,915251.018,East Helmsdale
304368.5771,923696.6984,Aultibea
308887.5555,928682.0641,Clais Creagain
309917.2907,927630.5541,Glac Dubh
301801.584,928905.3885,Allt Coire Riabhaich
306787.2429,924873.4755,Short Burn
301121.9827,923665.725,Bull Burn
308996.5105,922080.064,Allt Bad Asgaraidh
304037.4893,927018.599,Toll Beag
300174.7302,921979.6083,Allt na Maoile
302330.7452,926231.3563,Allt na Conlaich
306689.8322,924553.2354,Strathy Burn
305899.1186,922655.7477,Allt na h-Errigale
301024.3017,929862.4872,Dal Ganachan Burn
304878.4481,921072.533,Allt Preas Chon
300730.6629,924521.6479,Allt nan Sac
301593.2227,929473.3616,Allt Bad a' Chaoruinn
307999.2405,920671.8297,Allt Sleibhtean
301517.5537,927282.2696,Allt Preas Bhealaich
301979.7697,920210.3413,Allt Bad na Muislich
300269.3221,929765.5058,Allt Caol
304754.8281,928395.189,Allt Caise
305750.0612,925257.9365,Long Burn
302301.4119,922471.8008,Bloodsack Burn
309430.2776,923813.6207,Allt Bad A' Choilich
301233.8075,925096.4688,Allt an Laoigh
305748.6788,928207.3134,Allt an Easain Ghil
305038.8056,924230.311,Allt na Beithe
302021.135,921894.7065,Sandsack Burn
303816.146,929199.3816,Allt Cam-sguaibe
307617.7004,921158.4425,Allt Br<f>&#x00e0;</f>igh nam Meur
309450.1999,924698.8625,Allt A' Chr<f>&#x00ec;</f>osduidhe
306161.8442,925584.3657,Allt Spot a' Ch<f>&#x00f9;</f>il
307861.0559,929065.8484,Allt na h-Abaide
303809.9481,923546.6193,Fall Burn
300260.1124,926736.9125,Morven Burn
306536.5628,928548.7317,Allt Bad Raon
309737.7636,925429.8154,Dun Burn
300463.7059,924068.4191,Big Garvery Burn
309741.3728,922829.5679,Turnal Burn
308795.4678,928296.199,Dubh-allt
302760.6255,921386.9087,Allt na Saobhaidhe
307809.8439,924978.9279,Badnachie Burn
303171.2606,922348.0019,Allt Staoine
304121.6187,925496.0153,Allt na Luig
306909.902,920275.5661,Ousdale Burn
307377.5903,927684.4158,Allt M<f>&#x00ec;</f>n
301665.6634,923531.4296,Little Garvery Burn
305363.3399,928459.5859,Allt Aoil
302666.9592,929577.4339,Berriedale Water
302504.3542,925295.3845,Langwell Water
309926.9355,928455.921,Berriedale Water
300195.5304,926551.0425,Davie's Burn
305931.8927,923557.8946,Langwell Water
308688.8893,922420.7573,Langwell Water
309381.9104,920068.3077,Creag Aigean Sail
300632.6902,928510.1802,Morven
303466.6803,926119.5958,Sal-vaich
308447.0995,922211.5248,Cnoc Bad Asgaraidh
308190.6834,922903.9107,Cnoc Sp<f>&#x00e0;</f>rdain
304497.4835,929737.2871,Carn Liath
309111.4538,920995.3077,Creagan Coan
309171.343,921812.2937,Creag Buaile Dorach
309597.5386,922624.9712,Turnal Rock
309332.4727,923189.6305,Cadha Fhionn
300887.094,929618.7157,Clais Laogh
306950.9791,924353.8712,Buaile na h-Aodainn
309873.5027,926972.4632,Meall na Caorach
309950.2767,929428.2616,Cnoc na Feadaige
302312.2082,923201.318,Mid Hill
304577.6464,920286.662,Cnoc Coir' a' Phuill
308981.5012,921166.2827,Creagan Cosach
300196.8945,920264.0973,Clais an Ruigh Mh<f>&#x00f2;</f>ir
303383.5833,921069.8442,Cnoc na Saobhaidhe
300724.9552,921269.379,Cnoc na Maoile
300529.8474,922725.9281,Bl<f>&#x00e0;</f>r a' Ghille Dhomhnaich
306407.6539,922173.6938,Braigh na h-Eaglaise
304081.9114,922678.4097,Cnoc Allt na Beithe
304835.5747,929378.9172,Maiden Pap
307127.254,926888.557,Cadha an t-Sagairt
306601.9846,926889.1589,Scaraben
302583.917,928301.7829,C<f>&#x00e0;</f>rn M<f>&#x00f2;</f>r
304721.6726,926271.9679,Sr<f>&#x00f2;</f>n Gharbh
305701.1457,924348.5805,Langwell Forest
305546.3166,923002.9392,Coill Allt na Beithe
307619.1843,922526.9919,Coille Braigh na h-Eaglaise
308929.4968,922703.6224,Shin Wood
308354.8466,922775.8098,Coille Cnoc Sp<f>&#x00e0;</f>rdain
308621.9753,930015.548,Braemore
308375.0096,936493.4905,Old Shieling
301220.5534,933674.4545,Allt a Chaoriunn
306238.8408,931230.0415,Allt C<f>&#x00f9;</f>l an t-Sratha
304947.9013,930328.0713,Allt na Claise Buidhe
306102.3721,938976.9833,Allt Benalisky
304907.3831,935731.6362,Allt Mheann
301717.1129,932557.3156,Allt Bothain
306136.8047,930110.8346,Pap Burn
302948.5204,939825.3848,The Black Burn
300837.4474,935754.2567,Allt M<f>&#x00f2;</f>r
304745.2425,937196.4956,Dubh-alltan
300592.2598,936347.3863,Allt Beag
300563.3874,935261.1796,Sinclair's Burn
301881.1086,930840.3628,Allt Badach
309717.6682,931640.0896,Wag Burn
309926.6477,936000.9015,Allt Conachreag
303294.9129,935398.6051,Allt na Saobhaidhe
305614.6287,935087.2421,Allt a' Bhuic
304164.2516,931362.9362,Allt Gorm Beag
303789.0141,939487.6962,Allt Bad na Capuill
303786.2637,931239.283,Allt Gorm M<f>&#x00f2;</f>r
300739.8612,936187.1445,Allt Meadhonach
301063.7432,937811.0936,Slack Burn
308117.8938,934961.5504,Achnaclyth Burn
302117.2071,939177.6524,Allt Glas-choire
302897.1396,931016.7779,Allt na Greighe
308875.241,935236.8736,Raffin Burn
304749.4968,933863.2689,Overcaig Burn
308292.9273,931109.4317,Allt an Dealain
300222.8555,935433.7436,Allt Loch Mhadadh
307400.0832,934557.5305,Allt Dail Ruairidh
307881.9935,933486.953,Dunbeath Water
309592.0621,938041.9598,Caplaich Burn
307412.9366,930056.0495,Allt Aoil
300278.1263,933708.2709,Allt Dubh
305490.7577,930985.8837,Berriedale Water
304162.4513,932910.8625,Allt Dubh
307822.56,932856.1427,Allt Bad M<f>&#x00e0;</f>iri
306035.0318,930998.1342,Allt C<f>&#x00f9;</f>l ant-Stratha
302015.7842,933462.4014,Dunbeath Water
306834.2474,933109.2939,Allt Pollroy
301453.3545,932945.6969,Allt Sguabaich Loisgte
302094.7485,933839.0819,Allt Sguabaich Gairbhe
301234.7699,931199.8959,Allt Leanadh-laogh
305300.595,936955.0144,Loch Dubh
306239.3101,937591.3323,Loch Breac
300085.9098,936845.5773,The Glutt
307398.6597,932935.6086,Bad M<f>&#x00e0;</f>iri
307006.0822,930015.2504,Black Park
301412.9706,932009.1875,Braigh na h-Aibhne
306464.3877,930796.4139,Creag Bheag
304242.0343,932078.3539,Cnoc nam B<f>&#x00f2;</f> Riabhach
302198.933,935306.1887,Cnoc na Saobhaidhe
301925.4015,936728.3911,Cnoc Liath
306556.3012,930878.7203,Breac-leathad
306785.7793,935370.0418,Cnoc Bad Cholla
305672.8712,937169.0236,Beinn Bhreac
308823.5404,937678.0702,S<f>&#x00ec;</f>thean na Gearra
309433.815,930431.0272,Creagan na Gearra
303090.1782,938007.0677,Beinn Glas-choire
304438.4115,938580.2805,Ben Alisky
302273.538,931948.2195,Overcaig Hill
309056.6775,930388.8349,Achinavish Hill
303621.0872,933521.7103,Cnoc Gleannain
309045.5223,932211.839,Bouilag Hill
308634.0089,939168.3397,S<f>&#x00ec;</f>thean Corr-meille
300160.81,938304.92,Round Knowe
305509.9535,930440.7949,Cnoc an Arbhair
307655.5426,930476.4975,Cnoc Marlain
305278.507,931103.1254,S<f>&#x00ec;</f>thean nam Meann
302797.0742,940760.6725,Dalnawillan Lodge
301239.7798,944236.5747,Lochdhu Lodge
304944.1712,942479.2642,Dalnagleton
306746.2856,943901.4478,Dalnaha
308097.3891,942379.5598,Backlass
308141.8914,944175.8258,Achscoriclate
308871.685,943747.535,L<f>&#x00f2;</f>n Nam B<f>&#x00e8;</f>ist
300528.7119,945611.7548,Altnabreac Station
308348.8005,945895.7664,Lochmore Cottage
306717.0736,944169.0468,Strath More
301091.9162,942578.0949,Allt a' Ghleannain
309222.3576,944119.6402,Allt Tarsuinn
306650.1846,948387.085,Alltan E<f>&#x00ec;</f>r<f>&#x00ec;</f>n Chaol
301711.1636,949401.804,Allt Clais nan Lair
305009.9131,941475.1004,Allt nam Badan
303117.5548,946268.2538,The Smolt Burn
301936.0157,942668.7588,Allt Loch nam Fear
308562.3537,940478.4308,Uisge nan Uan
301399.4591,946015.5183,Allt Claiseag
308901.674,943341.7615,Allt nam B<f>&#x00e8;</f>ist
300878.5392,946395.8153,Allt Innis Thormaid
300988.3563,944977.2694,Allt Loch Dhuibh
304446.8872,943523.0673,Alltan na Ce<f>&#x00e0;</f>rdaich
308697.1142,940767.0018,Allt lain Ghobha
304362.4789,940856.1234,Alltan M<f>&#x00f9;</f>gach
303716.454,941907.0878,Alltan Tolltach
302725.7391,941357.0242,Allt a' Mhuilinn
304772.6191,946252.4423,Allt A' Gharbh-Loch
309497.308,945677.7225,Allt C<f>&#x00e0;</f>rn nam Muc
301258.1568,940658.0199,Allt Dail Righe
308268.3868,948102.6425,Alltan Laogh
300360.5086,946702.5205,Allt nam Breac
305049.1151,948389.1804,Alltan Buidhe
309444.3963,944877.1336,Allt Carn nam Muc
303196.2189,945302.6214,Allt Loch Caise
304727.8367,948150.7467,Allt Cuil a' Mhadaidh
306991.5785,944241.9243,River Thurso
301045.5628,949927.8218,Cnocloisgte Water
301912.0136,940123.8348,River Thurso
306348.2838,941243.7726,Allt A' Chait
300208.3941,944519.065,Allt Torr Bad Raphan
309700.6552,947495.3232,River Thurso
300529.9956,942805.4887,Allt nam B<f>&#x00f2;</f> Odhar
307927.1056,945608.5964,Loch More
308773.9874,947031.7231,S<f>&#x00ec;</f>thean na Geal-L<f>&#x00e0;</f>thaich
301817.3196,940888.6132,Sr<f>&#x00f2;</f>n Dubh
303159.3683,942396.3022,Cnoc nan S<f>&#x00ec;</f>thean
305790.0871,940864.1938,Cnoc Allt a'Chait
304509.2745,942450.4744,Clais Bhuidhe
300317.0179,944881.2907,Torr Bad Raphan
301433.3551,947280.2192,Leathad an Fhraoich Ghairbh
305852.808,943001.0873,T<f>&#x00f2;</f>rr Bathach an t-Searraich
305616.0173,943394.3752,T<f>&#x00f2;</f>rr Dubh
305707.01,944019.0804,Cnoc an Eich
304478.8076,945544.6114,C<f>&#x00e0;</f>rn Liath
306011.5682,947332.4771,Cnoc Loch Eileanaich
308573.5732,946561.9314,Geal L<f>&#x00e0;</f>thach
308119.602,946985.6368,Cnoc nan Con-donna
301356.371,947906.471,Cnoc Beul na Faire
301923.9142,949282.6262,Clais nan Lair
308004.3489,949090.8303,Craobh
309814.3137,945306.4983,C<f>&#x00e0;</f>rn nam Muc
310006.1715,946029.5288,C<f>&#x00e0;</f>rn-nam-muc
309318.2063,947027.3505,Cnoc nan Clach
309191.2198,949430.4367,Cnoc a' Bhad-raphain
308514.7975,947415.1519,Cnoc a' Bhothain
302861.8942,949112.404,Cnoc a' Chaol-loch
305013.7381,940450.0336,Leathad nam Badan
309126.3323,944935.2431,Druim C<f>&#x00e0;</f>rn nam Muc
301391.5025,944390.509,Cnocan Loch Dhuibh
305037.7411,943200.4544,Clais Dubh
304123.9143,946657.5503,Cnoc a' Gharbh-loch
309231.8474,942615.2883,Buailemor
308815.0774,946227.5124,Loch Beg
302540.0677,946552.8692,Loch Caise
309890.3165,948810.7682,Loch a' Cherigal
306014.5558,947778.4733,Lochan Dubh nan Geodh
301041.9735,947914.3513,Skyline Loch
303850.6526,945097.57,Lochan Cr<f>&#x00f2;</f>c nan L<f>&#x00e0;</f>ir
303905.0281,945203.8743,Sleach Water
303671.2071,946762.6278,Garbh Loch
303058.0464,946822.9085,Grassie Loch
307040.7576,947532.281,Loch Eileanach
301763.5028,941999.6598,Loch a' Mhuilinn
309669.4614,940858.5364,Loch Sand
308948.052,948168.2568,Loch Meadie
302447.2155,943113.248,Loch nam Fear
302587.5225,948482.8821,Caol Loch
309464.6811,956125.2333,Scotscalder
309632.3048,955286.0753,Olgrinmore
308973.6377,959868.8213,Calder Mains
307403.0994,955006.7335,Dorrery
304120.1427,958428.3508,Shurrery
307495.7306,957749.1509,Brawlbin
309327.5612,957338.9609,Achagui
305890.5946,954664.2833,Torran
309173.6674,953137.9683,Braehour Farm
303839.0631,956299.5479,Shurrery Lodge
302119.7823,958667.462,Achnacarich
304394.2053,957142.7213,Achnabeinn
308966.2511,955479.707,Torr-A-Gairbheal
306407.682,957951.714,Achens Cottage
304972.0463,958743.8892,Shurrery Kirk
306985.0104,958003.9194,Brawlbin Mains
307503.5754,957928.5323,Mill Bridge
308461.4021,958617.4325,Lochside
309403.5058,958744.7879,The Yetts
309424.8945,959415.367,Plocan
303840.3024,959892.759,Achnacly
308472.6712,959651.2822,Achavarn Farm
310170.7315,954036.7284,Binevenagh Rise
309463.4538,957507.5578,Achagie
310037.8582,957908.187,Fourwinds
309542.6168,958554.4133,Old Post Office
309699.348,958973.6654,Achavarigel
302604.608,950651.6867,Allt Loch Losgann
305619.885,957841.9435,F<f>&#x00e9;</f>ith Bhuidhe
303371.2154,958055.388,Alltan Moine-mhurchai
307774.5681,957715.7502,Allt a' Mhuilinn
304662.2684,959865.7263,Burn of Broubster
300208.6572,953196.7459,Dubh-alltan Caol
304058.2319,951385.5906,Allt Loch a' Chiteadh
306412.4748,958073.7076,Burn of Achanaon
300281.619,954302.8755,Allt a' Choire Bhuidhe
308716.4902,953834.703,Alltluchan
301096.8443,953352.671,Allt Lonieverk
308877.0332,950413.1048,Allt Loch-meadie
303684.28,959274.2477,Forss Water
306946.9268,950370.7371,Allt Loch a' Chairn
309303.0926,953403.8044,Allt an Luchain
304385.0585,951981.2379,Cnocglas Water
305681.7551,953487.7599,Torran Water
301479.0061,957370.0173,Allt Forsiescye
307855.2114,957121.0662,Allt a' Bhachlain
305222.1298,951110.8718,Allt na h-Imriche
301620.9982,955659.5532,Allt Crasgach
307108.9095,957701.4077,Brawlbin Burn
309409.9066,951487.3913,Allt Athain Shalaich
302821.7679,952424.9524,Allt F<f>&#x00e8;</f>ith Hermigal
300846.2172,958864.7486,Clais Luachair
308121.9827,953959.9398,Allt Achnacoile
300866.8611,952458.2584,Dubh-alltan M<f>&#x00f2;</f>r
309106.7818,953672.4253,F<f>&#x00e8;</f>ith na Criche
303511.7987,959016.3757,Allt Torigil
303618.9331,950114.0716,Uillt Dubha
309037.4774,954058.6766,Feith na Criche
302039.8482,954407.3641,Bl<f>&#x00e0;</f>r Mairi
300551.9658,955335.6215,Loch Scye
308919.9352,957224.921,Loch Olginey
304033.8821,950858.3443,Loch a' Chiteadh
304429.1715,950690.7766,Loch an Duine
303954.5091,956106.9295,Shurrery Plantation
309382.2845,950762.0127,Bad Raphain Beag
307365.7412,951865.6556,Bad nan Sgath
308423.9037,954654.8698,Badan na Sean-airidhe
302105.7927,951801.8742,Loch Caluim
304377.0828,955587.5639,Loch Shurrery
304198.1798,953372.9147,Lambsdale Leans
307313.274,953590.9631,Bard Bad na h-Achlaise
307461.612,954034.8129,Bard Dubh
309099.599,951006.4624,Ath Garbh
306345.1059,954497.1247,Ca-na-catanach
307034.0915,954973.6458,Bhuidheagan
308722.9403,955896.438,Torran Min
309202.0938,950526.9826,Lianag na Nathrach
309882.5162,954056.9236,Appat Hill
308868.7442,955769.9996,Torr Breac
303858.5461,957559.9188,Torr a' Mhuilinn
304514.7299,958281.6035,Clais an Eich
304549.9105,958886.2109,Bl<f>&#x00e0;</f>r an t-Suidhe
306767.7848,957160.4524,S<f>&#x00ec;</f>dhean Glas
307156.8945,959077.1893,Creag nan Uan
305955.2926,959887.7143,Torr B<f>&#x00e0;</f>n na Gruagaich
308433.5353,955747.9013,F<f>&#x00e8;</f>ith a' Ghe<f>&#x00f2;</f>idh
309430.957,955578.9214,Torr Poiteach
309680.2134,952222.3975,Sithean a' Bheathaich
308874.6555,954229.0363,Olgrinmore Moss
305019.6771,958562.9618,Clais nan Gairbheal
307982.6259,955888.3746,Cnoc Scoot
307438.1164,956925.5712,Torr a' Ghobhainn
309622.7529,953452.8138,Braehour
308262.6278,950953.7626,L<f>&#x00e0;</f>thach nam Poiteag
308769.8385,955971.9718,T<f>&#x00f2;</f>rr a' Ghe<f>&#x00f2;</f>idh
307852.3372,956187.5505,The Crochan
302111.8828,955753.4915,Leathad M<f>&#x00f2;</f>r
301988.8727,955427.1658,S<f>&#x00ec;</f>thean Iolaireach
301171.4243,955570.215,Druim Loch Scye
300416.3844,954763.2027,T<f>&#x00f2;</f>rr Bad nan Seangan
301789.7416,953638.0068,T<f>&#x00f2;</f>rr Dubh Beag
306466.5073,955339.2259,Creagan na Caorach
305335.7577,959776.7621,Cnoc na Gaoith
301473.5532,959023.5993,Bl<f>&#x00e0;</f>r Geal
304010.337,955188.7234,Buaile nan Gobhar
300460.608,954412.0125,T<f>&#x00f2;</f>rr nam Broc
302491.8187,956040.1252,Creagan nan Uan
305156.1485,955542.2181,Clais nan Caorach
301093.3115,958239.6047,Cnoc Luachair
306579.1053,955952.5679,Clais Dhubh
306937.8674,953579.811,Leanag M<f>&#x00f2;</f>r a' Bhaird
306570.7961,952873.9978,Druim a' Chracairnie
306706.7195,954764.9341,Creag Buaile
300354.4373,959270.7683,Cnoc na Claise Brice
306345.107,955013.76,Ben Dorrery
302971.9996,953175.7723,Br<f>&#x00e0;</f>igh F<f>&#x00e8;</f>ith Hermigal
301453.7332,953832.0831,T<f>&#x00f2;</f>rr Dubh M<f>&#x00f2;</f>r
301085.2742,954563.2289,Beinn nam Bad Beag
305567.8426,954007.1575,Torran Leans
305547.8947,955829.3655,Cnoc an Arbhair
306199.9952,954846.915,Creag Gheal
306043.6594,955204.989,Mullach Uidh Mhurchai
306353.9061,955175.7192,Creag an Uisge
305979.0845,955719.1231,Beinn Freiceadain
306234.2909,955567.0603,Clais an Tuirc
305027.5274,956056.897,Druim Calltuinneach
304593.8195,956526.1921,Torr na Cr<f>&#x00ec;</f>che
300968.4641,957581.0368,Meall Buidhe
305278.8546,956443.9348,Ben Shurrery
306670.0444,954927.1741,Cnoc Buidhe
306708.513,955239.0968,Clais nan Searrach
306867.1133,955679.7258,Bl<f>&#x00e0;</f>r a' Choire
307499.6726,950021.2752,Cnoc na Craoibhe
300893.5096,959141.5214,Clais Bhreac
305184.2242,957570.6983,Cnoc an R<f>&#x00e0;</f>tha
304843.7116,958273.1907,S<f>&#x00ec;</f>thean Dubh
308605.1139,965254.6715,Janestown
303025.2583,969895.5361,Crosskirk
301648.9686,963953.2442,Shebster
307981.828,967535.3197,Hill of Forss
305076.0356,963269.7599,Knockglass
306587.7953,963517.3502,Lieurary
305962.2364,964176.1604,Westfield
308333.5847,963463.0125,Achscrabster
307812.9004,964262.3616,Achnavast
299957.4563,967293.705,Buldoo
301650.3039,966612.3051,Achreamie
304013.2424,968809.4088,Forss
302411.9642,961362.4296,Broubster
309286.4997,965803.8898,Newlands of Geise
307754.5841,961036.7088,Cathel Shieling
309815.1777,964150.9395,The Rowans
309813.1272,964771.2019,Mossburn
306074.8768,969138.5196,Taldale
305760.8547,969550.9119,Brims New Houses
306078.1632,969883.7391,Middleton
306385.6172,969435.701,Number 14 Forss Holdings
307089.8656,968261.8129,Blackheath
307142.6041,969433.28,Roadside
303796.22,963108.4961,Achalone
307010.9527,969748.554,Thusater Farm
308914.7467,969174.2668,Scrabster Lodge
309680.9082,962140.6021,Kirkhill Farm
309768.6494,962301.8708,West Calder
302019.0234,961792.0191,Broubster Cottage
302755.6315,962063.8888,Cruives
300041.9592,964304.0335,Shebster Quarry
301087.1709,964048.604,Rathlin
309560.4027,963390.1381,Howe Farm
302727.7033,964579.3853,Hillcrest
304382.3916,964116.9917,Achiveigle
303850.4359,964524.7385,Bardnaheigh Farm House
306279.413,961440.6784,Upper Buolloch
306233.5179,961767.2854,Lower Buolloch
304056.4818,967988.5236,Forss Smallholdings
308720.8557,961994.5027,Framside
306359.1664,962443.4727,Assery Mains
305834.037,963113.0416,Forsie Farm
307838.9659,963181.2004,Achscrabster Quarries
308214.2542,962582.1152,Achscrabster Quarry
307293.1592,964712.574,Bardnaclaven Farm Cottages
301767.915,965120.9603,The Sian
300345.2915,966324.0515,Upper Dounreay Smallholdings
302638.5295,966003.6055,Skiall Smallholdings
303978.4646,965673.9525,Stempster House
303151.6661,967057.5587,Hallam Smallholdings
300543.6013,968055.1296,Wester Borrowston
301601.595,968178.1369,Balmore Farm
301850.3413,968799.4466,Borrowston Cottage
302689.3909,968390.0877,Lybster House
303082.6449,968537.3464,Kennachy
302570.4431,969669.3766,Forss Business And Technology Park
304360.0894,969874.4392,West Brims Farm
304726.5922,965372.3923,Baillie Farm Cottage
305620.2003,965228.9712,Woodlands
306381.1563,965649.3259,Oust Farm Cottages
304522.9862,966194.611,Tobarvale
304320.4224,966615.5236,River Cottage
305602.9125,966184.0548,Lythmore Farm Cottages
305131.2084,967209.3091,Strathmore House
308083.5342,965935.6655,Backlink
307687.7112,966475.7791,South Waas
307046.2616,967307.8987,Hill Of Forss Quarries
309002.2055,966475.343,Janetstown Quarries
309368.0497,966471.7029,Heathfield Quarry
308065.2863,966721.475,North Waas
304758.9579,967609.2762,Braigh-Mor
305289.9892,969228.1328,Burn Of Brims Farm
303110.9486,968417.0226,Kennachy Burn
303056.3187,965505.5333,Stemster Burn
301964.47,965868.0337,Achiebraeskiall Burn
304146.4293,965492.6951,Burn of Baillie
305335.0879,967027.7909,Burn of Brimside
303489.8721,961958.6853,Forss Water
300909.2905,961635.8637,Achaveilan Burn
301564.8927,963497.3633,Burn of Shebster
307771.0585,966179.419,Tordale Burn
304884.5144,969419.2528,Burn of Brims
303231.3823,967398.9385,Hallam Burn
306351.2915,963019.4578,Alltan Ghuinne
309646.8189,961398.5339,Burn of Carnavagry
302807.2964,961776.0697,Allt Ruadh
305363.8154,964759.6674,Forss Water
303440.8105,969037.0757,Forss Water
305114.1218,965151.7044,Strath of Baillie
305527.6067,965047.0248,Alltan Domhain
301473.4605,960515.4842,Loch Saorach
300930.2696,960408.1595,Loch Thormaid
303205.5169,962970.6331,Hill of Achalone
302499.8798,969231.572,Hill of Lybster
304363.3163,961355.0921,Torr a' Chaise
302577.9897,962231.5198,Achreregan Hill
302463.2754,962422.7263,Achibegg Moss
304724.4219,966747.6965,Braes of Brimside
300510.0396,963931.762,Leans of Shebster
302967.2717,962474.2147,C<f>&#x00f9;</f>il na Craoibhe
305634.2648,962428.3696,Leathad Beag
304946.9133,964295.9057,Baillie Hill
309396.0919,963148.1794,Torranakist
302072.9693,964718.0339,Yellow Moss
300836.6106,963313.5594,West Shebster
304895.743,966007.3479,Lythmore Strath
303161.2573,965992.6156,Stemster Hill
301136.5479,965938.8552,Creag Bhreac Mh<f>&#x00f2;</f>r
300764.8987,965994.0461,Creag Bhreac Bheag
309666.9755,960979.5539,Carnavagry
305171.5709,962428.7018,Forsie Moss
307964.0956,966363.4427,Waas
303725.4923,960179.4209,Torr a' Ch<f>&#x00e0;</f>ise
306848.9846,960827.177,Loch Calder
302776.118,963359.2498,East Shebster
305467.08,969868.0397,Brims
306112.3613,962048.8173,Assery
302489.94,968317.5284,Lybster Holdings
306181.8407,967069.1154,Lythmore Moss
304941.3153,962771.8678,Forsie
304070.8158,966029.8092,Stemster Holdings
307062.0879,966493.8785,Tordale Park
301317.3222,967990.6825,Balmore
309114.4033,964753.8983,Moss of Geise
306895.9607,969144.1155,Raven's Hill
309590.6377,962744.1743,Hill of Howe
307320.5433,965143.4524,Bardnaclavan
300254.3053,965820.9271,Upper Dounreay
300203.715,961658.7129,Bl<f>&#x00e0;</f>r Cnoc na Gaoith
302063.5376,960437.1157,Broubster Hill
308019.494,961622.4872,Hill of Lieurary
306898.22,968941.4976,Cnoc na Feadaige
300346.2583,960238.9313,Cnoc an Ruighein Duibh
307544.4752,968937.6689,Scrabster Hill
300186.9098,960810.798,Cnoc Saothair an Athaich
300433.381,961873.504,Cnoc na Gaoith
301127.7196,964406.867,Hill of Shebster
305644.8401,967359.6627,Cairnmore Hillock
309716.3724,970021.8878,Scrabster
304117.5762,970917.2763,Mains Of Brims
305495.3432,970083.2534,East Brims
305029.0513,970551.2141,Orkney View
307971.5991,970911.1724,Holbornhead Quarries
309534.0565,970523.6804,Nells Cottage
309569.2663,970348.103,Coghill Burn
306465.7301,970652.1092,Thusater Burn
308693.3672,970344.6086,Scrabster Loch
309589.3162,971675.0525,Spear Head
309542.2764,971546.8071,Black Craig
303001.5076,970389.7633,Craig Andrew
302994.2149,970746.1777,Creagan Caol
303218.9241,971093.3605,Ushat Head
307628.0226,970602.9704,Brims Hill
308437.8081,971024.0267,Little Clett
311264.5977,922530.3176,Berriedale
315842.3809,929609.425,Balnabruich
314619.4643,929010.7062,Knockally
312460.7332,923921.3213,Newport
316325.4882,929786.9308,Dunbeath
313847.3085,927039.0191,Ramscraigs
314782.3803,927505.4693,Castle Hill
313384.1846,926101.9029,Borgue
315658.5865,928151.1202,Dunbeath Castle
314798.5381,929688.5217,The Rowans
310164.6739,922313.8988,The Keepers Bothy
311702.327,924079.5584,Badrinsary
313829.4691,925799.665,Braehead
312578.7717,927007.6533,Upper Borgue
314812.4048,927416.9786,Castlehill
315424.3382,927878.1793,Dunbeath Mains
311726.6549,923853.048,Allt M<f>&#x00f3;</f>r
310296.5271,928678.8632,Meur na h- Earraige
312301.0394,929259.812,Allt Bad Fe<f>&#x00e0;</f>rna
310621.6011,925868.3475,Allt Ard-achaidh
312590.1056,929498.1287,Allt Tarsuinn
313913.4461,928758.8734,Black Burn
313277.654,927014.6305,Allt na Buaidhe
310545.6439,924408.3756,Berriedale Water
311634.8705,922640.9938,Berriedale
312424.1095,923128.9672,Clais Crochaire
310196.3372,924287.7174,Srath C<f>&#x00f9;</f>il
311247.3206,925046.4655,Millery Burn
315696.4147,928944.6087,Allt Poll an Fh<f>&#x00e0;</f>il
311417.5765,928549.4829,Borgue Roy Burn
310041.3653,928879.0841,Allt Granda
311344.8858,928059.3209,Eason na Buaile
312012.8352,927013.9198,Borgue Loch
316664.1888,929230.1035,Dunbeath Bay
311192.6686,925897.4741,Coill Ard-achaidh
311547.4616,922943.93,Longwell Forest
310654.93,922654.4335,Langwell Plantation
310665.8486,923713.7728,Cnoc Fionn
311086.6453,923478.501,Rinsary Brae
311782.9258,922078.6998,Leac Ghlas
316075.4738,928797.405,Craig a' Ghaill
315170.8041,927339.7369,Sithean Dubh
314864.1041,926895.0045,Ceann Badaidh na Muic
310962.552,922422.1909,Skurley Rock
316111.2135,929040.699,Singing Rock
311989.0198,922331.464,Creag na h-Atha
311476.1869,927865.259,Creag Loisgte
314979.0103,927952.6234,Castlehill
310813.495,922110.9871,Dubh-choille
311993.7985,926362.5522,Creagan Reamhar
313866.4656,927585.5964,Clais-Cairn
310393.896,920829.5919,Creag nam B<f>&#x00f2;</f>
312163.1567,925393.8109,Beinn nan Coireag
310449.2942,928076.7868,Creag na h-Iolaire
310736.6014,921149.1153,Cnoc na Croiche
311287.15,921565.7486,Inver Hill
310795.8977,927444.3151,Meall Dhonuill
314533.9447,926686.8536,Leathad na Goibhre
310211.0386,927621.7115,An Glut
311567.5175,928906.4191,Cnoc D<f>&#x00f9;</f>in
313581.292,927384.1886,Clais-cairn Hill
310936.6398,924184.3733,Langwell Forest
316601.3355,924045.8083,Moray Firth
316601.3351,924245.8139,North Sea
317413.6826,934001.8328,Smerral
315620.2232,934669.9424,Houstry
318849.0269,932913.6091,Latheronwheel
318633.6224,938960.0629,Crofts of Benachielt
318897.5911,933703.0407,Landhallow
319716.5468,933449.0317,Latheron
315809.0519,931760.5351,Badnagie
315355.7051,932051.6883,Ballentink
313382.473,930546.5214,Achorn Bridge
313650.6473,930162.757,Achorn House
313953.4864,930465.685,Balcraggie Lodge
313821.4528,932210.9662,Loedebest
315800.3119,930558.8286,Ballachly
316549.1366,930603.7498,Scaraben View
314671.4888,930639.9446,Balintra
315295.9011,931110.1512,Bridge Of Rhemullen
316494.8882,930807.7394,Ettrick Cottage
317508.8717,930521.6824,Laidhay
317471.6203,930947.1262,Knockinnon
317707.9943,931154.1818,Knockinnon House
314854.3265,934407.5491,Clashfelister
318063.2169,931925.6393,Upper Latheron
317450.5822,933472.074,Strathview House
319676.422,933987.8062,The Bungalow
317900.5317,935423.8681,Achnacloich
318137.6734,935332.4602,Guidebest
318204.0362,934584.2372,Leodebest
319429.171,935312.3999,Upper Latheron
318305.3309,937347.289,Braehungie
317820.1579,937709.9097,Riskamain
314394.0731,938273.7198,Allt na h-Uarach
313844.5923,930678.6519,Achorn Burn
312784.6858,931880.3192,Garbh-leathad
317317.1427,930822.1697,Allt na h-Agh
313073.7545,934422.8663,Allt an Learanaich
318298.7955,938198.6196,Burn of Braehungie
317940.1734,935142.9117,Burn of Latheronwheel
319624.7068,934669.8,Burn of Latheron
317209.2201,937871.2905,Allt na Craoibhe
313675.8075,939183.1653,Allt a' Cheracher
313056.1591,938065.6483,Allt Badain Ghuirm
310587.2396,939886.63,Allt Ruadh M<f>&#x00f2;</f>r
312927.2701,930663.6065,Allt Bhuailteach
311500.7697,939580.6931,Allt nan C<f>&#x00e0;</f>ise
314250.3904,936550.5095,Burn of Houstry
312545.7721,932552.925,Dunbeath Water
314665.5263,931895.1668,Allt an Learanaich
318905.2631,932310.9106,Burn of Latheronwheel
319091.9469,939525.6594,Black Burn
315315.687,933733.7236,Burn of Houstry
315104.5107,930413.7369,Dunbeath Water
316944.1033,938962.6736,Black Burn
319041.0514,936911.5538,Clais Dhubh
312013.7775,930768.6303,Allt Bad nan Glac
313375.2178,931378.5141,Allt Clais Raoin
315989.2831,932021.9349,Burn of Badnagie
314353.1624,930437.8237,Coille Bail an t-Sratha
311893.3422,932727.573,Culvid Wood
317923.6475,934199.9971,Smerral Wood
316669.9122,931164.6724,Achavrole
317347.251,929962.1831,Cleit Mhor
315245.4372,930769.6613,Dunbrae
317543.7335,930038.3609,Cleit Bheag
317795.1818,930555.2912,Ceann na h-Agh
319538.6962,932283.8322,Cleit a'Chail
319317.4306,932048.594,Scarf Rock
314327.0531,930955.0639,Creag an Fhithich
316367.6977,930373.9143,Market Hill
315195.4601,930014.1247,Blackburn
317674.8465,931272.6449,Knockinnon
316947.9071,930015.8951,Inver
316985.6184,931995.4158,Lychrobbie
317424.9527,935452.7544,Boultach
315985.3901,930838.2048,Bulno
318592.2186,935992.1111,Den Moss
312865.1589,936112.5651,Cnoc an t-Searraich
310228.9866,937196.3887,Caplaich Hill
311419.2677,934568.9553,Cnoc Fuarain
316977.5857,931399.8107,Cnocan Dubh
318681.9678,939589.1908,Cnoc Shiorraim
316003.902,933925.7161,Cnoc Breac
319586.3641,937728.887,Creag Sgoilte
310911.8023,939010.9286,Leathad Glas
310403.6719,939250.002,Cnoc na Crois
313344.4309,931800.2691,Creag na Staoint
319851.0868,938376.7387,Creag Ruadh
316889.1351,934794.072,Rock Moss
318976.3207,937982.9287,Creag Liath
310740.293,932229.6954,Wag Hill
310821.9231,932666.8267,Clais Mh<f>&#x00f2;</f>r
313271.8402,931602.7771,Clais Raoin
318679.2874,939838.5857,Cnoc Dubh
317447.4136,931489.6128,Cnoc na Croiche
317436.8415,932248.8869,Hill of Buolglass
310466.5523,933981.2749,Leathad Breac
313204.734,933304.4715,Cnoc na Maranaich
311344.5592,936650.1696,Cnocan Conachreag
318445.2562,936514.5567,Red Rock
316276.9589,933147.7683,Cnoc Sheangan
316309.8364,934256.1133,Cnoc na Sn<f>&#x00e0;</f>thaid
316769.2656,934448.7202,Cnoc na Crask
316837.5744,934707.918,Craig Hillbrae
316705.9324,934604.3169,Cnoc R<f>&#x00e8;</f>ile
317815.9277,942665.5121,Achavanich
310181.1832,947765.9455,Strathmore Cottage
310504.4351,939950.8644,Tulach Luib Moire
310964.644,940883.0957,Thulachan
310035.1809,942869.6825,Balavreed
315821.3516,943236.6568,Acharaskill
319450.5894,942348.8895,Achkinloch
317562.7408,943635.9782,Hill Of Rangag
317571.96,946356.5957,Bridge Of Tacher
312825.6961,948994.3925,Dirlot
314131.2632,949147.3867,Dalemore
316531.157,944758.657,Shinvall
317519.3173,944761.6087,Rangag
319575.935,944709.5132,Ballachly
317170.7175,946928.267,Tacher
318172.376,949181.7335,Halsary
311235.9777,949690.9776,Allt Bad na Caorach
316991.6116,942765.5277,Loop Burn
318958.6236,940654.7096,Blackmire Burn
316552.3544,948273.8644,Allt Aikergill
314732.5198,945989.8177,Allt Cnoc Thormaid
319173.9295,940242.0806,Burn of Clashcrebie
318189.7997,940195.667,Bushy Burn
310218.9885,940367.1407,Allt Ruadh Mor
317983.6972,946568.0367,Burn of Tacher
318566.7325,940699.4351,Burn of Lochend
311800.4611,947161.6554,Allt Ch<f>&#x00e0;</f>iteag
312419.3593,946813.3508,Allt nan Sealbhag
310318.4273,945902.6067,Alltan Iain Duinn
313852.7151,941583.7848,Allt Min
315068.0915,946403.2938,Allt M<f>&#x00f2;</f>r
312111.5142,945199.054,Allt Meadhoin
319415.026,948886.2625,Allt Caol
316822.8263,940849.9567,Allt Luachrach
313298.6519,942080.4791,Allt a' Phuill
311565.5823,944716.47,Allt Snitut
316910.9374,945869.2731,Little River
311437.2032,948289.5238,River Thurso
315297.0176,948503.7725,Little River
315781.2733,947990.0254,Strath Beag
310984.6896,947086.6407,Strath More
315674.2791,941964.0876,Allt a' Choire
317430.2556,947490.2546,Allt an Fhe<f>&#x00f2;</f>ir
317985.0123,945130.8447,Burn of Badachraskach
314717.6121,943347.35,Allt R<f>&#x00e8;</f>idhe Mhoir
318235.0506,942015.8262,Burn of Aultachlevan
316523.2623,949530.6807,High Burn
316111.8397,943025.0935,Allt Reidhe Mhoir
319924.8531,949832.2449,Allt Tollach
317681.6072,941656.7184,Loch Rangag
314754.8805,942543.7627,Loch Dubh
318906.3616,942341.3723,Loch Stemster
310604.4125,941226.6406,Lochan Thulachan
310948.6164,942067.7971,Bad a' Chlamhain
318214.9338,949520.9223,Bad a' Chlamhain
314126.6636,943079.1864,Loch Ruard
312769.4178,948879.8878,Clais an Tobair
318098.5371,949028.972,Torr Fhearchair
317053.9339,947480.3187,Torran
317442.7553,944174.7946,Rangag
318242.5701,943653.0745,Sidhean M<f>&#x00f2;</f>r
312603.5764,944759.3899,Bl<f>&#x00e0;</f>r nam Faoileag
312103.9869,940935.7566,Cnoc na h-Imriche
310368.6095,944251.8336,L<f>&#x00e0;</f>thach Charran
314279.74,945166.183,Cnoc Thormaid
319804.4494,940478.8412,Cnoc na Gearra
312395.2862,939979.4191,Cnocan Ruar
310680.2531,942580.1746,Cnoc Balavreed
317141.882,941296.6304,Bl<f>&#x00e0;</f>r an Fhraoich
313091.8487,947032.928,Beinn Ch<f>&#x00e0;</f>iteag
318627.4693,940133.4744,Clais Gheal
319587.1431,941236.4294,Cnoc a' Chail
315832.9067,943376.7218,Clais Shilteach
310353.673,947652.6995,Cr<f>&#x00f2;</f>ic
310611.4102,949022.7266,Cnoc Bad na Caorach
310549.6694,945011.3705,Cnoc Alltan Iain Duinn
310599.3375,943473.0021,Cnoc Charran
312933.8745,951490.8083,Westerdale
317062.3586,954055.0926,Spittal
317053.7511,952838.0933,Mybster
313454.5961,956066.1664,Harpsdale
315141.3951,957003.1644,Achalone
315409.0641,959361.9989,Sibster
316844.213,959040.6561,Clayock
317401.6824,953771.8999,Achverga
318104.7886,958561.4217,Gelshfield
317637.1557,958861.223,Balbreac
319207.4875,958785.7827,Lochview
315675.5416,959882.7294,Station View
319941.6528,955485.2076,South Dunn
319569.1866,956223.3273,Dunn
320087.0403,956888.066,Lower Dunn
311380.1502,951921.444,Achlibster Cottage
311780.1529,952177.5736,Achlibster
310538.2541,953416.1008,Upper Olgrinbeg
310364.0902,953984.8931,Appat Farm
310794.354,954275.5172,Boulintogle
310953.1622,953778.0979,Olgrinbeg Farm
312100.6851,952294.9422,Lower Westerdale
313415.2563,953196.7694,Dale Farm Cottages
312352.5541,954362.2339,Strath Of Harpsdale
312968.3348,954444.8962,The Old School House
313909.3026,953508.8033,Dale Dam
313752.727,954607.9313,Newlands Of Harpsdale
315748.1184,950655.0871,Causeymire Wind Farm
315908.2129,952707.8894,Ballone
316330.7275,952517.7519,Mybster Farm
316035.0249,953421.1919,Balbeg
315318.2984,954059.5066,Buolinach
315175.353,954613.2009,Achanarras Quarry
314909.1705,958136.6348,Sibster Burn Farm
317973.6729,953809.8475,Achnamoine
317579.0379,954031.5958,Lower Toftingall
318491.2756,954723.0849,Toftingall
319054.2973,954533.555,Lanergill Farm
311209.1917,954929.963,South Strathcoul
311683.0383,955625.7847,Balnahard Farm
310565.0934,957100.3774,Tongside Bungalow
312331.7758,954769.1375,Copperfield
311878.2882,956252.3584,Achardale
312490.8621,956876.8345,Torranshondall
313562.7142,956591.2966,Bardnaheigh
310218.4788,957436.5625,Upper Tongside
311078.5787,958069.2792,Drakerous
310207.3083,959394.7831,Achavrole Farmhouse
312580.2875,957425.0854,Blackpark
313084.5677,957503.1228,Hawthorn Cottage
313542.4871,957842.9807,Houstry Mains
315162.8552,955160.45,Achanarras
316082.1588,955827.3547,Achcomhairle
315393.1371,956081.7841,Achlone Farm
315040.5473,957179.0193,North Achalone
316845.3131,956828.5766,Banniskirk Quarry
318009.1558,955074.1879,Star Cottage
319203.4713,954887.3337,Balnasmurich
319130.673,955182.6479,Tigh Na Beinn
319897.659,957095.0443,The Cottage
315428.7888,958261.3286,Banniskirk
316158.0754,957497.3374,Banniskirk House
316757.8964,957227.9796,Banniskirk Mains
314492.1168,958634.2601,Sibsterburn
315498.6858,958731.8155,North Banniskirk
315747.6237,959201.1826,Georgemas Junction Station
315198.3413,959812.3104,Sibster
316289.1766,959048.8363,Clayock Moss
319217.1644,957336.0329,Larel Bridge
318905.5899,957498.5414,Upper Larel
318819.4723,958011.67,Lower Larel
313230.4779,957083.6528,Yellowmoss Burn
318684.5369,954035.4432,Black Burn
311627.4504,959565.6996,Calder Burn
319945.5497,951078.5815,Loch Burn
312495.108,950743.7385,Alltan Ruathair
312062.7203,951139.7509,Allt Dubh
318321.0261,950877.9226,Hector's Burn
319714.2347,950551.8274,Halsary Burn
314617.3609,959546.756,Sibster Burn
310381.1817,953471.1993,Burn of Olgrinbeg
319736.2593,958308.5942,Larel Burn
316220.7917,957218.7611,Burn of Halkirk
315439.0498,955035.4341,Burn of Achanarras
313990.1583,952521.7381,Achlachan Burn
313782.9041,950090.6154,River Thurso
314690.9007,956358.0057,Burn of Achanarras
314187.6918,959004.2294,Burn of Halkirk
310850.7924,956023.1735,River Thurso
312534.2975,959006.7393,River Thurso
315256.5936,958840.3792,Clais Gheal
314180.0215,950089.463,Tormsdale
312912.1774,956310.3336,Harpsdale
319016.3214,952241.4233,Loch of Toftingall
318891.2432,959610.9505,Loch Scarmclate
311662.5256,955388.1298,Balnahard
312734.6498,954734.2823,Harpsdale Hill
318868.7647,950071.7767,Black Hillocks
313791.3804,959584.8517,Tor Harlogan
310589.2335,950990.8836,Bl<f>&#x00e0;</f>r Geal
310117.4482,957887.2789,Hill of Calder
310399.8999,951951.514,Achlibster Hill
313269.5385,950010.9971,L<f>&#x00e0;</f>thach Bhuidhe
311521.7519,952999.2676,L<f>&#x00e0;</f>thach Leosag
317377.6035,950639.6815,Achkeepster Moss
313655.3417,952414.4959,Back o' Dons
313401.995,951030.3246,Carn na Mairg
315372.5608,951417.5014,Ceann nam Bad
317276.1241,950118.6162,Cnoc Cinn
318409.8747,950331.0713,Dubh Lochs
318256.1633,952070.3471,Moss of Toftingall
309938.0886,954899.3218,Fuaran nan Cuileag
316025.7004,958904.1583,Sibster Moss
312874.7185,957112.8088,Yellow Moss
317755.4579,955947.2801,Crofts of Hillpark
315081.1458,953078.7129,Achlachan Moss
314087.4048,957889.8368,Houstry
311374.7189,956925.1866,Bloody Moss
313996.0203,951247.3791,Dale Moss
317957.1875,954811.2994,Toftingall
314837.5234,954472.8361,Achanarras Hill
316559.7101,955476.4559,Spittal Hill
313087.5134,958033.2002,Moss of Halkirk
312812.3443,959428.4571,Halkirk
314882.2563,964519.7709,Weydale
310025.29,965751.6302,Glengolly
317897.946,960613.0579,Knockdee
317255.7665,964466.7996,Hilliclay
315412.9552,960672.8195,Roadside
319812.5815,968617.1317,Castlehill
315947.7928,969678.6802,West Murkle
316547.8607,967926.6086,Murkle
314695.0202,968358.6167,Clardon
314337.4798,967125.9221,Haimer
314230.7027,966953.7268,Dixonfield
315432.1029,962653.4809,Achingills
319521.4766,963122.2506,Durran
314474.5688,962259.3461,Sordale
311324.8657,960495.9852,Sour Cottage
315405.1168,965879.2572,Mayfield Cottages
315712.4389,965267.415,Quarryedge
315745.4671,966769.426,Horsepark
315336.1125,967251.5265,Broynach
316365.6463,966121.5492,Sibmister Farm Cottages
318013.3447,966092.4238,Windy Ha
317263.4795,966888.4128,Cnoc Na Gaoith
317764.1241,966879.1165,Gothegill
319485.3144,966325.4542,Netherside
318508.2068,967116.9022,Olrig Cemetery
319252.0187,967240.6825,Borgie House
316316.2992,968888.8119,West Murkle Holdings
316655.8998,969193.8527,No 1 Holding
317736.2677,967513.0962,Brae-Edge
317597.7573,968597.0135,Ceol Na Mara
317609.9112,968180.9283,Quarryside Cottage
319824.8944,964988.3615,Borgie Mains Cottages
320049.8351,966274.439,Breezy Brae
313547.1032,968657.1036,Old Garden Croft
313857.9257,968942.2313,Towerhill
315326.2002,965173.3271,Cairnfield Quarries
309933.7128,960467.2274,Burnside
310614.4621,960462.9657,Lower Sour
311828.6949,965541.9785,Geiselittle Farm Cottages
311034.8734,961555.1653,North Calder
312112.4827,960672.1195,Sharkley Well
312743.5429,960427.6035,Sharkley
313766.7971,960716.7566,Hoy Pumping Station
314245.8461,960666.9857,Hoy
311738.5723,963300.1304,Aimster
310113.1708,963880.2718,Quiet Waters
310272.2015,964223.1309,Clatequoy
314078.7923,963239.3835,Carsgoe
313093.9706,964090.9141,Todholes Farm
313058.2903,964745.4258,Shalmstry
313527.0448,964191.6767,Bulliemore
315106.734,960155.6281,Sibster
316030.4758,960111.5989,Dunn And Scarmclate Holdings
317072.7643,960366.4869,Knockdee Croft
319062.4452,960756.4233,Poolhoy
317791.5199,961904.2133,Roadside
318937.0417,961539.314,Tister Cottages
315067.5123,962907.1738,Achingills
316037.1807,962667.0836,Stemster Hill
314827.2997,963725.3734,South Weydale Cottage
318469.3521,963580.6559,Schoolhouse
320034.3973,962705.9273,Durran Mains
310571.4218,965565.2122,Whitefield
310137.196,966534.3949,River View
310401.4887,966503.7923,Derwent
311442.74,966477.2977,Bleachfield
311835.6783,965761.5539,Four Winds
312570.6038,965612.5659,Upper Geiselittle
314408.2826,965349.8599,Weydale Quarries
312483.8746,966939.125,Stainland Farm Cottage
313802.4045,967804.1571,Clayhusbandry
313581.8182,968194.0592,Plantation Cottage
311884.443,966222.771,Burn of Stainland
316901.7846,963508.4012,Meikle Burn
319850.2817,967928.7564,Stangergill Burn
310250.9686,968222.7436,Wolf Burn
310317.1573,969016.869,Burnside Burn
316014.4155,964483.7948,Little Burn
310475.9831,964791.5053,Burn of Geise
310278.5276,961293.0791,Burn of Sour
314691.1271,962927.267,Burn of Achingills
316760.4438,965935.0086,Murkle Burn
315666.258,967435.7167,Murkle Burn
311104.7207,965800.2563,River Thurso
314910.0155,961937.5354,Sordale
314589.9844,965096.5783,Weydale
315913.6944,965789.7514,Stonegun
317993.1437,968236.8629,Quarryside
315977.7524,962970.8358,Marl Moss
314020.3249,962854.9866,The Scardach
310378.1203,969356.7342,Braes of Scrabster
316020.9962,964831.4298,White Moss
313009.3764,965975.2967,Bainstown
314827.1407,969783.7999,Quay Geo
310853.3655,962643.0745,Buckies Hill
317388.8941,965136.8209,Ghoul Law
315721.1967,961934.0935,Sordale Hill
317433.0516,965616.4144,Hill of Olrig
311436.8287,961237.3519,Hill of Sour
318461.4753,969437.0657,Dunnet Bay
313917.7679,968837.8537,Thurso Bay
313239.3805,960076.8609,Hoy and Braal Holdings
317891.7899,961408.525,Stemster
313482.5045,965551.8028,Weydale Moss
313338.332,968279.888,Lady Janet's Wood
317022.7514,969892.2867,The Spur
319266.7557,968922.1136,Weydale Strand
310456.7979,962531.8372,West Calder Hill
317150.2404,967542.4224,Hill of Clindrag
319313.9986,963120.7884,Bishop's Hill
315457.5473,960567.7105,Georgemas
319552.1153,968290.9098,Shelly Hill
310439.1114,967551.09,High Ormlie
316009.3161,968272.1052,Serpent Hillock
319838.8927,965977.5544,Hill of Whitefield
313793.2582,967548.0801,Duncan's Hill
311397.4806,968824.9083,Rockwell Point
314343.3995,961244.7466,Black Hillock
310992.0289,967480.7823,Ormile
311434.8817,967505.6528,Mountvernon
310781.6759,968360.9424,Pennyland
312123.1412,967794.7993,Millbank
312547.0011,968108.9653,Mountpleasant
312202.3048,968034.0178,Springpark
312567.2532,968552.3581,Thurso East
319868.1402,967719.3915,Castletown
311867.1824,968472.6872,THURSO
310796.2458,970799.8981,Creag Bhuidhe
319769.8124,972746.617,Redstone Hill
319835.3476,972323.0804,Hill of Rive
319939.4818,972093.6481,Head of Man
318329.8759,975388.2204,Briga Head
310637.5722,971451.5778,Holborn Head
310884.9397,971254.9642,Scarf Rock
310737.9634,970551.0723,Little Head
310730.2116,970705.7947,Lythe Craig
310484.9612,970453.9968,Scrabster Roadstead
318477.4609,973108.0626,Chapel Hill
310506.9362,971655.4085,Clett
319272.0703,973716.7776,Dunnet Hill
318349.9779,974188.4779,Ashygeo Hillock
318661.4486,970718.3995,Dunnet Bay
313831.0772,970291.7062,Thurso Bay
315925.2241,970002.4542,Clardon Haven
319287.8111,972579.4444,Loch of Bushta
319487.8694,974037.0934,Black Loch
319279.3145,974875.8421,Sanders Loch
317907.2466,999379.2631,Burn of Stourdale
318984.7436,999916.7503,Moor Fea
317402.1018,999179.277,Rora Head
319197.7469,998775.9436,Too of the Head
326649.3122,935849.8785,Occumster
323861.2191,937190.9551,Smerlie
322277.8033,934368.2126,Forse
326386.5204,937993.4383,Lingland
324677.4952,936987.6273,Upper Lybster
324924.3031,935891.7621,Lybster
329183.8552,937589.9861,Mid Clyth
329980.2869,939404.6817,East Clyth
326549.9768,937565.2024,Badfallister
326161.9886,937037.7744,Achavar
323124.68,936764.02,Achow
325684.6211,935779.4378,Hillhead
326308.7413,939515.1783,Roster
325990.9917,936186.3951,Mavesy
323601.6981,935375.7268,Swiney
323305.1433,934626.8001,Achastle
322841.6787,934437.7855,Burrigill
327179.2962,935977.3059,Clyth
328987.7548,936544.253,Overton
323768.5897,934566.0213,Lower Swiney
321549.2739,937386.923,Rumster
322051.1355,938602.95,Bulreanrob
324329.7868,936906.9154,Forresters House
323432.0066,937858.7907,Castle Heather
322933.4574,938761.7757,Gamekeepers Cottage
323803.2084,938334.4812,Smerlie
326553.4931,939045.4264,Canisp House
323766.5263,939453.4495,Badharigo
325535.7604,937050.433,Old Mill House
326398.348,937364.7419,Bridge Of Achavar
325655.475,938334.853,Lhaid Farm
330028.8012,939549.3465,Quarry Of East Clyth
320145.5284,940026.4963,Badereskie
328992.285,939128.9509,Papillon Cottage
327307.1462,937888.3701,Finns Cottage
320885.098,933906.7796,Newlands Of Niandt
320976.1068,935073.003,Shepherds Cottage
320913.8206,935426.3611,Nottingham Mains Cottage
320306.9686,935740.9819,The Corr
321852.1217,936087.5275,Lower Rumster
327313.4628,937462.2248,Shilvrag Top
323420.8542,934889.2715,Swiney House
322934.3753,935778.0489,Rhianrivach
323752.4338,936445.91,Reisgill
329880.2748,939350.2868,Burn of East Clyth
324556.7655,935786.5896,Burn of Kyle
320429.545,937280.6897,Alltan Buaile Bige
325264.4897,935892.0146,Burn of Shalligeo
328928.0522,939676.8588,Burn of T<f>&#x00f2;</f>rr-dubh
325907.167,939918.6861,Burn of Pulbithe
323120.3552,934562.8844,Burn of Achsinegar
321580.5174,933965.7233,Burn of Forse
321652.4113,938442.3744,Black Burn
324186.9171,937975.4992,Smerlie Burn
321720.2915,939714.0938,Clashcraggan Burn
320705.6073,937180.7604,Burn of Golsary
325451.0167,939287.7986,Stank Burn
325731.6113,939540.1294,Berry Burn
323616.2351,938512.7381,Red Burn
321540.217,939454.3606,Osclay Burn
323188.0554,937570.025,Reisgill Burn
326066.5591,938690.831,Clyth Burn
324205.4616,935266.9884,Reisgill Burn
326426.9007,936991.129,Clyth Burn
329999.2296,938240.7869,Red Burn
321007.9916,932978.0568,Ebb of Niandt
321814.3386,933251.2074,Uamh Craige L<f>&#x00e8;</f>ithe
322328.9008,937891.7933,Blood Moss
328067.0652,937204.9893,Upper Clyth
321938.3541,939642.1378,Clashcraggan
330089.4574,937285.0008,Stack of Mid Clyth
327879.6013,935634.232,Ceann Stuic
323981.9646,934406.0577,Swiney Hill
324243.3794,934572.2576,Creag Ard
328603.2832,935986.8071,Clais na Goilean
326549.6629,935087.0421,Ceann Hilligeo
326378.5727,936663.2596,Black Hill
325530.0139,938645.5832,Dunn Moss
329834.6523,937458.7997,Ceann Shinwillick
329972.5752,939620.9284,Hill of Longstone
321973.132,935843.2534,Newlands of Forse
327141.5875,938116.3115,Newlands of Clyth
322039.0802,936194.9356,Moss of Forse
322209.5959,938967.087,Osclay
328152.0751,939746.3028,Torr Dubh
328112.9558,939152.1244,Lean of Peatmoor
328429.3327,938383.0587,Hill of Mid Clyth
326676.1703,939823.0378,Green Hill
324131.5486,939280.129,Braedmarloch Hill
321075.2693,937999.9817,Airigh Hill
326975.9982,938633.6186,Hill of Clais-na-canaich
329451.5239,936046.1754,Moray Firth
329706.5268,936646.1942,North Sea
326019.128,944268.5591,Replica Long House
321338.3208,944899.121,Munsary Cottage
322002.0162,948107.9892,Kensary
323343.5756,947979.8825,Rowens
325263.3656,945574.7635,Lower Camster
324881.0596,949164.0712,Badlipster
330020.0836,945658.3229,Oliclate
329763.7594,949902.6785,Achairn Cottage
326623.638,941817.2959,Easan Burn
329671.0047,940787.524,Burn of Whilk
321931.7389,943453.6836,Allt nam Feannag
322647.5673,944695.4781,Caochan Ruadh
320273.5805,949828.7318,The Stem
320160.9525,940402.2693,Golticlay Burn
324950.5038,942964.0641,Burn of Smerrie
325299.4739,940331.5081,Allt Squabaig Guirme
321014.8501,946983.0235,Allt a' Chait
322469.4062,944644.4337,Allt Tolltach
320735.6837,945940.2458,Allt Badleathan
327067.1404,947673.5747,Allt Beag-airighe
323324.2993,943106.2418,Allt an Earrannaiche
324876.577,940678.885,Allt Sguabaig Guirme
325326.5162,949667.6637,Blackmire Burn
321294.6851,947789.6602,Allt nam F<f>&#x00e0;</f>l
320579.2159,949080.9386,Allt nam Fuatha Beag
323456.3582,948205.6596,Rowens Burn
320239.582,949603.7415,Allt nam Fuatha
325132.1885,942620.9811,Allt Uaire
321659.59,943549.0882,Allt an Donais
327571.2312,948146.7181,Achairn Burn
322604.4779,945022.7347,Allt na Sagh
323812.4747,949771.5287,Strath Burn
321470.4097,945576.2652,Munsary Burn
320548.5312,944892.2286,Allt Buaile nan Gillean
323687.6775,945226.523,Allt a' Chaol
322686.5963,948975.8728,Kensary Burn
322039.8368,944537.1865,Allt-nan-Scaraig
326179.0265,943117.2937,Camster Burn
322797.2998,947173.4073,Allt a' Chaol
325046.2532,945939.877,Camster Burn
328728.7821,949232.0206,Achairn Burn
325375.457,944279.1169,Balharn
321340.746,947451.5766,Dubh Lochs
328334.9291,940201.3805,Red Moss
329239.3211,940591.5363,Moss of Whilk
322939.1767,947967.0877,Rowens Hill
325049.6042,945756.8233,Camster
322525.6845,949706.5159,Hill of Acharole
325986.2429,947311.7486,Cnocan Buidhe
324895.7265,948025.1755,Bloody Moss
322342.4115,940530.2644,Clais Mh<f>&#x00f2;</f>r
322514.1941,941512.0893,Brown Hill
324451.1871,941759.1559,Cnoc an Earrannaiche
326678.7372,941037.1621,Cnoc-vidh
327182.2825,942234.587,Hill of Toftgunn
320125.1262,943367.7445,Creagan Cubhaige
324933.7743,944024.9069,Camster
327068.0714,940291.1118,Pigeon Hill
320604.071,941314.5672,Creag Mh<f>&#x00f2;</f>r
324595.4766,948593.9863,Hill of Achalipster
329658.8217,942639.1834,Hill of Yarrows
329644.1167,948217.7271,Blingery Hill
320130.6492,941620.293,Stemster Hill
325940.1495,941890.7369,Cnoc an Eas Bhig
329189.7257,945964.1524,Hill of Oliclett
327580.4615,941399.6375,Sidhean Fuar
324654.994,943921.3614,Ballharn Hill
324485.3294,949927.601,Eas M<f>&#x00ec;</f>n
326477.0798,948713.6486,Flows of Leanas
328416.8218,953601.6677,Bilbster
321018.6266,959467.0618,Gillock
324133.455,954305.7911,Watten
326174.4619,955614.5163,East Watten
327730.9408,959820.4353,Kirk
328468.3844,958367.9451,Myrelandhorn
325273.4286,956146.2686,Mains of Watten
325687.9722,952001.3981,Strath
324057.4651,958684.7164,North Watten
324906.7939,954145.2487,Keeper's Cottage
327034.203,957852.6672,Upper Cogle
327178.9746,958516.9477,Gersa Croft
327649.3108,957876.8117,Heather View
326987.6397,958864.8869,Honysuckle Croft
329114.4644,958961.7919,East Kirk
328705.5573,959400.1993,Kirk Mains
320576.0263,959968.089,Corsback Cottage
326784.5779,957875.986,Quoybrae
320774.9899,950950.709,Shielton
320731.5089,952373.4656,Druimdubh
320303.3489,954480.0186,Backlass Croft
321469.4604,953925.0265,Newton
323370.772,953750.1378,Strathview Cottage
322880.5698,953699.5399,Ballacharn
323463.6229,953825.5652,Banks Lodge
324179.2823,953349.2012,Achingale Mill
324674.2822,950303.5758,Scorriclet
326405.3331,951595.132,Flex
327187.3849,951675.8006,Bilbster Wind Farm
324808.1943,953263.3504,Pennyland House
327048.0839,953363.3077,Whitefield
325558.359,953747.9468,Upper Bylbster
323952.2516,957095.8839,Shepherds Cottage
324893.428,954382.6527,Loch Watten Hotel
325192.073,954150.8204,The Croft
326548.6554,953829.416,Bylbster Bridge
326024.4286,954685.027,Lower Bylbster Farm
329074.8715,952279.2653,Roadside Farm
329360.5063,952164.1718,School House
329742.1094,952314.3287,Quoyshakes
329180.2308,952995.743,Netherton
328499.7297,953837.6668,North Bilbster
329517.6827,953901.8052,Bridge Of Winless
328559.3206,954117.089,Nether Cottage
320815.142,954814.5312,Houstry Of Dunn
321384.1342,955650.5492,Malbrae
321717.058,955326.6255,Laid
320638.7401,956139.576,Bridge Of Dunn
319994.5789,956707.4278,The Old Schoolhouse
322929.0223,955306.7036,Parklands
322477.7064,955278.2431,Greenleaves
322885.1412,957047.252,Lynegar
323696.665,957184.1021,Birch Tworro
323949.6259,956943.2241,Swandale
319916.1808,958565.0467,Bower Quarry
320778.4937,958650.6634,Netherside Number 28
319838.2368,959317.6927,Scarmclate
320200.2909,959748.5351,Milton
322862.2493,957282.057,Lynegar Farm Cottages
323252.6971,957373.6682,Luskentyre
324525.5553,957684.8826,Stonehone Quarry
322238.349,958565.4663,Lynegar Burn Farm
322825.6489,959733.748,The Faulds
323256.6985,959365.7999,Maws Mill
325221.4047,954992.3345,Bridgend Farm
325984.6308,955016.0497,Strath Of Watten
326648.6689,954859.1329,Tarroul
325802.2639,955791.8773,Tails Of Watten
325425.4492,956995.2442,Mansfield
326542.6428,955911.6402,Rampyards
326387.0108,956422.0561,Knapperfield
327172.8657,956591.4026,Heatherdeep
326716.7429,957143.3579,Cogle
327348.6615,955697.8419,Blackpark
325261.6835,958201.1181,Catchery
325696.4223,957806.655,Catchery Farm
326567.8112,957608.6181,Quoybrae Cottage
321653.1604,951893.3154,Red Burn
324688.557,952905.7947,Allt an D<f>&#x00f2;</f>bhrain
328806.831,957060.1913,Burn of Myrelandhorn
326286.7976,954070.6163,Bylbster Burn
321816.4982,954870.3751,Laid Burn
320326.1117,950756.5808,Snottergill Burn
323517.1596,952942.5181,Toftmary Burn
320606.286,959181.4737,Quoynee Burn
320976.725,958943.3226,Gillock Burn
328103.1626,952601.8639,Bilbster Burn
322357.92,951261.649,Burn of Acharole
325208.9455,950186.7679,Allt Sean-gharaidh
320480.2122,956186.6661,Burn of Dunn
323131.524,951799.7848,Scouthal Burn
328259.1887,955976.416,Burn of Winless
323231.5281,959158.485,Burn of Faulds
327093.0026,954589.4389,Wick River
322042.1539,958426.3635,Lynegar Burn
326391.3617,958012.4797,Cogle Burn
329940.6496,953670.2225,Burn of Winless
328790.5418,953547.6806,Wick River
320599.7031,951461.4199,Black Burn
325202.7066,951372.6791,Strath Burn
323907.5148,950140.3016,Strathan Damh
325027.5906,954946.5887,Loch Burn
321188.0714,957823.8803,Quounee Burn
323441.9989,952589.3224,Wood of Scouthal
325153.3944,950817.6554,Brae of Tormore
320643.661,953948.7567,Backlass
323014.8564,959413.9157,Faulds
325459.2746,958047.1727,Catchory
326152.9446,959814.8532,Plover Hill
322511.6727,958246.4147,Toddy Hillock
320262.553,951770.6677,Bl<f>&#x00e0;</f>r an t-Siomain
320701.3694,951645.8995,Druimdubh Moss
320561.3068,952170.2529,Druim Dubh
326536.1956,950108.9322,Flex Hill
325773.2839,954388.6686,Thorny Hillock
323466.4182,950554.3076,Hill of Badarclay
325967.9547,950903.2663,Carn Liath
324006.5811,950309.8566,Bad Uaine
323141.147,955977.6108,Loch Watten
327097.2553,958122.2704,Gersa
324906.2597,952753.5289,Pennyland Moss
329038.1835,951834.229,Thuster
326994.3096,955130.3148,Tarroul Moss
320087.2863,952895.5497,Backlass Moss
320816.0793,951150.2866,Wester Watten Moss
329867.3064,958606.7585,Moss of Kirk
324522.0793,958927.2025,North Watten Moss
325964.9792,953895.34,Bylbster
321165.3762,958094.5404,Leans of Lynegar
327424.5843,956025.4067,Cogle Moss
321346.0559,951374.6399,Acharole
320423.2776,953959.1842,Backlass Hill
326602.7369,952498.0243,Bylbster Moss
324451.93,951925.325,Moss of Badarclay
322639.7607,953073.9951,West Watten Holdings
323356.9811,967639.7021,Greenland
326838.4978,968938.7992,Syster
326127.4312,965390.2107,Reaster
323331.4206,965652.42,Tain
326719.7802,968228.5352,Lochend
328854.3987,964490.5491,Alterwall
328847.5304,962949.6906,Sortat
329456.0754,962632.116,Ruthers of Howe
328212.8013,963415.1617,Lyth
325661.3899,961355.0636,Hastigrow
324574.1573,963964.6054,Bowermadden
323853.7376,962554.3203,Bower
322207.3474,962320.3172,Bowertower
322838.4217,960743.6447,Halcro
322369.6646,960173.8535,Brabsterdorran
330044.7581,966778.9015,Slickly
324551.1197,961369.8203,Whitegar
327973.574,962539.9712,Barrock Mains
327527.6561,963015.9122,West Lyth
329151.0338,963945.2244,Bellavista
320121.4004,965744.5198,Birklehill Quarry
321252.7018,965990.9598,Lower Lochside
323122.007,965000.1512,Hill View
322986.7595,967353.5532,West Greenland
321077.2793,960656.7081,Camster Farm
324224.724,966464.8769,East Greenland
321567.0697,967323.1617,The Chimneys
322617.8201,967863.8612,Links Of Greenland
323242.7339,967943.6262,Shepherds Cottage
325559.2451,965472.187,Roadside Cottage
325388.0054,966549.8632,Moss-Side House
325269.8053,967303.2489,Mounthalie
329396.4125,965975.9788,Bridge Of Slickly
321451.6225,960902.2133,Brabster West
324723.4099,961939.8116,Thura Mains Cottage
321343.0179,963955.9255,Hoy Farm Bungalow
321380.6083,964808.9471,Wester Olrig Cottages
321949.5284,962398.049,Oakwood
323083.7167,963915.2791,Springfield
322641.1423,963981.9433,Granton Mains Bungaiow
324977.5227,960378.8001,Seater
326785.2944,960391.8001,Bridge Of Gravity
326576.7029,969409.61,Hollandmake
324839.5654,962076.399,Bridge Of Greeniquoy
328126.7015,960866.9745,Stanstill House
327327.9139,961473.0365,Bridge Of Hecken
328967.1698,961617.5688,Swartiebank
328676.0463,962019.1496,Summer Byres
324521.0824,962219.0765,Lower Thura
324840.7538,963040.2919,Murza House
324971.3175,963638.4537,Mill Of Murza
327020.0893,964198.3823,Reaster Cottage
325207.4253,961968.9094,Burn of Greeniquoy
328841.7219,969553.0152,Burn of Hollandmey
322895.4629,968467.8135,Sandy Burn
329397.5298,964185.3674,Burn of Alterwall
329432.7475,960216.8466,Blind Burn
320297.9432,967840.5744,Burn of Garth
326969.5412,961250.9548,Burn of Gravity
328478.0837,965781.1536,Little Burn of Alterwall
329402.5555,966233.644,Burn of Slickly
329611.9029,962182.4758,Burn of Lyth
326015.1464,961719.3516,Black Burn
320829.2772,964925.8512,Burn of Durran
324993.7477,964183.2279,Burn of Hunster
328524.7361,969163.5637,Link Burn
327324.7106,965423.3644,Burn of Reaster
322820.2515,968115.9782,Burn of Midsand
325737.6574,962451.7658,Burn Of Bower
328883.1277,961717.2913,Burn Of Bower
320157.0165,967590.7486,The Gill
329892.2144,962609.1224,Burn of Swansigrew
325467.9406,968321.8522,Loch Heilen
320143.6324,960554.4944,Corsback Hill
323847.1345,965483.2881,Berry Hill
325283.3904,967385.315,Mount Halie
320329.1249,965766.2826,Birkle Hill
323311.0671,967828.4022,Lower Greenland
329686.3337,968006.7931,Hill of Slickly
321914.0751,965326.0246,Cooper's Hill
322690.8077,969921.6201,Links of Dunnet
322897.8499,965187.1257,Round Hill
324465.5006,966418.0299,Hasters
326124.2847,964832.7538,Kirk Hillock
326655.2969,967145.0615,Lochend Holdings
323914.5828,960069.2767,Brabster Moss
323506.808,965432.5418,Moss of Tain
324927.978,962497.2543,Leans of Thura
321458.7294,967992.2756,Links of Old Tain
323919.9213,969757.2099,Links of Inkstack
323719.265,969040.8282,Links of Greenland
324770.0517,965513.3958,Moss of Greenland
322234.1163,973624.9264,Brough
325780.7304,969960.76,Inkstack
325803.47,971246.8412,Barrock
321849.7415,972460.5424,Hunspow
321643.0193,971455.1141,Dunnet
320179.3156,976678.8687,Easter Head
328237.425,973835.8067,Mey
326385.4798,974133.1148,Scarfskerry
326668.4044,973082.7584,Rattar
325897.4111,972125.7815,Breck Cottage
328899.8693,972324.3331,West Lodge
324909.8129,973245.7788,Rattar Mains Cottage
327436.7426,973708.6753,Bird Hide
329480.2511,973941.9103,The Cottage
323180.4021,972835.754,Wester
323069.1805,971248.8717,Hillhead
323559.207,971819.7557,Bracken
324546.7592,971510.6798,Linksview
323410.0518,971980.9464,House Of Corsback
324595.6771,971902.8521,Dunnet New Burial Ground
320931.9054,972909.9097,Heath Cottage
321431.4313,973085.5871,Newlands
324273.5242,972682.2331,Crossroads Primary School
323996.3861,973673.3949,Ham
324576.2441,972369.7239,Greenvale
329742.4426,971989.9092,Philips Mains
326314.5042,971854.3499,Charleston Farm
325831.132,972405.5091,Roadside Cottage
329509.4385,970524.6538,Hollandmey
328110.5487,970071.9181,Burn of Ormigill
321377.2553,975041.9071,Burn of Sinnigeo
326834.5049,972553.3853,Burn of Rattar
323849.7487,973120.1568,Burn of Ham
324733.0242,970081.835,Burn of Inkstack
327640.6227,973034.9223,Burn of Horsegrow
322027.019,971359.0671,Burn of Dunnet
327136.5117,973610.1834,Loch of Mey
320462.9474,975903.232,Long Loch
322642.9378,972145.9663,St John's Loch
323191.7773,970999.6634,Couper Hill
320556.7733,976620.3337,Bank Head
320498.0908,976273.9607,Dunnet Head
321133.4988,973457.6133,Dunnet Head
323262.9567,973999.4551,Kunks Hole
323152.6853,973890.8713,Kunk's Hole
324817.4888,973129.0316,Hill of Rattar
327480.4673,974026.7779,Scorrie Moss
327834.2359,972088.2136,Moss of West Mey
320930.8112,973978.046,Moss of Dunnet
324002.066,972035.1957,Corsback
321802.0797,973516.5167,Moss of Brough
324062.5583,970949.2751,Links of Couperhill
326980.5372,973112.6363,Rattar Moss
321031.5441,971743.1756,West Dunnet
320172.9645,975626.4824,Burifa' Hill
328969.7212,970636.4097,Hollandmey Moss
320672.192,970765.8003,Dunnet Bay
325611.2202,976248.7994,North Sea
324183.6615,974042.1022,Pentland Firth
328611.4827,988823.1651,Brims
327074.0062,989281.677,Melsetter
328341.8982,989256.5228,Hurliness
329287.9853,988304.6304,Brimsness
329657.229,989293.6796,Bu' Of Aith
324883.9047,989015.3699,Ha Wick
328313.8062,988554.6268,Skipster
325503.0929,988728.4992,Wastlee Moor
329990.9846,988948.6216,Bain's Hole
326422.8729,989668.553,Melsetter Hill
327072.0494,988750.159,Old Head
325547.1185,988356.0698,Tor Ness
329344.0158,988208.9651,Judashill
329687.0542,989009.8811,Inner Head
327927.4474,988961.7697,The Witter
327039.922,985961.5731,Pentland Firth
327420.832,987575.9531,North Sea
320015.4365,999274.161,Rackwick
327320.893,990163.9159,Foreman's Cottage
328122.6862,991200.8296,St John's Manse
329085.5246,991178.5078,Little Muirs
329799.1905,991428.7972,St John's Church
329971.0838,993783.0937,Gear
320444.206,998658.2601,Burnmouth
322696.0493,996352.3124,Summer Burn
327617.1445,991858.926,Burn of Heldale
328708.6575,995155.556,Burn of Moifea
327060.5435,995419.0861,Burn of Tonguevale
320449.7999,999915.0502,Rackwick Burn
326411.4446,998306.4189,Pegal Burn
322656.5035,994534.2207,Burn of Forse
322969.6588,997641.1149,North Burn of Sneuk
322583.1617,999319.1335,Burn of Rinnigill
324285.4385,991018.3427,Burn of Hoglinns
325804.9896,996782.6266,Burn of Withigill
321601.3244,998422.3056,Runcigill
325961.0405,995764.1801,Burn of Westdale
325914.8802,998412.2022,Glifters of Pegal
327455.9465,998845.6351,Lyrawa Burn
326508.1253,999160.4978,Glifters of Lyrawa
327237.7251,997438.6585,Burn of the White Horse
329979.5847,993704.6518,Burn of Ore
322301.9058,1000000.206,South Burn
323835.3077,999896.3608,Trowie Glen
325422.9932,990257.2231,Glen of the Berry
324982.0326,991243.8829,Hoglinns Water
328214.8996,993649.772,Burn of Longigill
324940.6271,996879.8339,Withi Gill
327593.6608,996086.9957,Burn of Bailiefea
323997.7719,992052.6192,Burn of Greenheads
324698.8881,993870.2318,Sands Water
325591.5889,995502.8261,Hoy
323022.4468,992883.4884,Little Rack Wick
324243.0284,990631.7596,Berry Lochs
325687.0456,992244.14,Heldale Water
320306.3109,998401.4086,Rack Wick
322803.8234,999601.7392,Stany Hamars
329079.9124,991074.7732,Aith Hope
329630.7182,991032.7477,North Bay
330550.759,938870.3835,Bruan
330441.545,938555.9992,Bulnacraig
330181.5153,938555.6798,East Clythe
335001.6122,934646.1525,North Sea
335001.6117,935046.1638,Moray Firth
336028.6375,948382.1165,Whiterow
332681.0267,941780.4405,Ulbster
332460.1749,947165.9649,Tannach
333033.8133,945041.292,Thrumster
334543.479,943980.3446,Sarclet
333071.6257,944915.0012,Gansclet
332712.5434,943792.3806,Borrowston
332016.9076,940775.9299,Whaligoe
334919.61,946604.64,Toftcarle Cottage
334959.7196,947358.437,Hempriggs
335508.5165,947078.5051,Hempriggs Residential Home
334768.318,948211.979,Croft Of Northfield
335313.3347,948699.2396,Humster
335511.8002,949108.9009,Charity
332039.0149,949640.5444,Mill Houses
333292.6195,949776.5439,Upper Haster
331737.4084,941303.25,Watenan
333650.9336,942010.0069,Mains Of Ulbster
330543.2482,943221.3631,South Yarrows
330491.0324,944091.7475,West Yarrows
331148.7406,944293.579,North Yarrows
332822.6423,943013.9979,Craigmuir
332263.7754,943385.5173,Brownaban
334178.5316,945613.1286,Thrumster Transmitting Station
332471.4303,946228.191,Roadside
332844.9456,946671.502,Swarthouse
333864.6851,945938.6334,Thrumster Little
334502.4389,945995.5836,Marchfield Cottage
334114.8337,949676.7904,Levada
330888.4519,949079.7874,Blingery House
331249.813,948501.3261,Refaithy Cottage
331931.8943,949154.515,Upper Puldagon
333124.0625,947335.7725,Cairnquoy
333404.826,947248.8867,Loch View
333400.7001,948697.8771,Cairns Of Stirkoke
332804.637,949353.944,Old Stirkoke
333830.9915,949194.6591,Heatherlea
331310.5392,947076.4926,Tannach
333023.4384,941717.765,Blackfold Burn
333951.6787,942119.4343,Mill Burn
330275.3479,940248.8073,Burn of Warehouse
335024.8275,948763.7654,Blind Burn
332879.3685,945689.4262,Burn of Thrumster
332503.6313,943074.415,Burn of Whiteleen
332092.6082,945624.4072,Burn of Swartigill
335664.4397,948816.5739,Burn of Newton
332534.6772,949446.3981,Achairn Burn
337623.0976,943846.4347,North Sea
338649.0808,949846.6337,Moray Firth
334264.4324,942757.0574,Loch Sarclet
330981.4545,943755.9181,Loch of Yarrows
334554.1554,949518.7351,Newtonhill Community Woodland
334305.6976,947107.1243,Loch Hempriggs
331575.3032,940772.7795,Osties Hill
334533.0621,942576.0762,Turriegoe Hill
335434.0986,946087.3592,Hill of Toftcarl
334962.8346,949098.2356,Newton Hill
337224.7578,949854.6242,Hill of Man
331621.5489,943646.2528,Battle Moss
332262.0838,944613.5071,Raggra
336935.9739,949187.2637,Old Wick
335789.6129,946153.7967,Moss of Toftcarl
335085.9695,944830.8528,Moss of Iresgoe
334356.2344,949181.1332,Newton Moss
330505.3352,946978.808,Tannach Hill
330808.0653,941221.1122,Warehouse Hill
330861.7085,940176.2295,Cnoc na Cainach
333147.5605,942382.8492,Hill of Ulbster
335017.6891,949642.2558,Newton
338210.0629,952344.3189,Staxigoe
333034.5585,954368.2301,Reiss
334599.5921,953031.0078,Gillock
332676.8253,951098.5567,Haster
331465.7866,956815.5819,Killimster
336035.7989,954377.6276,Ackergillshore
332746.8089,952914.2368,Sibster
335245.7089,952566.0571,Ackergill
332544.1667,955431.0722,North Killimster
331672.609,950678.8387,Stirkoke Woods
333745.8623,955137.1097,Lower Reiss
334485.5034,954775.7857,Ducot Line
332944.874,957137.6818,Quoy Of Reiss Cottage
333400.9721,957097.7357,Quoys Of Reiss
332214.6433,958034.4455,Hill Of Wester
332689.5123,958475.5172,Westerloch Farm
333023.9354,958721.9276,Bridge Of Wester
338641.4324,954964.4928,Noss Head Lighthouse
332857.7417,959860.4113,Auckhorn Farm
335318.4193,953866.9768,Ackergill Mains Cottages
336563.6259,953838.1008,Shorelands Farm Bungalow
337662.6501,954333.022,Seaview Cottage
332145.6044,955919.7183,Cotters Cottage
330393.5995,950204.0722,Stirkoke
331416.2256,950046.4719,Graystones
331077.3065,950196.602,Rowangarth
333409.5457,955470.8335,Northfork Stables
329830.4877,951930.9315,The Stockmans Cottage
332711.4245,950412.3509,Haster
333681.6509,950752.8516,Dorran Cottage
333442.4189,951190.9683,Waterloo
333863.4791,951535.213,Newfield
331040.4167,953910.872,Winless
332245.4133,954498.1967,Killimster Mains Cottage
333568.0026,952674.7069,Cruiveside
334317.9085,952383.0976,Lower Gillock
333659.2529,953295.3882,Tayfield
332854.4106,953528.5654,Harland Farm House
333662.5459,953678.9905,Whitefield
335014.3341,951275.6339,Lower Milton
337871.312,951889.4927,Burn of Papigoe
335181.5663,950541.3887,Burn of Milton
331616.5605,957917.437,Burn of Riroa
330429.7745,958230.4492,Burn of Kirk
334052.8516,953023.5104,Gillock
334130.9047,953487.7631,Burn of Gillock
331044.4312,959651.4137,Burn of Hobbiegill
333830.9167,957836.1438,River of Wester
331479.2142,955770.3908,Burn of Killimster
331886.0394,951878.31,Wick River
335107.2583,951428.7838,Wick River
332974.8726,950200.7039,Achairn Burn
331715.2074,958642.9904,Moss of Wester
333985.1935,958977.819,Keiss Links
336987.9841,957752.9982,Sinclair's Bay
336765.1114,954446.7983,Moray Firth
339473.0908,954246.7884,North Sea
332599.5066,959131.2365,Loch of Wester
338395.7608,954430.8613,Sandy Geo
337387.341,950868.8226,Wick Bay
330520.3332,953498.029,Lower Sibster
332646.9795,953717.7914,Hill of Harland
330559.125,954094.8894,Winless
330963.6776,957712.0597,Black Hill
331963.0749,957942.2495,Hill of Wester
334156.3461,950432.9929,Hill of Stemster
338064.2678,951618.8375,Papigoe
337703.8227,951285.6723,Broadhaven
336741.7935,951189.8936,Willowbank
334710.7758,950827.5301,Milton
334792.3677,950531.7584,Gaultiquoy
336134.8553,950936.6202,WICK
334559.8926,961341.903,Keiss
336878.4906,965013.7747,Auckengill
330589.1818,961747.5454,Howe
337459.6604,964107.3957,Milltown
337437.4202,966862.6814,Freswick
336779.1317,968517.3042,Tofts
331391.5736,960590.3228,Mireland
338695.5682,968353.9654,Skirza
335820.9267,963369.5817,Nybster
337674.8153,966900.5577,Burnside Cottage
332278.6589,959928.2934,Lynfield
336405.1805,964298.847,The Ha
333474.2919,966230.9791,Stroupster
336982.9957,966811.2989,Westlands
337762.2298,966032.9079,Smithy House
337196.6437,967635.4072,Burn of Freswick
333177.742,964476.0634,Kirk Burn
334803.8518,968527.0883,Little Gill Burn
334831.506,967496.7854,Tothel Gill
335081.6415,967873.0837,Gill Burn
332992.7927,961626.0975,Burn of Aukhorne
336624.0652,968056.475,Burn of Bog
331325.2202,965729.8681,Back Burn of Slickly
335673.4864,965038.9162,Loch Burn
334011.4457,968006.9112,Wolf Gill
335558.4947,969182.2594,Burn of Shellybrae
338836.8231,967937.6292,Freswick Bay
334660.9106,963996.8165,Enag Hillock / Crow Hillock
333782.7939,965985.8351,Hill of Stroupster
337419.3293,965940.8165,Hill of Harley
337565.2942,967641.2032,Lady's Brow
339343.9136,968119.9409,Skirza Head
337683.4737,967747.0913,Thistly Hill
338509.4432,969022.6806,Black Hill
339557.192,968997.7861,Sailors' Head
334477.4639,960511.3768,Stain
334040.6615,963564.2257,Hill of Clayton
338055.6823,968067.9177,Midtown
335771.506,962834.3211,North Keiss
333989.9295,960915.6775,South Keiss
334816.2089,962078.6136,Mid Keiss
336951.474,969771.6768,Warth Hill
336766.4574,964193.5367,Auckingill
331255.6223,962524.9968,Moss of Quintfall
339126.1326,966047.2522,North Sea
338924.9772,965447.2278,Moray Firth
336750.7174,961422.8884,Sinclair's Bay
339548.009,972649.5185,Duncansby
338285.4581,972487.4097,John o' Groats
336883.7959,973256.8321,Huna
335883.6314,972336.3301,Seater
334984.504,972063.6691,Canisbay
330380.1765,974521.7675,East Mey
332764.9153,971975.589,Upper Gills
332187.5399,969949.7685,Brabster
333509.3186,971769.1395,Warse
331854.2651,972405.7083,Gills
330173.6826,972588.7552,East Lodge
336079.4853,972116.0544,Tigh-Na-Bruich
337471.18,972528.3538,Linniequoy
335298.0855,977778.782,Mains Of Stroma
335752.1783,978478.6093,Whitehouse
336216.9527,978028.221,Nethertown
335632.5293,979216.8601,Stroma Lighthouse
332988.9144,970023.3324,Dun Beag Darthys Cottage
334414.1464,971804.347,West Canisbay
331254.0842,973477.6849,Hilltop
335016.8151,971371.9602,Tresdale
332089.153,972376.1554,West Burn of Gills
338805.1336,971503.2151,Burn of Duncansby
336323.7424,972589.1126,Burn of Huna
338222.7932,970689.4119,Burn of Lynegar
333394.3521,970995.2035,Burn of Miremuckle
332051.0516,973156.151,Gills
336713.9174,971409.0325,Burn of Stemster
332648.9471,972211.2631,East Burn of Gills
335744.686,978556.3591,The Peel
337771.7301,972007.4293,Broo
333563.5245,969989.745,Craig Hill
331330.0575,973989.0215,Mey Hill
335462.4205,970247.0772,Christan Hill
330504.8921,972069.2594,Hill of Rigifa'
330488.5988,972488.6777,Rigifa'
333690.6379,971628.8748,Hill of Warse
334091.5469,972834.8476,Red Head
336999.929,971900.888,Green Hill
336542.4807,972555.8215,Mool Hill
339566.4765,970189.9529,Striding Man
339614.9745,970711.8226,Burnt Hill
339576.9204,971313.8121,Hill of Crogodale
334089.1694,972171.9496,West Canisbay
335693.8342,978058.4937,Nethertown
339166.9734,971074.0308,Biel of Duncansby
334982.2452,972632.8815,East Canisbay
333510.7066,972787.9273,Gills Bay
336176.8923,970524.1894,Giar Hill
337641.5862,973669.7954,Boars of Duncansby
332301.3848,977737.6864,North Sea
330501.3697,975021.4627,Pentland Firth
333121.3076,989432.0323,South Walls - Osmondhall
337982.1294,983805.1425,Twinly Kirk
332094.9538,988905.8234,Snelsetter
330775.3492,989592.7084,Pentland View
331492.9379,989793.1987,Stromabank
332992.2924,988905.9009,Misbister
334074.0766,989343.8108,Cantick
334505.6293,989386.7961,Cantick Head Lighthouse
331465.1374,988911.3753,Burn of Barkquoy
335097.5094,989961.0959,Cantick Sound
334131.7181,989950.8197,Kirk Hope
338263.2731,983543.0498,The Beach of Skolimar
338872.1954,984273.8548,Swona
334501.362,985448.2739,North Sea
335001.3805,984648.2185,Pentland Firth
333723.7601,990875.8957,South Walls - Hackness
330548.4777,994646.4968,Lyness
330557.1149,990585.5954,South Walls - Longhope
331760.1714,993719.6829,Rinnigill
331885.8657,992793.8067,Crockness
330590.8377,991488.152,Little Ayre
331487.3093,991056.3832,South Walls - Wyng
335288.2457,994625.1765,Flotta Oil Terminal
331117.5025,989928.8181,Burn Cottage
333094.6456,990181.3047,Newbigging
330868.8693,992606.0523,North Walls Community School
332924.8793,990868.5882,Kirbuster House
330161.2653,993837.9967,Ore Burn Cottage
330509.5884,993578.1038,Ore Farm
330830.8069,993752.7015,Orraquoy
331582.4527,993334.1249,Daystar
331083.4014,993822.6571,Mid Rinnigill
332204.8803,993508.4312,Towerhouse
336149.9043,992705.8389,Kellington
335372.4288,993118.5489,Newart Hill
335639.6035,992693.5204,Balaclava
337684.7487,994156.0025,Little Quoyness
330056.9458,995798.546,Greengears
330765.496,996244.3509,Rysa Lodge
330801.137,996846.7711,Muckle Rysa
332702.2563,996006.4703,Upper Quoy
332198.0055,996588.854,North House
332502.9932,999432.4864,Muckle House
334260.6177,992240.9021,Mill Burn
332409.9376,990000.747,Mill Burn
332343.3986,995493.6605,Back Burn
336071.0919,994830.8414,Curries Firth
330968.5057,993930.7248,Ore Bay
336911.9644,992529.8021,Kirk Bay
330602.322,995085.1575,Mill Bay
337349.3386,995007.3833,Pan Hope
331700.9113,995433.2128,Gutter Sound
333660.5005,991297.227,Point of Hackness
337869.0915,996585.8634,Calf of Flotta
332697.8065,990810.3533,Kirbuster
330425.9991,991484.5004,North Ness
330075.939,997312.1073,The Pinnacles
335054.5775,994084.9216,West Hill
330085.4908,998041.7646,Pegal Head
330225.9344,999267.1988,Green Head
332798.453,993340.3461,Weddel Sound
339088.3953,994607.3649,Sound of Hoxa
335981.128,991975.3944,Switha Sound
332491.2239,992945.8379,Longhope
336089.6294,990579.9832,Switha
331042.3701,997597.6942,Rysa Little
332828.0329,999476.5526,Cava
332285.7317,998987.249,Bring Deeps
335201.2073,999886.4361,Scapa Flow
333341.2532,993048.7615,North Sea
347262.2604,976605.0235,Little Skerry
340261.9343,973137.0477,Duncansby Head
340277.0042,972725.0987,Queenie Cliff
339877.9195,971953.2913,Stacks of Duncansby
346447.2707,978170.0795,Muckle Skerry
340600.406,974158.8765,Pentland Firth
345001.6474,974847.599,North Sea
343675.7599,989857.3083,Sandwick
345563.9951,983871.8935,Liddel
346008.3495,984440.9099,Cleat
343390.4275,989755.9127,Pentland View
343710.1619,984155.3871,Burwick
344248.0442,984493.0221,Glebe
344628.2781,984455.0458,Greystone
345123.7118,984217.8023,Gunnerhill
346066.8836,985067.4775,Easter Holland
346748.4114,984680.7358,Isbister
343161.7995,985655.2478,Lower Barswick
343889.618,985192.7249,Gossigair Cottage
344303.5924,985231.0942,Old School House
344351.6918,985687.5181,Tomison's Academy
343824.4737,986118.6456,Upper Barswick
344041.5063,986193.0454,Lythe
343673.9571,986655.4347,Greenvale
344069.1797,986768.4685,Heatherbell
344663.5655,987043.0641,The Hill House
343728.633,988493.7685,Clickhimin Serrigar
344769.595,988480.54,Lower Olad
343597.1174,988992.8981,Mucklehouse
345485.4028,985617.5968,South Flaws
346218.2663,985342.8808,Halcro
346368.5387,986280.3359,Quoyorally
345216.0078,986743.593,Hestly
346132.9249,986700.0648,South Windwick
346162.8072,989583.261,Newark Burn
344909.1764,989416.3236,Cools Burn
344245.6494,989646.9488,Sandwick Burn
344243.9842,984682.9287,Graemston Laik
344074.2518,988330.1265,Oback Burn
344229.3338,988784.6765,Olad Burn
343951.7315,989150.3058,Oback Burn
346192.4208,984046.6825,Burn of Liddell
345407.1506,987046.8055,Burn of Stane
345875.2728,983912.554,Burn of Liddel
345419.9789,983304.791,Liddel Loch
344053.7328,983930.6041,Bur Wick
346094.8054,987067.8855,Wind Wick
344400.9905,983192.1155,Brough
345170.7133,987608.0817,The Clett
346300.6383,986957.5449,Black Geo
341201.4609,989848.3964,Pentland Firth
345001.6154,980047.8382,North Sea
347542.9913,995750.1708,Burray Village
346173.1718,995488.4413,Westhill
345596.5298,991047.2309,Aikers
346213.0846,991698.3753,Eastside
347597.1385,993699.9914,Grimness
346463.7021,996912.7088,Hillside
348144.2755,997813.7603,Northtown
348824.6953,995952.6604,Southtown
344801.4123,993325.3664,St Margaret's Hope
342073.9834,993679.0215,Hoxa
343802.6603,991234.3688,Widewall
342252.7607,991551.0413,Herston
343027.86,992481.6271,Quindry
343372.683,993920.8773,Heatherbell
345112.9939,995821.4063,Redbanks
346563.6062,996221.6114,Bloomfield
345109.4258,996846.5798,Vestlybanks
349709.4643,995934.1279,Little Ness
347821.8771,997022.0825,The Orkney Fossil And Vintage Centre
348758.0601,997021.2698,The Bu Of Burray
348425.2831,997571.7565,North Links
348771.9462,996583.588,South Links
347608.9896,998472.4497,Churchill Barrier Number 3
344875.7634,990983.0813,Widewall Cottage
348520.0116,998546.8131,Northfield
347702.551,999596.3799,Churchill Barrier Number 2
342697.2327,989947.7557,Hallbreck
344814.0739,990020.7533,Isbister
341626.7807,990782.9813,Hall Of Herston
342310.7059,990246.5882,Harrabrough
344188.367,990632.9939,Nether Schusan
344633.1019,990534.0605,Roadside
344847.7324,991195.219,Eastdam
343899.3369,992508.0662,Ronaldsvoe
341163.9465,993146.4525,Rinibar
341326.4131,993571.3809,Neviholm
342910.7885,993008.9592,The Cottage
343461.1234,992983.5887,California Hillside
342681.9149,993945.5685,Howe
347636.7169,998209.6316,Warebanks
344034.4774,994396.7984,Gill
347316.5823,990811.3218,St Peter's Church
345135.0357,992258.8279,Quoyhorsetter
346202.0276,992583.2384,Quoys Of Berriedale
347457.774,992195.9263,Dyke-End
345988.9521,992845.6065,Little Claybraes
345538.2558,993483.7972,Binniewindows
345119.2402,994020.7407,Knockhall
346209.878,994170.9429,Berriedale Cottage
346604.401,994625.5173,Old Mill Of Cara
348131.6091,993595.4736,Gimps
348594.3987,993646.0256,Taftshurie
348898.6261,993209.9809,Honeysgoe
348002.7256,994985.1947,Churchill Causeway Number 4
348090.8706,994760.8615,Hall Of Cara
348102.9569,995136.7057,Churchill Barrier Number 4
344735.715,996508.9861,Littlequoy
342474.4907,991304.53,Ayre of Banks
348054.8441,992506.5896,Lime Banks
347691.4547,996031.8816,Burn of Sutherland
345287.1687,991598.5771,South Ronaldsay
347429.0219,996620.8265,Echna Loch
347037.9395,997258.2003,Echnaloch Bay
345071.0596,996997.1694,Hunda Sound
348139.2229,998925.8299,Weddell Sound
347106.8963,995500.2585,Hesta
341681.9961,992197.728,The Eager
342505.4714,994069.9634,Howe Taing
348266.5723,999507.8374,Glimpsholm Skerry
348926.5915,994461.5199,Rumley Point
348786.6869,994480.2411,Grutha Point
347701.0183,998598.8399,Weddell Point
349560.5339,996576.8122,Muckle Geo
343571.635,990615.9831,Dale Moss
343400.1715,991648.7622,Oyce of Quindry
344911.8293,994352.3689,Wester Sound
343954.2605,992752.8544,Ronaldsvoe
343779.7845,994076.5579,Lowertown
349003.9434,996755.1738,Bu Sand
342233.1933,992842.9466,Widewall Bay
343435.951,994591.6891,Water Sound
342056.0165,993870.8436,Uppertown
347226.5852,999018.1724,Glimps Holm
349338.8291,998310.4453,Holm Sound
343763.7542,996735.7346,Hunda
343587.2435,998722.4124,Scapa Flow
340701.4425,990648.4503,North Sea
351951.8888,999954.6452,Cornquoy
351917.522,999266.3286,Bay of Cornquoy
350186.2314,996320.4508,Burray Ness
350188.374,996480.4435,Flood Crag
352754.7012,999499.3729,Shears Craig
352103.5912,998905.1825,Rose Ness
350488.8984,997131.6517,Holm Sound
355001.6857,995048.4557,North Sea
