X,Y,NAME
189157.1055,197327.3535,Castlemartim Royal Armoured Corps Range
189749.896,197412.4878,Castlemartin Royal Armoured Corps Range
189544.3323,198840.1853,Gupton Farm
188973.9341,199626.0272,Starmans Hall
188560.5025,195654.9123,Castlemartin Royal Armoured Corps Range
189928.6735,195523.0124,Pen-y-holt Down
188859.6602,197995.7872,Frainslake Sands
189406.3454,197108.2418,Linney Burrows
188998.0189,199120.0385,Gupton Burrows
188715.7446,196117.0343,Linney Down
189502.1488,198225.69,Brownslade Burrows
184896.0962,195251.421,Celtic Sea
189647.9945,197638.6835,Frains Lake
189641.7888,195212.5513,Pen-y-holt Stack
196396.221,194577.8909,Bosherston
198505.7146,196311.1659,Stackpole
197025.7392,199578.046,Maiden Wells
191446.4797,198476.4929,Castlemartin
194731.5827,197577.427,St Twynnells
193920.2037,196988.9465,Merrion
197011.2688,197564.5666,St Petrox
198637.9535,197185.0511,Cheriton / Stackpole Elidor
195862.4812,198006.2403,Chapel Hill
192827.8532,197874.5755,Warren
190148.2985,197576.8489,Frainslake Cottage
190808.4604,197569.7681,Brownslade Farm
193163.3463,194786.7003,Castlemartin Royal Armoured Corps Range
196903.5308,194085.5953,Hillcrest
197534.8658,193840.4074,Trefalen
195459.5366,195457.6853,Carew Farm
196227.6382,195202.5287,Creature
197168.5901,195269.9824,Seagulls Nest
194333.6019,197419.0523,The Lookout Post
195470.8989,196699.5335,Lyserry
197268.0777,195558.3247,Stackpole Home Farm
197412.3205,196166.1309,Stackpole Garden Cottage
196843.6143,196344.9051,Sampson Bungalow
195444.5696,196870.0448,Lyserry Cottage
195956.3627,196899.9564,Valast Hill House
197431.7282,196957.0633,Hill Lodge
190355.5075,198285.0263,Castlemartin Royal Armoured Corps Range
192544.3192,198601.6578,King's Mill
190808.4047,195018.7632,Castlemartin Royal Armoured Corps Range
192915.9739,199275.8698,Corston
193365.1332,198813.8391,Crickmarren Cottage
193646.6573,199114.8592,Corston Bungalow
194668.8629,198299.1109,Orielton Mill
194334.6944,198850.0437,Crickmarren Farm
193764.6198,200001.1148,Ty-Newydd Farm
194037.294,199810.8552,Upper Castleton
194376.8141,199953.9586,Light A Pipe Farm
194465.3827,199681.2998,The Speculation Inn
196200.5737,198818.6458,Farmhouse Cottage
197007.6835,198028.3066,Yerbeston
197225.7294,198928.27,Iveston Cottage
195736.9423,199260.6653,Orielton Home Farm
196581.0215,199886.7818,Rose Lodge
198342.6511,194391.7321,Sandy Pit
199132.968,195865.296,Stackpole Quay Farm
197851.4712,197134.7819,Bangeston
200024.0062,197164.7313,West Trewent
198895.3308,198164.4861,Marledge Cottages
197859.6788,198876.0977,Furzton Cottages
197877.0287,199165.0567,Woodsend Cottage
199277.2556,198660.5684,Thrustle Mill Cottage
199292.2179,199436.7669,Kingston Cottage
192102.8819,199708.4833,Trebowen
191566.4653,196700.961,Castlemartin Royal Armoured Corps Range
196177.2221,192840.2398,Castlemartin Royal Armoured Corps Range
190257.7712,196124.813,Blockhouse
191524.8717,196088.0784,Winter Pits
199109.5151,199947.2029,Hill Farm
198511.6282,197000.7836,Cheriton Bottom
190690.1746,196463.2882,Castle Lady Valley
199354.5595,195037.2694,Barafundle Bay
193203.6765,194486.4405,Flimston Bay
197992.0264,193781.987,Broad Haven
194398.1172,197980.0164,Underhill Wood
198008.0838,195649.7094,Wall Clump
196247.3909,199530.0118,Limebridge Belt
198743.2701,195984.1436,Quay Wood
198640.8517,195220.1384,Shippingback Wood
195433.7349,195826.7836,Lyserry Covert
194893.8603,199376.5764,Pond Wood
194690.2917,198803.7694,Crickmarren Wood
198040.5619,196285.8588,Caroline Grove
196482.9373,199776.2139,Three Corner Plantation
192970.0853,199620.4807,Green Wood
197516.7623,198798.4792,Furzton Wood
191641.6524,195695.497,Mount Sion Covert
193774.4132,197545.5552,Merrion Covert
194845.5496,197659.5783,Woodland Rise
195481.059,199421.6913,Cockshot Wood
195581.3028,198947.3799,Orielton Wood
198591.2709,199339.2208,Kingston Hill
192558.6195,194449.1332,Stack Rocks
197424.9344,196606.3972,Belvidere Hill
198662.0818,194361.6284,Raming Hole
197817.616,195266.118,Birch Hill
198816.5658,194338.822,Gun Cliff
197622.9532,194938.0356,Deal Hill
196080.8061,199907.2088,Highgate Mountain
198390.1525,193678.5389,Church Rock
192707.9778,194495.0655,Elegug Stack
197591.8766,192729.3196,Long Matthew Point
194313.7372,193770.7608,Mewsford Point
198574.5202,194839.0317,Stackpole Warren
197271.8338,194411.1242,North Hill
198225.6513,193965.9856,Saddle Point
199545.4707,194106.9219,Stackpole Head
191954.8342,194813.4305,Flimston Down
196133.5316,192975.25,Newton Down
197115.3685,192956.0956,Trevallen Downs
193855.8852,194519.2915,Longstone Down
194742.5154,193960.1269,Crickmail Down
199862.7311,197926.8043,The Downs
195835.3168,193463.8872,Buckspool Down
190704.583,195156.589,Bulliber Down
191227.6833,194954.8892,Mount Sion Down
198465.4223,195658.8993,Stackpole Park
190260.5125,199382.5633,Castlemartin Corse
191031.506,195994.9585,Blockhouse
193915.4652,192251.6116,Celtic Sea
