X,Y,NAME
8648.8242,899858.5053,Gleann M<f>&#x00f2;</f>r
9707.429277,899495.4251,Abhainn Mh<f>&#x00f2;</f>r
9413.592003,899513.3412,Tigh an Triar
8674.27155,898454.839,Rubha Mhuirich
9127.555112,898145.4577,An Torc
9992.011788,897935.9952,Giasgeir
9691.302634,897688.8312,Sgeir Mh<f>&#x00f2;</f>r
7552.521245,899539.4119,Overhang
10513.72939,899128.9593,St Kilda
10632.7425,899307.437,St Hilda / Hirta
10658.8555,897279.7053,Overhang
13403.77042,896609.2846,Leibhinis
10431.94863,897064.2697,Sgeir C<f>&#x00f9;</f>l an Rubha
10042.35598,897496.647,A' Chlaisir
11225.27128,899298.4216,Sgeir nan Sgarbh
10788.29578,899764.5912,Am Broig
10991.03502,896992.0332,Gob na Muce
11029.42093,897166.219,Gob an D<f>&#x00f9;</f>in
10566.32546,898743.2338,Rubha Challa / Point of Coll
10493.90155,899518.9336,An Lag Bho'n Tuath
11367.51849,899106.5373,Rubha an Uisge
13524.49379,896698.8047,Na Bodhan
10910.06396,899091.4196,Cnoc na Gaoithe
59122.32892,862596.6274,Monach Lighthouse
59369.9288,862864.3129,Siolaigh
59595.53463,880634.8779,Hasgeir Eagach
59797.18484,880795.9268,Heisgeir Eagach
65646.60813,801186.2371,Borgh
67274.27233,803289.5906,Cuidhir
65986.64521,802899.3255,Allathasdal
66976.67055,804548.6696,Cliaid
66374.62313,803948.0654,Grithean
69258.51522,805563.4094,Suidheachan
65502.06976,804803.9108,Ard Grean
67745.97159,801013.3405,Duarry Burn
66480.76179,800654.7353,Allt Ruadh
65609.14388,801692.5969,Abhainn M<f>&#x00f2;</f>r
65854.93008,803970.7846,Abhainn Cuidhir
69960.14151,800476.6121,Allt Heacair
66727.60855,802916.5567,Abhainn Mhuileann D<f>&#x00f2;</f>mhnaill
69622.8394,803592.277,Abhainn Ghluig
65552.53158,800151.4305,Struth C<f>&#x00f9;</f>il na Muic
69812.35361,803234.1343,Abhainn nam Bhreac
69241.40282,800345.8147,Allt a' Charbhanaich
66904.95517,801235.2515,Allt Gunnairigh
68646.83914,803891.6382,Allt Loch an D<f>&#x00f9;</f>in
68002.20527,802746.0523,Barra
69287.48306,803188.4373,Loch an D<f>&#x00f9;</f>in
65304.47742,801695.8054,Sligeanach
65793.34526,802491.6472,Gara Cruaidh
65326.83294,800757.6407,Bac
69317.88713,807943.147,Eilean Dallaig
64463.93517,804822.2496,Ceann <f>&#x00c0;</f>ird Ghr<f>&#x00e8;</f>in
63519.74957,800568.9519,<f>&#x00c0;</f>ird na Greagaig
64614.8036,804965.6335,Eilean nan Eun M<f>&#x00f2;</f>ra
65052.43387,803661.0176,Sgeir Liath
64655.17493,800748.6036,Ceann nan Leac
64536.17852,804621.8294,Eilean nan Eun Beaga
65653.87741,803061.6264,Sand Hole
65264.7913,804895.5673,<f>&#x00c0;</f>ird Ghr<f>&#x00e8;</f>in
63534.17302,861012.6051,Bharraich Leac a'
62864.3713,862156.1713,Sibhinis
70147.10843,868797.0601,Rubha Port Scolpaig
64509.43214,866575.8873,Deasgeir
63040.06076,860345.9657,Sgrot M<f>&#x00f2;</f>r
66018.32216,863093.9594,Stocaidh
65600.69971,866843.6986,Sound Of Monach
64715.27095,862863.013,Coilleag Mh<f>&#x00f2;</f>r nan Damh
69329.61991,871431.3519,Eilean Trostain
66008.71222,870652.1701,Causamul
69082.1957,870767.1174,Cladach nam Misgeirean
68900.47826,870049.4924,Eilean an Rubha
68924.1043,870583.9559,<f>&#x00c0;</f>ird An R<f>&#x00f9;</f>nair
69389.073,870577.2776,Aird An R<f>&#x00f9;</f>nair
69509.05643,871050.4692,Aird an Runair
61306.5253,881880.295,Haskeir Island
71807.44168,802357.9541,Bruairnis
70632.83075,803284.338,Aird Mhidhinis
71109.9663,802920.7041,Thiarabhagh
70063.82262,807832.4808,E<f>&#x00f2;</f>laigearraidh
70750.36911,799879.8306,Earsairidh / Earsary
71621.11335,801503.5005,Buaile nam Bodach
70594.50775,804473.393,Aird Mh<f>&#x00f2;</f>r
71261.85142,802440.9208,Bogach
70270.29714,802072.8482,Obe River
70202.41208,801819.8427,Loch Nic Ruaidhe
71079.39896,803798.0885,B<f>&#x00e0;</f>gh Hulabhagh
71190.98844,803156.8546,B<f>&#x00e0;</f>gh Thiarabhagh
70286.30828,809936.9957,An Caolas Fiarach
71997.80702,807959.8757,An Caolas Fuideach
72609.82044,802526.368,B<f>&#x00e0;</f>gh a Tuath
72350.99632,805589.4123,An Oitir Mh<f>&#x00f2;</f>r
74697.12931,805135.2075,Oitir Mh<f>&#x00f2;</f>r
70862.08373,804938.7477,Tr<f>&#x00e0;</f>igh Mh<f>&#x00f2;</f>r
71119.08951,806696.2009,Tr<f>&#x00e0;</f>igh Cille-Bharra
74348.18085,802810.0558,Colla
71502.3216,804260.3912,<f>&#x00c0;</f>ird Gheiltinis
71821.34559,808843.8009,Eilean Mh<f>&#x00ec;</f>athlais
71634.12733,808612.4495,Eilean Mhiathlais
73405.38966,807390.9845,Rubha nan Eun
74593.3335,808476.3569,Rubha Carraig Chrom
73396.38236,802704.4529,Rubha an Aiseig
69869.83735,804584.2523,Clach Mh<f>&#x00f2;</f>r nan Gleannan
74412.32804,804148.931,Rubha an t-Seanna Bhalla
75419.81004,804787.5226,Eilean a' Ghamhna
75375.63489,801993.8089,Flodaigh
78613.16997,807645.1581,Eileanan Dubha
70759.28974,800871.0252,Rubha Lios
72845.16309,803357.6634,Lamalum
73027.05226,803675.5767,Lingeigh Fhada
78650.20328,807344.0181,Eilean Leathan
73699.12778,800659.1401,H<f>&#x00e8;</f>alam
72700.85782,802783.7441,Eileanan Dubha
73548.33337,802975.2958,Sgeiriaslum
74062.48932,803337.6711,Garbh-Lingeigh
73508.39741,805502.6798,Grianamul
79123.00045,807861.1283,Eilean a' Ghe<f>&#x00f2;</f>idh
73209.54255,803238.6818,Sgeirislum
70216.76224,808782.0035,Tr<f>&#x00e0;</f>igh Sgurabhal
74173.44493,802306.5856,Fuidheigh
76671.51031,809276.5896,Sound of Barra
75868.59694,804809.6602,Gioghaigh
74921.58002,804176.1346,Healasaigh
76900.65961,803046.2446,Sea of the Hebrides
77299.42593,817884.3935,Taobh a' Deas Baghasdail / South Lochboisdale
77867.64056,813862.4397,Taobh a' Chaolais / East Kilbride
73911.47793,819721.149,Cille Pheadair
74542.03452,816998.5662,Leth Meadhanach
74156.67441,816434.6456,Ge<f>&#x00e0;</f>rraidh ma M<f>&#x00f2;</f>nadh
75177.10484,814123.6266,Cille Bhr<f>&#x00ec;</f>ghde / West Kilbridge
78535.16777,811921.5074,Rubha Ban
78608.82878,815070.8354,Gleann Dail bho Dheas / South Glen Dale
74374.66178,818007.1401,Baghasdail
74984.57436,814857.6053,Smeircleit
80032.49552,812108.4667,Bun a'Mhuillinn
78911.19932,811945.9886,Haunn
79191.89337,810384.0106,P<f>&#x00e0;</f>irceanan
79066.73773,810107.8303,Acairseid
79007.23896,810607.686,Coilleag
79628.01741,817632.6977,Gleann dail bho Tuath / North Glendale
78342.6957,811645.6082,Am Baile
75810.27229,815932.1212,Burnside
78857.0767,815358.8239,Abhainn a' Ghlinne
76134.37217,815306.6955,Slugach
79180.52819,814984.4151,South Glendale
79282.04492,815079.3864,South Glen Dale
74017.10453,815460.2004,Sruthan a' Bh<f>&#x00e0;</f>ird
76177.48903,815699.9004,Abhainn Gheala-Ghearraidh
76667.47466,818447.0683,Abhainn Sg<f>&#x00f9;</f>rr nan Truidean
76332.08772,816913.3175,Allt na Cridhe
75056.58067,816321.8986,Allt a' Mhuilinn
79870.41171,811971.4679,Abhainn Dubh
79894.13611,810597.2302,Allt Stulabhaig
75986.73422,815470.3298,Abhainn Dubh-Ghearraidh
73983.29825,816714.9042,Abhainn Mh<f>&#x00f2;</f>r
77521.31928,817144.5992,Abhainn Poll Creadha
76265.0481,817244.5347,South Uist
74725.13628,818832.3855,Loch D<f>&#x00f9;</f>n na Cille
76686.93279,814310.0851,Loch a' Choire
75741.98983,815184.4421,Loch Aiseabhat
74785.68342,816858.9322,Loch an Eilean
76230.77806,814160.6288,Loch a' Bhruga
78936.78205,812136.0224,Haun
78506.32982,810594.7063,Coilleag a' Phrionnsa
78716.30313,819436.3506,Meall-dubh
79241.23056,818948.2079,Rubha Bhuailt
78458.70347,810457.3001,Eilean na Coilleag
79423.82431,819067.1462,Eilean Dubh
77710.66277,818921.3662,Eilean Nan Imireachean
79426.45394,819492.6291,Rubha nan Eireannach
79523.92735,812582.7876,Sgeir a' Bhanca
79375.12671,812481.2846,A' Chreag Liath
79176.66063,818151.176,Sgeir nam Boc
78424.90856,819802.6003,Leathad Glas
73142.6915,817087.1815,Sgeir na Cille
75787.65165,811792.3046,Lingeigh
77915.97539,812883.2938,Na Brugannan
78608.30651,818927.1851,Eilean nam Feannag
78238.39081,813028.2548,An Easgann
78787.15752,813144.7212,Sgeir an Fh<f>&#x00e8;</f>idh
73761.71027,815026.2665,Ceann a' Gh<f>&#x00e0;</f>raidh
73215.51888,814957.508,Ceann a' Gharaidh
79326.73371,818061.9201,Tigh a' Rubha
79537.20787,819749.1492,Glas-eilean
77992.28394,812527.4181,Sgeir nam B<f>&#x00e0;</f>irneach
78875.36534,818067.258,Sgeir Ch<f>&#x00e0;</f>ise
77908.65782,819663.1573,Pabaigh
74022.89911,818789.8703,Bhagasdail
70213.40281,810430.9464,Fiaraigh
78492.02173,818595.0047,Eileanan Iasgaich
76006.1102,812013.9769,Sound of Barra
79501.48814,811124.2992,Eirisgeigh / Eriskay
74503.76173,829712.6334,Bornais
74711.83757,826338.2639,Gearraidh Bhailteas
73197.60834,827701.3397,Cill Donnain
78947.73613,819894.7699,Loch Baghasdail / Lochboisdale
76378.01862,829389.5728,Taobh a Tuath Loch Aineort
77410.93431,827700.8218,Taobh a Deas Loch Aineort
75166.24033,821360.5906,Dalabrog
73784.9676,823839.2776,Aisgernis
73678.52078,825545.9254,Frobost
77255.05396,820233.6138,Ceann a Tuath / Loch Baghasdail
75292.62767,819917.9289,Crois D<f>&#x00f9;</f>ghaill
73368.47178,821859.1762,Cladh Hallan
78413.57915,821936.0886,Abhainn Amais
79161.89745,823574.4356,Abhainn an Sgadain
73059.27767,827373.3684,Roe Glas
76965.23388,822490.6252,Abhainn a' Bharp
79968.03883,829474.8007,Allt Bholagair
75291.67907,827915.557,Abhainn Charataig
75815.05814,828363.1509,Cam-Abhainn
77477.96619,825003.4563,Abhainn Hornaraidh
79862.71099,821589.4487,Abhainn nam Felein
78187.77661,823354.9085,River Labisdale
74106.37217,823085.3261,Abhainn Ealtry
74699.48446,827945.8234,Kildonan Glen
78637.33718,820240.5902,North Lochboisdale
79313.82502,821333.0801,Abhainn nam F<f>&#x00e8;</f>lein
77999.66726,829827.5173,Allt a' Bealaich
77096.21261,827211.4056,River Unasaraidh
79161.09975,822219.0822,Abhainn Buail' an Tairbh
76187.75007,824969.8973,South Uist
77946.39766,820808.376,Loch a' Bharp
73279.41983,825923.0788,Loch Eilean an Staoir
73320.04703,824809.8633,Loch na Liana M<f>&#x00f2;</f>ire
79704.18504,822298.346,Loch Coragrimsaig
75535.92276,822558.789,Loch Cr<f>&#x00f2;</f>cabhat
75379.43014,820722.8524,Loch nam Faoileann
73211.88306,826746.9724,Loch Aird an Sgairbh
75269.01654,826321.4151,Loch an <f>&#x00c0;</f>th Ruaidh
73805.14674,828073.8653,Upper Loch Kildonan
73879.04398,821858.6277,Loch Hallan
73202.05768,829136.0268,Loch Bhornais
77992.20443,819998.0374,B<f>&#x00e0;</f>gh Mhic Gille Chothain
75858.92599,821900.7585,Loch na Capall
78772.95653,824087.6197,Loch Hurabhat
79673.36568,822671.9592,Loch Stulabhal
73800.68405,827424.2104,Loch Chill Donnain
75143.79106,820384.5265,An L<f>&#x00ec;</f>ge M<f>&#x00f2;</f>r
76224.06676,821174.9625,Loch na h-Airigh Duibhe
74437.46744,821400.3525,Dalabrog an Iar
78206.88752,820686.1807,Rubha Dubh
79792.56413,828211.5628,Riosgaigh
78767.73413,827926.4862,Loch Aineort
78223.49407,823738.0551,Beinn Hurabhat
76090.98868,835298.4576,Tobha Beag
75050.74579,835572.7466,Sniseabhal
74429.56879,835484.4889,Peighinn nan Aoireann
74083.62874,832124.2466,Ormacleit
74313.029,833558.7259,Staoinebrig
76841.99797,839618.7878,Groigearraidh
76845.20211,838719.1366,Stadhlaigearraidh
75733.75209,837282.4239,Dreumasdal
76553.35383,836057.3007,Tobha M<f>&#x00f2;</f>r
76971.31552,834106.3958,Westmore
75434.84796,835936.7739,Howmore River
79923.40889,833978.3831,Glendorchay River
79085.75016,836297.5149,Sruthan a' Ghara-dhroma
78241.47655,835199.748,Abhainn R<f>&#x00f2;</f>g
76463.73307,834236.7467,Abhainn Gheatry
77968.01728,836326.09,Glac Hucrabhat
77912.45486,839677.2226,Glac Rueval
76336.53864,837443.169,Drimsdale
79845.76549,834304.3263,Glen Dorchay
77042.36292,835930.4914,Sruthan Port-ruadh
78268.20043,835603.6227,Sruthan Haarsal
77664.10356,830647.2799,Abhainn Ollay
75869.40766,833260.2091,Abhainn Torra
78642.60952,832518.528,Abhainn a' Choire Dhuibh
77724.79573,834620.6697,Allt Mhollach
76854.42625,833823.6279,Abhainn Gheatraidh
78252.00763,834958.8323,Sruthan Lochain Duibh
79369.39008,834843.5294,Abhainn Loch a' Cheanndubhain
73264.10266,831639.3774,South Uist
76082.96823,839119.6643,Loch Groigearraidh
77048.30337,835795.2306,Port-ruadh
76885.67503,830198.5305,Loch Ceann a' Bhaigh
74028.84157,832687.0903,West Loch Ollay
73785.4845,830674.9518,Loch Toronais
74914.58799,830157.3625,Loch an Iasgair
78734.05279,830808.1567,Loch Iarras
75777.83067,835184.005,Loch R<f>&#x00f2;</f>g
76367.75564,837137.574,Drochaid na B<f>&#x00e0;</f>cha
76765.65211,835743.6653,Loch a' Phuirt-ruaidh
76457.7091,839883.4356,Loch nam Balgan
79153.48825,835319.8619,Loch <f>&#x00c0;</f>irigh Amhlaidh
76110.00327,837031.6744,Loch an Eilein
75319.09557,831445.6134,Loch Olaidh Meadhanach
75540.50274,831492.0792,Loch Olaidh an Ear
74740.87641,834022.3445,Loch Altabrug
76205.5882,839334.5269,Loch Filigarry
73858.48458,832194.1794,Ormiclate
79950.99019,840003.2994,Glaic Beinn an Tairbeirt
76491.50311,835426.3149,Cnoc Buidhe
79344.38144,837036.1202,Rubha Uilleim
71143.31837,830024.5827,Rubha <f>&#x00c0;</f>ird a' Mhuile
74436.39389,830737.0561,Loch a' Mhuilinn
75840.45367,830069.1491,Loch a' Chlachain
77507.93015,837992.1982,Loch Druidibeag
79130.52317,837544.0768,Loch Hamascleit
79299.08418,837652.8285,Loch Hamasclett
77345.56586,832308.9172,Lochan Dubh
78634.76589,836945.3511,Loch Druidibeag National Nature Reserve
75380.55588,845851.4366,Iochdar
79631.2371,846203.015,<f>&#x00c0;</f>ird Mh<f>&#x00f2;</f>r
77168.8393,841935.2488,Geirinis
77887.06127,840549.9552,Range Control
78491.61295,845199.3959,Rudha Dubh
77454.00385,845437.7835,The Anchorage
76744.28966,840199.7969,Drimore
76163.18089,842984.5216,Sruthan B<f>&#x00e0;</f>n
75862.82624,844334.0224,South Uist
79229.17579,846374.4877,Loch Doig
79899.96261,845451.5608,Loch Mhic Dhonuill
79776.91288,845929.7766,Loch an Daill
79109.31717,843712.8495,Loch Dubh an I<f>&#x00f2;</f>naire
76834.87302,841300.8521,Loch Cille Bh<f>&#x00e0;</f>nain
75239.22843,846662.7447,North Bay
79192.09271,845481.6305,Loch an <f>&#x00d2;</f>s
79444.34359,844671.8153,Loch na h-Aibhne Duibhe
74053.77725,846487.1312,Rubha <f>&#x00c0;</f>ird na Machrach
79612.13114,847969.8331,Eilean Nighean nan Oran
79293.17279,848458.1775,Heisteamuil
77504.2114,845923.2485,Aird na Monadh
79827.93597,846706.005,Carnan
78310.37051,846090.4477,Buaile Dhubh
76356.78709,846867.9669,Baile Gharbhaidh
77119.68837,843891.5055,Loch Bi
77969.04715,840003.0948,Rueval
77406.00223,847735.7649,Gualan
78849.89599,849861.6173,Lionacleit / Liniclate
76214.58967,854742.5261,Aird
79162.63227,851669.558,Griminis
77787.80036,849851.4774,Lionacleit / Liniclate
77330.00819,850208.3154,Torlum
79748.95505,855915.7376,Uachdar
78939.56878,854790.1435,D<f>&#x00f9;</f>n Gainmhich
78753.82125,854127.789,Sliabh na h-Airde
76480.76225,853828.3743,Baile nan Cailleach
76124.56497,852852.499,Garry A' Siar
78537.16275,855609.8973,Benbecula Airport
78759.97143,856378.0249,Benbecula Aerodrome
79059.81861,853677.6172,Fasgadh
76585.66826,852165.7622,Peinavalla
75715.39747,852591.5082,Bayview
79187.76633,854080.1882,Strathangus Lodge
75000.54041,858208.1626,Sound Of Monach
79635.89631,854882.9476,Loch Dun Mhurchaidh
77346.90609,853966.7942,Loch Bail'-fhionnlaidh
76910.67989,852292.7433,Loch M<f>&#x00f2;</f>r
76243.33234,853052.6613,Loch Torcusay
78913.96778,853415.8973,Loch Eilean Iain
75911.3917,853981.3441,Culla
75874.30493,854419.8156,Quirnish
77002.75184,853644.5344,Bailfinlay
78962.62432,856845.349,An Tom
79060.96883,854946.8558,Dun Gainmhich / Dunganachy
79006.90233,850473.0101,Lochan Leacach
77825.51879,851507.609,Loch Fada
78858.63269,857614.7106,Beul an Toim
78883.93964,854383.4372,Muir of Aird
77529.18466,855167.7775,Baile a' Mhanaich
76771.55435,866820.5909,Cladach a Chaolais
73056.02919,868346.184,Paibeil
78997.58668,861698.3978,Baile Sear / Baleshare
78124.19286,865417.2586,Cladach Chirceboist
80089.93705,862055.1612,Samhla
79555.01099,864419.9782,Cladach Iolaraigh
75895.77801,867679.6672,Cladach Chnoc a Lin
80064.72929,863578.8011,Taigh Mo Sheanair
76098.10587,867627.7563,Horisary River
79829.60378,868967.6648,Sruthan Garbh Marrival
78370.61506,869596.3548,Abhainn a' Charra
74745.64152,869324.8253,Abhainn Bhaghasaraidh
74488.85707,867252.3528,Abhainn Mh<f>&#x00f2;</f>r
78373.70536,867978.6724,Allt Ruadh
73700.51786,866520.6793,North Uist
73888.53177,869754.2726,Loch Bhiorain
79023.28612,861993.2137,Loch M<f>&#x00f2;</f>r
77168.72656,869667.8791,Loch MhicGhillebhride
74941.24032,869958.2527,Loch Bhaghasaraidh
76633.41003,867331.1448,Loch Ardheisker
77812.15132,866704.0234,Loch nan Athan
79257.36772,866031.0548,Loch an Toim
72097.53578,868890.7674,Loch Paible
71808.10131,868303.3474,Dig-Mh<f>&#x00f2;</f>r
78905.43601,862792.6771,Bagh Leachdach
77270.15093,866917.0341,Loch Dubhasairidh
76721.08348,867878.9651,Loch Trosabhat
77498.99753,868104.3446,Loch Bruist
75775.6098,868981.0024,Loch Mhic a' R<f>&#x00f2;</f>in
77498.60418,868593.6014,Loch H<f>&#x00f2;</f>rasaraidh
77903.19667,868893.5321,Loch a' Charra
79116.12334,868341.0938,Loch Dubh
79501.76723,868742.3525,Loch Feirma
72916.62548,866074.5384,Lagan Arnal
75885.98252,867027.1116,Oitir Mh<f>&#x00f2;</f>r
70649.42855,868632.139,Port Scolpaig
78242.60996,863695.1878,Tr<f>&#x00e0;</f>igh Leathann
78182.91107,864104.1201,Bhorogaigh
77921.65522,864166.2824,Illeray Vorogay
77320.8382,862533.3659,Mol Greannach
75102.75228,865743.9719,Kirkibost Island
76660.55621,868085.3032,Rubha Breac
79909.23405,862926.6178,Oitir an t-Samhla
76802.07109,867709.8134,Sgeir Eilibein
74547.65653,869771.4156,Loch na Creige Glaise
72866.51937,868103.7214,Paiblesgarry
73882.27902,867833.6971,Balemore
73737.04166,868695.9959,Knockintorran
74771.41971,867557.2777,Knockline
79846.08846,863806.974,Illeray
75000.50678,863844.6175,Sound Of Monach
70957.38014,872056.2828,Tigh a' Ghearraidh
79445.18393,873489.7257,Malacleit
75100.34338,875830.825,Gr<f>&#x00ec;</f>minis
78372.86375,873205.1849,Botarubha
72648.08932,873255.4017,Baile Mh<f>&#x00e0;</f>rtainn
72450.76065,872518.0989,Hosta
70586.81106,870867.5295,Hogha Gearraidh
72484.377,869963.2596,Baile Raghnill / Balranald
72467.2201,874254.6286,Cille Pheadair
74697.5898,876205.5743,Griminish
77319.30032,875955.2829,Taigh Bh<f>&#x00e0;</f>laigh
79332.18044,873155.277,Gwel Y Don
79032.81259,873280.9456,Garryian
72922.74276,873967.0875,Baile L<f>&#x00f2;</f>in
72779.34899,874674.0608,An Ataireachd Ard
72757.37093,875280.1706,Scolpaig
79845.39183,872465.426,Abhainn Uisdein
77965.62078,872726.2567,Abhainn Rosgaidh
78989.06959,872071.437,Abhainn Ceann a Bh<f>&#x00e0;</f>igh
74278.17317,873827.1312,Abhainn Eig
75968.8807,871941.2215,Abhainn Drolla
73993.88404,872679.8825,Abhainn Ealay
71964.74352,872971.826,Abhainn an Riadhain
79766.54566,872030.3907,Cam-allt
77397.0162,870206.0601,Sruthan na Heasha
74900.44365,873037.8083,North Uist
74747.41946,875969.516,Loch an Eilean
71809.50973,870604.5884,Loch Sgaraigh
76531.44692,874330.8796,Loch na Gearrachun
74810.06173,875319.4297,Loch Olabhat
72985.51955,875002.4867,Loch Scolpaig
72698.94017,872667.3964,Loch Hosta
75819.78398,870044.4157,Loch Steaphain
76792.42866,873755.2514,Loch nan Clachan
73081.93847,871356.0917,Loch Grunabhat
71624.79688,871131.8865,Loch Grogary
79147.62493,874523.2105,Vallay Strand
70161.60273,871088.653,Tr<f>&#x00e0;</f>igh nam Faoghailean
72440.56938,871594.8242,Loch Eubhal
76288.02009,876174.5698,Vallay Sound
76048.85637,870541.065,Loch na B<f>&#x00e8;</f>iste
76544.64533,875409.603,Geiriscleit
76696.60556,871024.541,Toroghas
71941.17087,873208.2831,Railkinis
73174.45753,871615.5132,Gearraidh Thigh' ghearraidh
71522.67229,872960.2174,Tr<f>&#x00e0;</f>igh-Stir
76656.42208,874674.3619,<f>&#x00c0;</f>irigh Mhic Ruairidh
72502.86358,874635.9074,Bharlais
72880.81688,871246.1427,Scor
76140.26917,875936.4858,Morornish
78319.92564,876039.1978,Tr<f>&#x00e0;</f>igh Bh<f>&#x00e0;</f>laigh
72334.58079,875573.5546,Rubha nan Caorach
72525.7431,876008.9873,Creag Bhlarain
72325.12473,876452.7867,Rubha Ghriminis
72987.27896,876838.9694,Eilean nan Gillean
75409.81165,876473.2055,Eilean nam Lus
77676.53735,873721.196,Cladach Bh<f>&#x00e0;</f>laigh
79461.64513,875783.4197,Traigh Iar
71975.75332,872160.4148,Knock Eaval
76675.87807,871550.6626,Br<f>&#x00e0;</f>igh Buidhe
70075.45153,870237.4354,Goular
70270.29977,871468.6512,Tr<f>&#x00e0;</f>igh Bh<f>&#x00e0;</f>n
71588.73191,873300.5617,Sgeir a' Chomara
71875.99338,873936.6132,Cladach M<f>&#x00f2;</f>r
72650.9982,875670.2999,Eilean Baile Bharcais
73653.03267,876969.6326,Sgeir Oireabhal
75305.97524,876911.1928,Sgeir Dubh Mor
75494.37378,876662.2763,Mile Bruit
73206.77473,872048.3692,Gearraidh Hosta
73522.51721,872924.0532,Gearraidh Bhaile-locha
73613.1803,871035.3411,Gearraidh Thougearraidh
79723.94164,874309.1025,Malaclete
85000.49634,805046.1802,Sea of the Hebrides
82089.13496,816219.3156,Broken Bridge
82586.90712,815056.1623,Glac an Daimh
81672.50377,819966.281,Allt an Easain
80020.67999,819556.832,Uisge Scoag
80675.80041,815635.8825,Abhainn Glac nan Cruachan
82036.33786,816474.2597,Abhainn Marulaig
80200.53257,814646.2645,Garbh-Abhainn
81142.38065,819320.3738,Allt a' Bhirlinn
80244.01258,813692.0179,Caolas Eirisgeigh
81698.71442,813162.5538,Rubha Dubh
81350.21051,813625.0375,Rubha M<f>&#x00f2;</f>r
82961.46896,815274.2143,Eilean Dubh
81115.88807,817103.8796,Beinn Bheag
83944.6929,815092.1426,Maol na h-Ordaig
81305.11016,818959.4063,A' Mhaol Bhuidhe
83739.8992,815434.5952,Oitir na Cudaig
81752.70853,818984.9397,Creag Spuir
82237.85322,819612.4753,Creag nan Gamhna
80115.19139,818794.6908,Gasaigh
81897.22003,817981.0677,Calbhaigh
80885.44442,812770.9752,Calbhaigh
84496.51089,814799.1039,Rubha na h-Ordaig
80601.44302,819689.4917,Beinn Ruigh Choinnich
80815.08872,814944.4558,Cruachan
86300.44827,816246.0508,Sea of the Hebrides
83219.70097,814714.9417,Loch M<f>&#x00f2;</f>raibh
81248.19194,816367.9592,Loch Marulaig
82383.11908,829222.8572,Abhainn Cormascot
82294.31113,828333.1859,Abhainn Bolum
81922.00149,823336.2104,Stulaigh River
82656.17959,821236.8793,Allt a' Bhr<f>&#x00e0;</f>igh-lochain
81796.3153,824802.2963,Allt Bun an Amair
82217.1879,821890.5993,Allt Chroshaval
81819.4612,823857.6943,Abhainn na Cairidh M<f>&#x00f2;</f>ire
80385.63239,821422.74,Allt a' Bhr<f>&#x00e0;</f>igh Mh<f>&#x00f2;</f>ir
82775.97562,829990.467,Abhainn Liadale
80480.14297,825031.2252,Loch Snigiscleit
81329.51695,820162.5619,Uamh <f>&#x00c0;</f>rd
79913.47008,827557.2362,Rubha nan Sruthan
80326.83799,828221.6867,Rubha <f>&#x00c0;</f>irigh an Sgadain
80166.08545,828702.0896,Eilean Dubh
80143.29128,828442.8603,Eilean an Easbuig
82440.80078,829423.7833,Maoladh nan Speireag
83034.2647,823057.6098,Stulaigh
81354.9607,820474.3671,Creag na h-Inghinne
80824.239,823723.6802,A' Ch<f>&#x00ec;</f>r Ghorm
81423.19679,829473.463,Beinn nan Caorach
81567.74116,828552.5413,Beinn na Tobha
85500.44098,825245.9401,Sea of the Hebrides
81901.33557,838842.1398,Loch Sgioport
80695.93075,834542.979,Abhainn Ruadh
83436.16921,837386.509,Abhainn an Leigidh
80801.17936,836476.431,Sruthan na h-<f>&#x00c0;</f>irigh-Riabhaich
80162.5969,839692.1489,Tarbert Burn
85069.45999,835696.0371,Alltan Chaluim
80272.00002,835241.1219,Abhainn <f>&#x00c0;</f>irigh Amhlaidh
84024.43978,832549.6522,Abhainn Lamasay
85008.29266,835130.1636,Abhainn a' Mhoil a Tuath
83726.66293,833619.9498,Allt na Criche
85011.39853,834802.6906,Abhainn Usinish
82287.25267,831169.5939,Abhainn Hellisdale
83785.53654,833174.6917,Abhainn Aon-uillt
81209.92068,837001.5653,Allt Mille nan Con
82710.40278,830059.3675,Gleann Liadail
86378.82944,835016.1473,Gleann Mile-feala
82811.27368,831920.6875,Gleann Choradail
85003.68939,834148.0766,Allt Scalavat
80732.20157,838656.6298,Abhainn Hamasclett
82934.8714,831927.7812,Abhainn Corodale
81929.46112,838014.1553,Abhainn nam Breac M<f>&#x00f2;</f>ra
85341.45904,836030.3021,Allt na Beiste
85127.78954,836605.3674,Allt Rossel
82627.04447,837920.1364,Sruthan Loch an Eilein
82500.47456,834547.7015,South Uist
83256.17792,836505.0526,Loch Spotail
84376.82809,837166.4241,Loch B<f>&#x00e8;</f>in
81782.94826,838354.3074,Loch Teanga
85687.91969,836899.4132,Acarsaid Falaich
83303.59244,833065.5945,Loch Coradail
84073.86464,838976.793,Loch Sgiopoirt
82829.28546,838201.9408,Lochskipport
84616.34502,838157.4849,Siolaigh Beag
85580.81502,839870.3596,Cnoc Dubh Luirsay
84463.25659,838306.9549,Siolaigh M<f>&#x00f2;</f>r
80196.40703,837950.1972,Rubha Hamascleit
85585.13623,838489.4142,Eilean Ornais
83035.41755,838986.9656,Aird Horragay
84646.99254,832093.7303,Rubha Lamasaigh
85261.46657,839358.4538,Rubha fo Dheas
80846.14946,830994.5053,Beinn Mh<f>&#x00f2;</f>r
82015.3699,832783.5378,Beinn Choradail
82975.30396,834825.6567,Beinn na Laire
83973.5579,839525.9625,East Gerinish
87897.08429,836378.128,The Little Minch
87897.0801,837640.0766,The Minch
87726.6457,832409.0689,Sea of the Hebrides
80525.68079,843876.3978,Loch a' Charnain
84679.18398,847674.4327,<f>&#x00c0;</f>ird Cumhang
83101.77795,847398.1162,Griomasaigh
82904.10031,842963.1964,Tholmair
80402.68506,847821.0306,Creag Ghoraidh
80782.76023,845110.4196,Rubha Ghaisinis
82166.04302,848408.6288,Cill Eireabhagh
81394.91323,848195.5573,Haclait
83308.80116,840426.7856,Moorlands
83434.10816,843624.783,Number 2
86142.12237,848270.1199,No 4A
81120.56039,844998.2895,Allt Dubh
80274.12618,842076.5557,Abhainn Dubh
80860.57327,840380.2233,Abhainn a' Mhuilinn
80201.40146,848162.2844,Lochanan Beaga Creagorry
82457.91393,841672.874,C<f>&#x00e0;</f>slub
80878.4494,844514.9514,Loch Naid
82722.83296,842481.4862,Loch Shnathaid
83946.86714,846995.1573,Loch Chill Eireabhaigh
85034.12463,847745.1176,Oban Uaine
81212.38576,848700.5399,<f>&#x00d2;</f>b S<f>&#x00e0;</f>ile
86303.22503,848189.8262,Tom Luachrach
85617.15918,849149.464,Loch B<f>&#x00e0;</f> Alasdair
81933.93266,849393.3569,Loch Hi<f>&#x00f9;</f>rabhagh
81125.46622,849964.2998,Trolamul
84986.14676,844588.9455,Steiseigh
86026.50925,847484.1883,Loch a' Laip
86736.93193,847979.5109,Loch na B<f>&#x00e8;</f>iste
80278.14262,840233.0342,C<f>&#x00e0;</f>rn Easbuig Eoin
81530.28432,840217.2658,Ceann an Tairbeirt
82741.23866,840915.9059,Meall Dubh
83204.98943,840834.3162,Rubha Meadhonach
83714.09019,840510.0617,Rubha Bhuailte
83262.97778,840968.358,Rubha Buidhe
84706.30036,840461.4629,Camba
85751.57963,840449.1526,Rubha Caolas Liursaigh
84581.03033,841183.1568,Creag a' Chuilbh
80108.57089,844475.8769,Druim na h-Imrich
80544.0116,844288.5093,Cnoc Breac
82676.57231,843059.0537,Sandwick
81798.88048,844903.2861,Rubha an Stroim
82510.10826,850011.9388,Beinn Na Faoghla
85255.7772,846600.8884,Cleit Nan Laogh
83148.13158,843410.6459,Dioraigh
85391.24677,844314.9534,Rock Cleite Steiseigh
85052.48524,846216.5553,Triallabreac
84503.38979,846132.2365,Eilean na Cille
86575.78067,840511.3689,Liursaigh Dubh
86769.92607,840195.099,Liursaigh Glas
82371.6926,844798.9475,Rhughasinish
84127.10673,843073.6272,Gasaidh
84779.03834,845211.8253,Scuday Dubh
85657.21843,844990.1767,Lingeigh
86698.35454,844714.5426,Reagam
81858.06662,846886.0736,Oitir Bheag
88468.69969,849699.3628,M<f>&#x00e0;</f>itheigh Glas
83651.32146,840930.6912,Direy Dhubh
84218.05489,840568.4165,Direy an t-Sruith
85506.59555,840702.5914,Eilean a' Chinnbhioraich
83566.85841,844630.3172,Tathanais
85004.19953,840197.1821,Eilean Roinich
84012.97347,840458.0426,Direy an t-Struith
84494.63209,845546.628,Fodragaigh
82369.15494,844062.0484,<f>&#x00c0;</f>ird-nan-Laogh
81007.24689,847176.6246,Ard-an-eoin
85064.89074,846814.664,Loch Chearabhaigh
82158.74353,843712.2621,Loch C<f>&#x00e0;</f>rnan
84147.8933,845838.5053,Fodragaigh
83599.25672,841299.8178,Caltinish
82200.96624,846199.7357,B<f>&#x00e0;</f>gh nam Faoileann
89102.44744,848045.6545,The Little Minch
87477.50407,841245.7321,The Minch
82124.47529,855607.2103,Gramasdail
82936.21062,855482.1938,Caolas Fhlodaigh / Kyles Flodda
86107.85441,858019.8809,Seana Bhaile
87291.13518,856319.9801,B<f>&#x00e0;</f>gh M<f>&#x00f2;</f>r
87911.02385,855038.5984,Ceallan / Kallin
85752.43124,858941.2311,Cladach Chairinis
84726.28298,859395.8344,Cnoc Cuidhein
84881.14593,857584.76,Baile Glas
84382.75137,857323.8544,Aird nan Str<f>&#x00f9;</f>ban
85347.73787,856769.5634,Rubha Dubh
85529.57518,855908.2296,Scotbheinn
84495.01599,855132.7135,Flodaigh
85823.49979,857586.1223,Gearraidh Dubh
84348.21372,858769.0818,Quarry Sand And Shingle
88791.79501,859015.029,Eabhal
80725.21153,853657.6263,Market Stance
79891.50971,853944.3878,Moor Cottage
81150.43549,855864.9163,Gramsdale River
81928.38352,851309.3326,Allt Chruaidh
81132.91146,851261.1655,A' Ghlas-abhainn
82396.5083,853657.132,Benbecula
82723.75979,850959.2053,Loch Shiurabhagh
83199.64183,852820.5108,Loch na D<f>&#x00e8;</f>ighe fo Dheas
81795.57039,852884.7415,Loch B<f>&#x00e0;</f> Una
80705.36361,853220.6574,Loch a' Bhursta
80354.32628,851258.2076,Loch na Faoilinn
81340.99698,852007.3634,Loch nan Clachan
82821.04383,854069.5463,Dubh Loch
82626.22008,852479.7659,Loch Heirmeadail
85773.32234,856697.1174,Loch Carabhat
86852.9915,856670.442,Loch na Faoileag
86566.18461,857174.3709,Loch Hornaraigh
83329.31336,854095.8629,Loch na B<f>&#x00e8;</f>ir<f>&#x00e8;</f>
89848.62895,855819.1016,Loch na Leig
84487.22844,858556.9022,Loch Leacach
85925.17195,856008.1085,B<f>&#x00e0;</f>gh Dubh
81474.01363,854849.2386,Loch Olavat
80483.17109,850257.242,Loch Olabhat
86931.00841,855117.756,Oban Uaine
89909.1752,857038.3464,Ronaybeg
82350.07027,858793.3516,Eilean nam Muca-mara
80904.94954,859889.4748,Eilean nan Radan
82449.89401,858910.9138,Rubha Buidhe
82694.00547,859039.794,Gob Guirmein
82791.15245,859655.322,Eilean na C<f>&#x00f2;</f>-stri
82789.09936,859175.9428,Aird Salach
83324.24984,859255.3716,<f>&#x00c0;</f>ird nan Sr<f>&#x00f9;</f>ban
87367.7368,859673.3881,Ceann Airigh an Obain
88884.29794,858796.0414,Eilean nan Gamhna
86738.97362,852418.2435,Fuidheigh Beag
84748.22704,858491.4824,Eilean a' Ghiorr
88644.76346,852505.6866,Maragaidh Beag
88312.70184,857737.2574,Gairbh-Eilean Ronay
88040.01135,850006.4705,M<f>&#x00e0;</f>itheigh Riabhach
87273.98754,851811.1907,Glas-eilean
84792.55948,854260.9752,Lingeigh
86386.48633,854852.7092,Calabheigh
80135.75032,858130.3692,Sr<f>&#x00f2;</f>maigh
83995.98999,856635.2285,Eilean M<f>&#x00f2;</f>r
83763.42522,857224.1903,Eilean na h-<f>&#x00c0;</f>irigh
88166.73068,858203.2567,Eilean Buidhe
84004.62685,858830.1022,Eilean Leathann
89064.87661,852592.9148,Maragaidh M<f>&#x00f2;</f>r
88581.23616,855293.814,Garbh Eilean M<f>&#x00f2;</f>r
88343.21547,857861.0521,Eilean an Fheoir
89279.62826,858588.8711,Eilean na h-Iolaire
86461.63396,851128.1853,Bearran
87810.74452,853999.0855,Eilean Leathann
83197.40219,856947.4605,Eilean nan Clach Corr
84196.99322,856736.735,Eilean na Dairbe
84470.27891,859660.4921,Knock-cuien
89411.3096,851939.3961,Greanamul
86814.81267,850078.8248,Uskavagh
81731.41483,858970.2997,Rubha nan R<f>&#x00f2;</f>n
87630.90807,858421.5571,B<f>&#x00e0;</f>gh Rubha Bhuailte
86651.2768,858580.043,Loch Fada
85641.01031,851745.3932,Orasaigh
87904.94026,858946.7547,Liernis
84325.26046,854520.0375,Caolas Fhlodaigh / Kyles Flodda
84868.62698,850483.7185,Loch Uisgeabhagh
85925.94367,857786.642,Seana Bhaile
85508.37821,856977.2319,Griomasaigh / Grimsay
83802.1408,856501.4372,Loch Nighe
88784.32036,853667.8858,The Little Minch
88870.88567,853494.7589,The Minch
81265.65151,863886.125,Clachan na Luib
83206.28296,863773.6849,Loch Euphort
81775.58211,860235.8514,Cairinis
81961.78353,861698.1251,Corunna
80393.05153,862580.325,Samhla View
80213.52832,862973.6603,Sea Breeze
81368.1493,862572.9155,Creag-Liath
79967.32208,863820.923,Crois Moireaig
83956.06312,865085.9676,Langass Lodge
82599.91628,868834.2448,Allt na Seilicheag
83379.72186,865202.6852,Abhainn Ideidh
82685.06163,868410.4419,Allt nan Searrach
89525.572,868356.2073,Garbh-Abhainn Iosal
87670.18078,868530.654,Garbh-Abhainn <f>&#x00c0;</f>rd
80082.57136,869620.2327,Marieabhal Sruthan Garbh
81300.3492,867838.5292,North Uist
82501.47141,862387.3201,Loch an Iasgaich
86021.18762,860649.2971,Loch 'ic Colla
88097.172,868331.7595,Loch na Garbh-Abhainn
86356.4445,860003.5265,Loch nan Garbh Chlachan
83547.77695,860846.702,Loch nan Cuileag
88871.95668,868986.2218,Loch Sgealtair
87327.25954,864883.5045,Loch Tarruinn an Eithir
85786.2699,862674.1384,Loch na C<f>&#x00f2;</f>innich
82967.21404,864175.4866,B<f>&#x00e0;</f>gh na Tarruing
82596.9137,864435.8038,Loch nan Smalag
80850.60857,864588.542,Loch nan Str<f>&#x00f9;</f>ban
82094.72605,861399.3032,Loch nan Clach
81039.5342,862974.3654,Loch Leodasaigh
89459.40877,865849.1486,Loch an Tairbeirt Stuadhaich
89322.3804,866176.5308,Loch De<f>&#x00f2;</f>ireabhat
87995.49245,867339.8113,Loch a' Bhuird
84659.73213,866199.6165,Loch na Moracha
86577.90229,862450.3992,Loch na Ceithir-Eileana
82321.83786,865338.2709,Loch Tormasad
81833.77116,863975.5732,Oban a' Chlachain
80594.3271,864873.5745,Loch nan Struban
80168.99449,860741.8502,Tr<f>&#x00e0;</f>igh Eachcamais
89450.19046,868757.5394,Loch Sgealtair
89748.22242,867699.1199,Loch na Ciste
80898.19608,863848.9325,Loch nan Caorach
82965.30681,863494.3536,Oban na Curra
83344.01506,868840.6527,Airigh nan Seilicheag
88079.73117,869315.7486,Fliseabhal
85170.40975,864726.1129,Loch Langais
87526.40321,866442.5048,Loch Scadabhagh
84153.50607,862141.5827,Loch Carabhat
80429.71954,863951.1609,Claddach Cumhang
81174.38022,862351.6588,Claddach-baleshare
86052.60027,870003.3386,Eilean Dubh M<f>&#x00f2;</f>r
89362.61635,869215.8822,Cnoc nan Cuigeal
79840.05335,861893.8321,Cnoc Buaile Raibhach
80849.9508,860721.9484,Eilean Biorach
89986.4423,868016.3577,Cnoc an Amhaire
79872.83905,862128.7306,Cnoc a Bharaille
80876.96379,861018.4803,Eilean M<f>&#x00f2;</f>r
89442.76729,861727.1945,Eilean Fada
85113.18962,863827.0323,Steiseigh
83147.74933,863951.8963,B<f>&#x00e0;</f>rra-Mhail
88255.41614,860417.6323,Loch Obasaraigh
89523.05033,862227.0307,Loch Obisary
83831.10716,867048.0246,Loch nan Eun
84284.08685,868389.3802,Loch Sgadabhagh
84156.90998,863822.2479,Loch Euport
80337.50259,861210.4701,Eilean nan Carnan
80573.64167,874560.4594,Solas
89295.55902,877107.9381,Baile Mhic' Ph<f>&#x00e0;</f>il
87677.28889,874957.0453,Clachan Shannda
86778.36432,874844.4849,Trumaisgearraidh
85834.98675,874057.0817,Athm<f>&#x00f2;</f>r
89580.2427,871029.4646,Blathaisbhal
89636.73887,878328.7287,Port nan Long
89302.96747,870226.1519,Abhainn Galtarsay
81516.14771,872555.7335,Abhainn Eashader
88177.59546,876811.8652,Allt Gulabaidh
82775.99735,872681.2201,Abhainn na Beinne Duibhe
87429.42862,872606.2809,Abhainn Hungavat
83145.60209,870525.1696,Allt nan Seilicheag
82636.77163,874204.0824,Abhainn <f>&#x00e0;</f>' Mhuilinn
86184.63876,873684.6863,Allt na Liana Glaise
86901.62103,871926.7694,Allt Chiasacro
85008.60816,873290.3049,Allt B<f>&#x00e0;</f>-Finne
87947.07907,874844.5575,Oban nan Sruthan
87100.19888,873638.678,North Uist
88254.62972,874399.9115,Bogach Vallaquie
85595.8624,876307.9501,Vallaquie Strand
89310.09069,874109.8122,Loch Br<f>&#x00f9;</f>
88167.66003,871935.1065,Loch Bhereagbhat
80708.17041,872632.9779,Loch Eisiadair
88680.76635,870403.5229,Loch Galtarsaigh
84702.2745,870070.4962,Loch Scadavay
89092.4471,873870.64,Loch an Duin
87076.12863,872270.4422,Loch Hungabhat
85625.1389,873894.0881,Loch Aonghais
84380.57359,876071.9328,Oronsay
82921.18441,876562.2294,Tr<f>&#x00e0;</f>igh Ear
85609.41778,875207.3743,Tr<f>&#x00e0;</f>igh Bh<f>&#x00e0;</f>laig
89902.66391,872008.0294,Bac-a-stoc
89211.54566,873024.9733,Siginish
88852.79335,872837.2518,Aileodair
88335.50035,875948.1891,Oaval
83145.14849,878822.3188,Hamaran
82329.70226,877762.3266,Udal
85638.93344,874873.5329,Lingeigh
89902.98233,873849.2881,Airighean Dubha
85375.40565,875064.8449,Greineam
89834.53743,873147.4498,Bhoisinis
84540.21207,872714.4492,Loch nan Geireann
89443.22464,878652.3111,Rubha na h-Iulain
89519.69528,879955.3575,Eilean an D<f>&#x00f9;</f>nain
89629.12823,879035.1265,Oitir Mh<f>&#x00f2;</f>r
87453.4035,871036.0063,<f>&#x00c0;</f>ird Fhada
88292.41776,872810.3506,Cnoc nan Gobhar
86380.37587,876072.8962,Machair Robach
89116.65274,874314.1852,<f>&#x00c0;</f>ird Fada
82940.61297,875322.4997,Skibinish
87029.06512,871423.8456,Eilean Mossam
87497.32674,874697.9317,Knock Ruchgy
89418.78622,872890.4681,Orasay
82413.97829,878646.8079,Rubha Huilis
79907.34228,872818.8728,Druim Airigh na Creige
87636.68978,870531.4196,Loch Fada
84973.28815,874324.192,Ahmore
82261.65129,875286.3461,Grenitote
84529.15159,879279.1901,Caolas a' Mh<f>&#x00f2;</f>rain
81674.11241,869943.8122,Beinn na h-Aire
89363.8572,872584.4661,Loch na Buaile
87285.78177,887599.5175,<f>&#x00d2;</f>s
84747.33651,880904.5018,Hoanan
89396.77793,880441.2241,Cnoc nan Claigeann
86942.82769,887377.5542,Rubha <f>&#x00d2;</f>s
86072.71385,881904.8358,Rubha nan Cudaigean
85967.32179,880372.5854,An Corran
85368.57077,884197.8841,Spuir
87999.34818,886282.9388,Cuidhnis
88179.55656,889435.0922,Caolas Shiolaigh
89252.50829,885072.4627,Caolas Phabaigh
86207.47377,885814.5284,Caolas Spuir
84737.42354,881278.0529,Loch M<f>&#x00f2;</f>r
87499.59431,890587.992,Siolaigh Bheag
87784.61412,890650.4584,Aird an Laoigh
87944.79247,891247.0083,Siolaigh
90546.95971,857285.2387,Rubha an Tairbh
91756.38174,858067.8564,Flodaigh Beag
91265.84036,857878.2069,Duibh-eilean
90885.40797,857886.8828,Haunaray
91096.2714,857373.2011,Flodaigh M<f>&#x00f2;</f>r
90062.64037,858875.7569,Beinn na h-Aire
95000.16185,854845.6844,The Minch
95000.15914,855445.6775,The Little Minch
91198.99187,859445.3927,Loch a' Ghe<f>&#x00e0;</f>dais
91983.77157,868632.1171,Loch nam Madadh / Lochmaddy
90756.92418,868968.9262,Sruth M<f>&#x00f2;</f>r
90592.44977,868269.6921,Srom Ban
92133.75349,869797.1815,Sponish Farm
93101.87733,864918.6929,Abhainn Loch na Leige
93583.44333,866944.6262,Allt Gleann-t<f>&#x00f9;</f>is
91078.4847,860334.9071,Loch Surtavat
90149.69933,867171.4602,Loch a' Chonnachair
92289.04658,862553.605,Loch Crogabhat
92169.76724,860893.2493,Loch an Tomain
91515.27377,861894.5701,Loch a' Ghlinne-dorcha
90290.40623,864945.9061,Loch Thundair
91107.22005,866671.4672,Loch na Hostrach
90194.39613,869283.5857,Loch an t-Sruith Mh<f>&#x00f2;</f>ir
94857.77808,869629.3779,Coill
91483.11839,869582.9972,Loch Houram
90361.59044,865471.4814,Loch Sgadabhagh
94389.27068,865267.0803,Creag na h-Iolaire
91873.1682,866328.2611,Buaile <f>&#x00c0;</f>ird
93299.95929,867079.1301,Creag a' Chriobhain
91963.01011,867636.9693,Cam-<f>&#x00c0;</f>rd-M<f>&#x00f2;</f>r
91540.44549,868373.2661,Cnoc a' Bh<f>&#x00e0;</f>thaich
92392.74459,863533.252,Cnoc Mhic Fhionnlaidh
94199.69306,867225.2261,Meall na h-Acairseid
94408.80783,867521.8134,Rubha Mhic-ille-mhalaidh
91969.63098,867335.7917,Eilean Bh<f>&#x00e0;</f>laig
92790.58455,867802.2546,Ruigh Liath
93074.19548,867961.0189,Fathoire
93272.0409,868624.4501,Hamarsaigh
91316.08802,869366.0269,Rubh'an t-Sruith Bhig
93268.40073,869953.2683,Fearamas
90586.77353,863179.2716,Riobhag Mh<f>&#x00f2;</f>r
91696.92796,861421.9627,Druim na h-Uamh
89914.02419,864520.6631,Ceann B<f>&#x00e0;</f>gh S<f>&#x00ec;</f>th
92252.85301,868438.2345,Eilean Phail
91379.32591,867883.5319,Eilean Leireabhagh
92831.77003,863253.6043,Eilean an St<f>&#x00ec;</f>obuill
94615.89927,866863.5111,<f>&#x00c0;</f>ird nam Madadh
94753.50168,867609.5682,Rubha nam Pl<f>&#x00e8;</f>ac
90865.63041,863034.8348,Eilean Dubh nan Uan
91115.23259,863543.5264,Rubha nan Gall
91203.40661,863365.6664,Eilean Mhic Shealtair
91803.04475,863583.2967,Creag nam Bodach
92379.28575,863359.6355,Rubha na Rainich
92801.53026,863124.2637,Rubha Mhic Gille-mh<f>&#x00ec;</f>cheil
93910.60225,864369.2715,An t-Aigeach
90513.85424,864817.5991,Loch Nighe
94015.7805,869944.1822,Flodaigh
93880.73517,868987.8078,Loch Maddy / Loch Nam Madadh
97220.07064,865445.6203,The Little Minch
97120.07439,865045.6218,The Minch
95705.74433,874370.2001,Tobha Beag
96026.54682,873229.3863,B<f>&#x00e0;</f>gh a' Ch<f>&#x00e0;</f>ise
92535.73203,872005.3952,Lochportain
95954.05284,870547.1631,Abhainn Scalan
91051.34515,875924.9696,Abhainn na Carnaich
95922.51699,870994.0675,Abhainn Loch Gille-ghoid
92563.142,873647.7956,Loch Teargabhat
96109.50156,873370.5469,Cheese Bay
96330.55956,872047.7395,Loch na Cointich
95384.24919,872479.5364,Loch na Dubhcha
94811.34329,872363.7093,Loch an t-Sagairt
90412.70505,875013.8144,Oban Honary
90091.43336,874623.7134,Loch an Armuinn
94823.52836,874785.5665,Loch Aulasary
95057.21271,871863.6461,Loch na Caiginn
95335.52064,872263.3079,Loch an D<f>&#x00f9;</f>in
95825.77234,871303.5133,Loch Gille-ghoid
96429.3489,873462.6748,Strom
91765.61296,876986.473,Loch Iosal an D<f>&#x00f9;</f>in
94439.02003,871255.1242,Cama-loch
95431.64655,874412.9242,Hoe Beg
93992.94315,871458.1342,Loch Portain
95424.81269,871168.4777,Loch na B<f>&#x00e8;</f>iste
98326.63442,874937.7393,Hulmetray
90111.67386,870671.8727,Collastrome
96084.13743,873551.8999,Tigh-na-hoe
91116.29726,874353.4291,Hestram
91841.8816,872474.2206,Aisgernis
99173.47743,873435.6543,Big Reef
90302.13664,878897.8198,Screvan
92231.05238,873694.8439,Stolie
91851.92873,875217.4982,Teilem
92610.09805,875623.7238,Frobost Island
91572.97974,875037.9905,Aird M<f>&#x00f2;</f>r
92210.64005,876319.7461,Cnoc M<f>&#x00f2;</f>r Thormaid
91835.6479,877531.7391,Rubha na h-Aibhne Duibhe
94508.54175,870111.5109,Flodday Point
94275.04174,870518.6673,Rubha Raibeart
95427.59471,869997.1533,Beinn Sg<f>&#x00e0;</f>par
96605.69335,870625.3402,Creag Scalan
91012.99924,873306.3726,<f>&#x00c0;</f>ird a' Chonnaidh
94857.14742,871408.5761,Cnoc nan Corr
94837.92654,871604.1719,Rubha na Murla
94395.11702,872716.0184,Cnoc Beag an t-Sagairt
94892.21787,872856.3816,Cnoc M<f>&#x00f2;</f>r an t-Sagairt
96298.26468,871241.4591,Beinn an Fhaireachaidh
97537.69123,871813.8407,Rubha an Duine
97318.00566,873297.0649,Ceann a' Mhuir
92160.57572,875619.2225,<f>&#x00c0;</f>ird Thanais
92205.08433,877120.3448,Aird na Muile
90309.86417,878362.5263,Beinn a' Chaolais
91909.57856,870179.196,Callum More
91371.21862,870173.8873,Eilean nam Faoileag
93343.55286,870291.9962,Cliasaigh M<f>&#x00f2;</f>r
92794.46198,870497.5191,Cliasaigh Beag
92287.66798,877839.2407,Greanem
91945.13499,878714.2493,Torogaigh
98076.52119,876057.9383,Opsay
91962.67244,872076.0486,<f>&#x00c0;</f>ird na Craoibhe
90705.12699,874713.7429,Mealla Br<f>&#x00f9;</f>
92283.93296,874227.7103,<f>&#x00c0;</f>ird Innis
91478.30662,874689.2596,Eilean Fhionnlaidh
93438.66044,870680.9555,Eileanan Dhomhnuill
97170.34585,871458.6011,Creag Mhiorbhuilt
94562.92541,874131.6585,Rusgaigh
98012.88725,873272.4337,Gr<f>&#x00f2;</f>daigh
94238.48544,875704.7581,Rangas
94866.03871,876083.9792,Votersay
95810.94605,876002.3926,Sursay
96877.21373,876184.9059,Gaisgeir
97366.55603,875815.5372,Sarstay
97577.51838,877002.5034,Narstay
96393.92651,879382.3232,Sgeir a' Ch<f>&#x00e0;</f>il
99527.74351,874858.5881,Greanem
91886.90442,873189.9109,Cnoc na Brathain
94112.10975,874378.6929,Hestram Stromay
98051.3252,874120.354,Fuam
96170.15553,874552.1451,Trollaman
93187.46505,875570.2865,Craobhagun
90812.89503,879706.5767,Caolas Bhe<f>&#x00e0;</f>rnaraigh
96693.83257,876670.8978,Seolait Mhic Neacail
93945.44807,873318.0429,Loch Amhlasaraigh
96327.81191,875080.2058,Tahay
97707.04158,874608.4227,Vaccasay
98928.76344,873818.512,Hermetray
97555.44003,872449.2337,Cr<f>&#x00f2;</f>gearraidh na Thobha
90445.96595,876943.4409,Beinn Bhreac
91793.48047,871234.7072,Ceallasaigh Beag
92662.99891,871351.1706,Loch Maddy / Loch Nam Madadh
93398.6495,874230.6563,Sr<f>&#x00f2;</f>maigh
95736.32367,873874.3914,Tobha Beag
91462.36281,871939.1953,Ceallasaigh M<f>&#x00f2;</f>r
90488.37913,873184.8375,Loch na Buaile
95300.02469,878352.0593,Sound of Harris
99132.17021,889630.3226,Taobh Tuath
92306.85956,881929.1637,Ruisigearraidh
92924.85827,881512.8481,Baile
91838.03679,880781.2672,Borgh
98274.63529,886512.9052,Ensay House
99941.28854,887778.6248,Kyles Lodge
97923.76321,884088.2591,Killegray House
90902.29066,881160.807,Abhainn Bhuirgh
99876.02063,888704.1902,Gleann Choisleitir
99598.24702,889196.1752,Abhainn Druim a' Phuind
93171.64122,881455.531,Tobar Mh<f>&#x00f2;</f>r Mhicle<f>&#x00f2;</f>id
92779.30007,881088.4739,Loch a' Bh<f>&#x00e0;</f>igh
91741.49819,882415.0817,Loch Bhrusda
92757.07038,883741.3446,Rogh
90893.8767,881550.349,Sgalabraig
97331.43989,886873.8672,Tr<f>&#x00e0;</f>igh Mh<f>&#x00e0;</f>nais
91870.85119,882080.4861,Trealigarry
99915.42615,885819.5936,Suam
90202.95981,887007.5791,Rubh' an t- Seana-chaisteal
90813.2085,887797.9582,Rubh' a' Bhaile Fo Thuath
98783.18502,889499.0165,Clett Druim a' Phuind
90473.36578,888005.3969,Baile-fo-thuath
90077.14149,889155.6931,Brenish Point
98460.32938,881229.7786,Langa Sgeir
99554.78337,886748.9299,Saghaigh Beag
96406.48063,884896.9301,Sgeir Mhurain
99404.6369,884883.1634,Sleicham
99201.12314,888922.1072,Bideanan
91585.15777,884250.388,Caolas Phabaigh
95899.95973,885645.2262,Sound of Harris
97940.7399,893275.6534,Allt a' Mhaoil
99897.73717,891251.6204,Abhainn Nisishee
97384.90622,893993.8591,Abhainn Leinish
99011.48707,891088.6551,Tr<f>&#x00e0;</f>igh an Taoibh Thuath
93301.04847,893793.9218,Copaigh
98530.51228,890988.2739,Uidh Mheadhonach
95810.33913,894798.258,Eilean Hobri
99361.42376,899531.5036,Bualabhal
97036.18304,894945.1747,Rubha Mas a' Chnuic
99678.20408,898887.0959,Rubha na M<f>&#x00f2;</f>ine
99195.09363,898585.9273,Rubha Sgeirigin
97338.56949,894870.1537,Rubha M<f>&#x00e0;</f>s a' Chnuic
99733.67499,899673.4183,Aird Vanish
98159.9704,893647.8074,Am Maol
96329.43716,892713.3216,Taobh Deas
96918.51242,894371.3621,M<f>&#x00e0;</f>s a' Chnuic
99306.79528,895584.4931,Sound of Taransay
93267.54806,891922.6135,Sound of Harris
